seed,batch,n0,n1,population_logloss,sample_logloss,population_gap,sample_gap,risk_error,gap_error,risk_radius,gap_radius,risk_covered,gap_covered,fixed_risk_covered,fixed_gap_covered
0,1,136,120,0.6931471805599453,0.6931471805599453,0.0,0.0,0.0,0.0,3.7691017170657863,6.038900791796482,1,1,1,1
0,2,160,96,0.534008492058319,0.5403077499073882,0.0009773458709456551,0.0013992844492909731,0.006299257849069151,0.000421938578345318,3.7691017170657863,6.178163628679769,1,1,1,1
0,3,106,150,0.4413438091574018,0.43855568842156945,0.00010174873184695969,0.0004964339501934926,0.0027881207358323445,0.0003946852183465329,3.7691017170657863,6.0983174631057295,1,1,1,1
0,4,117,139,0.36726660728540833,0.3888605593786637,0.0026184849969584194,0.0006582212667037,0.021593952093255375,0.0019602637302547194,3.7691017170657863,6.046832986604354,1,1,1,1
0,5,124,132,0.29907119785289393,0.2992179763583712,0.0007869706174125106,0.0018662174140582702,0.00014677850547728521,0.0010792467966457596,3.7691017170657863,6.03225232233578,1,1,1,1
0,6,153,103,0.2896254163030886,0.3048518612495837,0.0016642883422788622,0.0015365720156037023,0.01522644494649511,0.00012771632667515995,3.7691017170657863,6.118780416286548,1,1,1,1
0,7,122,134,0.2864952590395088,0.2587196716254864,0.0006691622511187331,0.0006797477652582215,0.027775587414022362,1.0585514139488383e-05,3.7691017170657863,6.035019058016614,1,1,1,1
0,8,128,128,0.2863122417784493,0.31031795100454984,0.0001821672695674387,0.001367350494072217,0.02400570922610057,0.0011851832245047783,3.7691017170657863,6.030042481101548,1,1,1,1
0,9,135,121,0.22110628842798938,0.2145030044127643,0.002654433848930682,0.006133260231290627,0.006603284015225086,0.003478826382359945,3.7691017170657863,6.036820084753119,1,1,1,1
0,10,148,108,0.22018143286321287,0.24095284931927552,0.0009273184594649777,0.00010491005229452705,0.020771416456062647,0.0008224084071704506,3.7691017170657863,6.086252178924144,1,1,1,1
0,11,141,115,0.24078535183563868,0.2259063481518345,0.0035444908175221567,0.004945100523868758,0.014879003683804182,0.0014006097063466016,3.7691017170657863,6.053544246392822,1,1,1,1
0,12,116,140,0.21170474709613332,0.19665987528382703,0.0005628766775125182,0.0026279117093380936,0.015044871812306293,0.0020650350318255754,3.7691017170657863,6.05004518830987,1,1,1,1
0,13,125,131,0.2528168454191465,0.3150748681680788,0.0028085545987666296,0.00025027143973902497,0.062258022748932274,0.0025582831590276046,3.7691017170657863,6.0312851293365455,1,1,0,1
0,14,108,148,0.19933659503268636,0.21539136286478505,0.0023599976194870215,0.0055035445927915875,0.016054767832098693,0.003143546973304566,3.7691017170657863,6.086252178924144,1,1,1,1
0,15,155,101,0.22555239432666824,0.25791806712502174,0.008027016791992699,0.016709283540478022,0.032365672798353506,0.008682266748485323,3.7691017170657863,6.134045657981252,1,1,1,1
0,16,143,113,0.1959721128357003,0.2218824234221467,0.002135760811785581,0.00593193423166548,0.02591031058644641,0.003796173419879899,3.7691017170657863,6.0614107680064695,1,1,1,1
0,17,114,142,0.266412841771404,0.25218991292418375,0.0008744930929210715,0.000964763910350734,0.014222928847220262,9.027081742966252e-05,3.7691017170657863,6.057332078158741,1,1,1,1
0,18,143,113,0.2321176249166272,0.24711144021447684,0.004880724892567207,0.008271999754678117,0.014993815297849628,0.00339127486211091,3.7691017170657863,6.0614107680064695,1,1,1,1
0,19,186,70,0.24091473397203006,0.21819587620909534,0.0003738955762436171,0.00019294215169174845,0.022718857762934724,0.00018095342455186868,3.7691017170657863,6.578197955307224,1,1,1,1
0,20,171,85,0.259563234888167,0.2829442392673482,0.000213113639347398,0.00040279815844430477,0.02338100437918117,0.00018968451909690676,3.7691017170657863,6.308404000115543,1,1,1,1
0,21,170,86,0.22628433359594902,0.2580941162051845,0.0018724965338412468,0.002803736027983855,0.031809782609235504,0.0009312394941426083,3.7691017170657863,6.294491181834042,1,1,1,1
0,22,156,100,0.2806659518076201,0.30533498270401305,0.0013519857705767738,0.0044546890515492175,0.02466903089639294,0.0031027032809724437,3.7691017170657863,6.14217858989092,1,1,1,1
0,23,155,101,0.24779097923913038,0.22339642084173672,0.0026826207826241713,0.0026458175027239093,0.024394558397393656,3.6803279900262005e-05,3.7691017170657863,6.134045657981252,1,1,1,1
0,24,160,96,0.20471304026958873,0.17979192476042744,0.0015553633143561836,0.004476547882780197,0.02492111550916129,0.0029211845684240134,3.7691017170657863,6.178163628679769,1,1,1,1
0,25,164,92,0.2947723784123013,0.2950907566991679,0.0005414456396436624,0.0008813524434295352,0.0003183782868665941,0.0003399068037858729,3.7691017170657863,6.219952210379759,1,1,1,1
0,26,159,97,0.33667851271472893,0.37016849894718085,0.0010999925670617363,0.0014321346707831008,0.03348998623245192,0.0003321421037213645,3.7691017170657863,6.1686384860098045,1,1,1,1
0,27,176,80,0.18579802100432952,0.15211059732722873,0.00043051427440579746,0.002858932750630155,0.033687423677100786,0.0024284184762243576,3.7691017170657863,6.3849524788219725,1,1,1,1
0,28,179,77,0.3204211583755051,0.36384263784055537,0.0005530756832675463,0.005174164322206347,0.04342147946505026,0.004621088638938801,3.7691017170657863,6.4368985483580925,1,1,1,1
0,29,169,87,0.2769030597784253,0.2774388427458852,0.0016752275812033637,0.003353434934977014,0.0005357829674599301,0.0016782073537736503,3.7691017170657863,6.281019297930367,1,1,1,1
0,30,168,88,0.2934356239157062,0.3452449701229807,0.004388968950269067,0.0036985455245019715,0.05180934620727451,0.0006904234257670951,3.7691017170657863,6.2679787291947004,1,1,0,1
0,31,164,92,0.23419454734632306,0.17351284704228165,0.0003374475347214734,0.005591660746292398,0.06068170030404141,0.005254213211570925,3.7691017170657863,6.219952210379759,1,1,0,1
0,32,165,91,0.19584284536130342,0.16933792743619752,0.001886915516412205,0.0034015113988815323,0.026504917925105898,0.0015145958824693273,3.7691017170657863,6.231355204389332,1,1,1,1
0,33,180,76,0.23920740113464659,0.203157037846232,0.00037718766971442884,0.001914584469646749,0.03605036328841457,0.0015373967999323202,3.7691017170657863,6.455297393433148,1,1,1,1
0,34,94,162,0.22904538277516756,0.22047585134977607,0.007028321860579967,0.009164451438416784,0.008569531425391491,0.002136129577836817,3.7691017170657863,6.198307261440859,1,1,1,1
0,35,72,184,0.23762152509849016,0.30257850344217796,0.0016462103871825802,0.000105090935671574,0.0649569783436878,0.0015411194515110062,3.7691017170657863,6.534729870106683,1,1,0,1
0,36,37,219,0.29240243547098754,0.3278949644421095,0.008105415460546488,0.007957281455091674,0.035492528971121984,0.0001481340054548131,3.7691017170657863,7.9128381981338,1,1,1,1
0,37,42,214,0.19415219931295544,0.20396128000033686,0.0074486079227546985,0.0054229391859267305,0.009809080687381427,0.002025668736827968,3.7691017170657863,7.595237431828082,1,1,1,1
0,38,68,188,0.20115174760455218,0.20991806368654506,0.009654126909312674,0.017763791178421307,0.008766316081992881,0.008109664269108632,3.7691017170657863,6.6243805877730475,1,1,1,1
0,39,138,118,0.2196911980974321,0.1727606078210955,0.012811057763958092,0.014870392472997679,0.04693059027633659,0.002059334709039587,3.7691017170657863,6.043905888054216,1,1,1,1
0,40,161,95,0.23604993869513113,0.23580998697014663,0.0036163730969744562,0.00036055397384671204,0.00023995172498450512,0.003255819123127744,3.7691017170657863,6.188051122252272,1,1,1,1
0,41,142,114,0.16129372254836272,0.16104725694409072,0.0050920734308344704,0.0033647817817893137,0.0002464656042719948,0.0017272916490451568,3.7691017170657863,6.057332078158741,1,1,1,1
0,42,112,144,0.1569338746653137,0.16899614769778418,0.14633553246357234,0.12658227313677933,0.012062273032470483,0.019753259326793005,3.7691017170657863,6.065782570720993,1,1,1,1
0,43,90,166,0.3372584237284255,0.33739184339935735,0.000515424466753552,0.0003833213662154736,0.0001334196709318336,0.00013210310053807846,3.7691017170657863,6.2431552412325795,1,1,1,1
0,44,129,127,0.26590903077540273,0.2822027508128801,0.0034112772331348134,0.004377942244588305,0.016293720037477366,0.0009666650114534912,3.7691017170657863,6.030180503963651,1,1,1,1
0,45,128,128,0.24026206522085652,0.21627672686871627,0.0009798301620416697,0.00018874412965818102,0.023985338352140256,0.0007910860323834887,3.7691017170657863,6.030042481101548,1,1,1,1
0,46,135,121,0.24647762092006675,0.22197414281347977,0.001055150638298852,0.006609271891240907,0.024503478106586984,0.005554121252942055,3.7691017170657863,6.036820084753119,1,1,1,1
0,47,167,89,0.2447832284207593,0.2618449592304539,0.0007908273556099861,0.0014310727292385541,0.017061730809694614,0.000640245373628568,3.7691017170657863,6.255360296675076,1,1,1,1
0,48,156,100,0.2860046058996779,0.3030944609268508,0.0027477026869246555,0.003969864703065011,0.017089855027172862,0.0012221620161403553,3.7691017170657863,6.14217858989092,1,1,1,1
0,49,118,138,0.3704533204146381,0.3785227365023084,0.0016471719883459687,0.0017510321279380812,0.008069416087670311,0.0001038601395921125,3.7691017170657863,6.043905888054216,1,1,1,1
0,50,151,105,0.2112033024638557,0.2277708428913858,0.003698375403901678,0.004732264351654234,0.016567540427530086,0.0010338889477525563,3.7691017170657863,6.104819334981264,1,1,1,1
0,51,139,117,0.23498985941923245,0.2182231494440065,0.001709806022161362,0.0003682956855811291,0.016766709975225946,0.001341510336580233,3.7691017170657863,6.046832986604354,1,1,1,1
0,52,143,113,0.16412266460220853,0.15608653868800482,0.003573721621735377,0.0024875639331055246,0.008036125914203718,0.0010861576886298523,3.7691017170657863,6.0614107680064695,1,1,1,1
0,53,141,115,0.1514339265506545,0.17796862633737975,0.0013678707911805046,0.0019574827684836734,0.026534699786725263,0.0005896119773031688,3.7691017170657863,6.053544246392822,1,1,1,1
0,54,132,124,0.22928687072265475,0.21109803334927646,0.0009927951591016944,0.0018789016807212009,0.018188837373378286,0.0008861065216195065,3.7691017170657863,6.03225232233578,1,1,1,1
0,55,112,144,0.18303628547477235,0.1554682779628514,0.0023213362485495926,0.0009723240061886376,0.027568007511920956,0.001349012242360955,3.7691017170657863,6.065782570720993,1,1,1,1
0,56,142,114,0.22798327910731514,0.2192264395708294,0.003735577260561741,0.0048883638900742606,0.008756839536485733,0.0011527866295125196,3.7691017170657863,6.057332078158741,1,1,1,1
0,57,136,120,0.17097239912151507,0.21761003240097998,0.002754481161886113,0.0004451387113994134,0.04663763327946491,0.0023093424504867,3.7691017170657863,6.038900791796482,1,1,1,1
0,58,74,182,0.18878086305823805,0.20770352613757484,0.0009508342394924849,0.0005666736951306185,0.018922663079336793,0.0003841605443618664,3.7691017170657863,6.493812348296622,1,1,1,1
0,59,87,169,0.18818581342173013,0.20755902283877659,0.0036825711233381096,0.003469311097529136,0.019373209417046455,0.00021326002580897372,3.7691017170657863,6.281019297930367,1,1,1,1
0,60,112,144,0.17929339091275537,0.1980274732393461,0.006278741910742831,0.013759018087294428,0.01873408232659074,0.007480276176551597,3.7691017170657863,6.065782570720993,1,1,1,1
0,61,134,122,0.11140496846032326,0.09248165912533968,0.0029653261232237566,0.0073569168692742,0.018923309334983582,0.0043915907460504435,3.7691017170657863,6.035019058016614,1,1,1,1
0,62,142,114,0.4521683383733328,0.4644538652392711,0.11672371671759636,0.167140776096412,0.012285526865938312,0.050417059378815646,3.7691017170657863,6.057332078158741,1,1,1,0
0,63,76,180,0.3360353702678668,0.3401817041851141,0.0001758388166472353,0.00017328813413933913,0.004146333917247336,2.5506825078961542e-06,3.7691017170657863,6.455297393433148,1,1,1,1
0,64,109,147,0.3021155320976321,0.32165753691957527,0.00019606250921696405,0.0005480891678367461,0.019542004821943182,0.00035202665861978205,3.7691017170657863,6.080681837163498,1,1,1,1
0,65,115,141,0.26771278199301785,0.2625551857649735,0.003077068876927793,0.0008597267921982635,0.005157596228044348,0.0022173420847295296,3.7691017170657863,6.053544246392822,1,1,1,1
0,66,120,136,0.2451824892807307,0.25114421696780265,0.004266766671401655,0.000668576643627284,0.005961727687071955,0.0035981900277743707,3.7691017170657863,6.038900791796482,1,1,1,1
0,67,140,116,0.21139570487889664,0.20506100399963928,0.002431124568343865,0.00010345715915512088,0.00633470087925736,0.002327667409188744,3.7691017170657863,6.05004518830987,1,1,1,1
0,68,178,78,0.26973169542193176,0.2973271984583921,0.0022315465814063953,0.0023822218703045198,0.027595503036460356,0.00015067528889812446,3.7691017170657863,6.419051177986525,1,1,1,1
0,69,168,88,0.25125652745274774,0.23007004235879563,0.000627894200513391,0.002989956268397681,0.0211864850939521,0.00236206206788429,3.7691017170657863,6.2679787291947004,1,1,1,1
0,70,147,109,0.25333322184521556,0.24584622165675057,0.008536977321015056,0.005674578679241591,0.007487000188464987,0.0028623986417734646,3.7691017170657863,6.080681837163498,1,1,1,1
0,71,157,99,0.24862374528539916,0.2716739790725637,7.94459294878383e-05,0.0008185902358579175,0.02305023378716453,0.0007391443063700792,3.7691017170657863,6.150651543650131,1,1,1,1
0,72,151,105,0.27567960741371667,0.282845779602101,0.004469647583263531,0.0036559042889831514,0.007166172188384334,0.00081374329428038,3.7691017170657863,6.104819334981264,1,1,1,1
0,73,167,89,0.1961988965471521,0.19597579823487943,0.0011548761911268947,0.0034273173132374924,0.00022309831227268484,0.0022724411221105977,3.7691017170657863,6.255360296675076,1,1,1,1
0,74,118,138,0.30524874284924874,0.370782227150174,0.002495889752975545,0.006847589683061487,0.06553348430092526,0.004351699930085942,3.7691017170657863,6.043905888054216,1,1,0,1
0,75,104,152,0.2247670563092303,0.18449334004584536,0.005572008297727041,0.008679339061903352,0.04027371626338494,0.003107330764176311,3.7691017170657863,6.111638989658647,1,1,1,1
0,76,86,170,0.2051026125705217,0.2134811242082193,0.00312478582810532,0.012750663139576995,0.008378511637697594,0.009625877311471675,3.7691017170657863,6.294491181834042,1,1,1,1
0,77,179,77,1.0981288677301744,1.0139979647221362,0.004210562549220805,0.0032364206795856623,0.08413090300803816,0.000974141869635143,3.7691017170657863,6.4368985483580925,1,1,0,1
0,78,141,115,0.40754410955041365,0.42042540492997754,0.00046039354647176185,0.0005168443024616276,0.012881295379563895,5.645075598986575e-05,3.7691017170657863,6.053544246392822,1,1,1,1
0,79,141,115,0.4546510736760708,0.48842944097155316,0.0008951327047451406,0.00015584819313401322,0.03377836729548234,0.0007392845116111274,3.7691017170657863,6.053544246392822,1,1,1,1
0,80,116,140,0.5679016002213546,0.5071524369579091,0.003042278821179162,0.005462678493487222,0.06074916326344548,0.00242039967230806,3.7691017170657863,6.05004518830987,1,1,0,1
0,81,135,121,0.29626580215918996,0.3288674266701106,0.0002473294553462786,0.002170891679395566,0.032601624510920635,0.0019235622240492876,3.7691017170657863,6.036820084753119,1,1,1,1
0,82,128,128,0.32573613998635254,0.30549394268057195,0.000938507715989887,0.002774737158725994,0.020242197305780585,0.0018362294427361069,3.7691017170657863,6.030042481101548,1,1,1,1
0,83,146,110,0.3169333300874331,0.3025842556104966,0.0017373506568841863,0.0006997417304618657,0.014349074476936452,0.0010376089264223206,3.7691017170657863,6.075415407643043,1,1,1,1
0,84,116,140,0.3073245722443497,0.35021940887747705,0.0015804986769520296,0.00015989552088638368,0.04289483663312732,0.001420603156065646,3.7691017170657863,6.05004518830987,1,1,1,1
0,85,141,115,0.36411939396112036,0.37070794313887034,0.0054340731616999635,0.007530451193494284,0.0065885491777499805,0.00209637803179432,3.7691017170657863,6.053544246392822,1,1,1,1
0,86,143,113,0.9922789789704464,1.0933152848748051,0.007075012294728766,0.008588043107083457,0.10103630590435875,0.0015130308123546907,3.7691017170657863,6.0614107680064695,1,1,0,1
0,87,136,120,0.8117231622152142,0.745493125176528,0.0007785749666314561,0.0005388895538615077,0.06623003703868624,0.00023968541276994833,3.7691017170657863,6.038900791796482,1,1,0,1
0,88,145,111,0.4358030104874998,0.4936219381100252,0.0003303492025746868,0.0006265413777131537,0.057818927622525385,0.0002961921751384669,3.7691017170657863,6.070449915059634,1,1,0,1
0,89,156,100,0.3127435543247026,0.3711832851708642,0.0023099419446498395,0.002383470060624268,0.05843973084616161,7.352811597442863e-05,3.7691017170657863,6.14217858989092,1,1,0,1
0,90,156,100,0.3023089258247549,0.3416019860615752,0.00073287116278512,0.0007372858300871664,0.03929306023682033,4.414667302046413e-06,3.7691017170657863,6.14217858989092,1,1,1,1
0,91,177,79,0.29281147242881556,0.31608652253097713,0.0015310783093347065,0.0038318811751417922,0.023275050102161576,0.002300802865807086,3.7691017170657863,6.401740511200117,1,1,1,1
0,92,191,65,0.264123981950053,0.23906252186555038,0.0001487642387754326,0.002360779667772532,0.025061460084502607,0.0022120154289970995,3.7691017170657863,6.6991481967338915,1,1,1,1
0,93,158,98,0.3005939461253473,0.2675167189878686,0.0028855123063137172,0.0011061558591239189,0.03307722713747868,0.0017793564471897984,3.7691017170657863,6.159469695652374,1,1,1,1
0,94,180,76,0.246184552770973,0.2392921131982479,0.0009949456583838445,0.003463719028848858,0.0068924395727251175,0.0024687733704650133,3.7691017170657863,6.455297393433148,1,1,1,1
0,95,197,59,0.2259506931319127,0.21161582092097309,0.0011985749571853926,0.0021172757710588366,0.014334872210939625,0.0009187008138734441,3.7691017170657863,6.871196453948448,1,1,1,1
0,96,192,64,0.24139080412891062,0.2191319205288757,0.007689357870716201,0.0025626405412481784,0.022258883600034918,0.005126717329468023,3.7691017170657863,6.725638463564038,1,1,1,1
0,97,176,80,0.21348986883725646,0.20594665872696202,0.0028844043598060844,8.115144325169382e-06,0.007543210110294435,0.002876289215480915,3.7691017170657863,6.3849524788219725,1,1,1,1
0,98,174,82,0.2738523601197629,0.2581696286242646,0.006277637630260655,2.802010614284811e-05,0.01568273149549826,0.006249617524117807,3.7691017170657863,6.3528913263242766,1,1,1,1
0,99,179,77,0.2967607335403078,0.3053072893735974,0.0005421937503720204,0.004237181370589921,0.008546555833289615,0.0036949876202179007,3.7691017170657863,6.4368985483580925,1,1,1,1
0,100,180,76,0.289263421522962,0.3791136265472904,0.003666723417931987,0.007891390356265057,0.08985020502432839,0.00422466693833307,3.7691017170657863,6.455297393433148,1,1,0,1
0,101,199,57,0.2804217787158618,0.30533468403758246,0.00016644288675575492,0.004135595534211427,0.024912905321720635,0.0039691526474556725,3.7691017170657863,6.936191527042181,1,1,1,1
0,102,194,62,0.28131233560715996,0.3465287891109065,0.0077717507230394564,0.0007029614430712518,0.06521645350374655,0.007068789279968205,3.7691017170657863,6.781142607721815,1,1,0,1
0,103,207,49,0.3293566411560087,0.26391000436125345,0.006927253528865699,0.007373402441611523,0.06544663679475526,0.00044614891274582374,3.7691017170657863,7.243893562462768,1,1,0,1
0,104,208,48,0.288557979348682,0.33038400486564423,0.0027936487779831112,0.0044515317813202965,0.04182602551696224,0.0016578830033371853,3.7691017170657863,7.28868632089376,1,1,1,1
0,105,152,104,0.3125445048888307,0.31986665772514433,0.02118885159506398,0.01999976616700681,0.007322152836313656,0.001189085428057169,3.7691017170657863,6.111638989658647,1,1,1,1
0,106,181,75,0.33034753921913385,0.35535624410957733,0.020470473305786205,0.02190727267419492,0.02500870489044349,0.0014367993684087157,3.7691017170657863,6.474263226833822,1,1,1,1
0,107,152,104,0.31317857040419156,0.24800253869741207,0.008547480016238061,0.006477560789373338,0.06517603170677949,0.002069919226864723,3.7691017170657863,6.111638989658647,1,1,0,1
0,108,141,115,0.41302486686070844,0.32103196126533917,0.004680807287816899,0.009528339258932877,0.09199290559536927,0.004847531971115978,3.7691017170657863,6.053544246392822,1,1,0,1
0,109,172,84,0.5641396643191605,0.5806995762576183,5.190528195064478e-05,0.007140069319663548,0.01655991193845774,0.007088164037712903,3.7691017170657863,6.322767834077663,1,1,1,1
0,110,167,89,0.6860975314054388,0.6412411523592899,0.009548084397498657,0.009406041533152644,0.04485637904614892,0.00014204286434601338,3.7691017170657863,6.255360296675076,1,1,1,1
0,111,180,76,0.8489129147603156,0.8771784514068071,0.0019365417752397127,0.0063010628542949105,0.02826553664649145,0.004364521079055198,3.7691017170657863,6.455297393433148,1,1,1,1
0,112,170,86,0.7675810597510054,0.7501401166886995,0.002079610018290676,0.005037424020791378,0.017440943062305925,0.002957814002500702,3.7691017170657863,6.294491181834042,1,1,1,1
0,113,127,129,0.7019131929111779,0.7064704044329392,0.0030623686328763635,0.00806839770875083,0.004557211521761251,0.005006029075874467,3.7691017170657863,6.030180503963651,1,1,1,1
0,114,137,119,0.6731632585087204,0.6988140338867002,0.004274119218490108,0.006139700671274437,0.025650775377979773,0.001865581452784329,3.7691017170657863,6.041262300784574,1,1,1,1
0,115,161,95,0.6205266367028155,0.6050010538460209,0.0011991409625647514,0.0011313390638977572,0.015525582856794617,6.780189866699426e-05,3.7691017170657863,6.188051122252272,1,1,1,1
0,116,111,145,0.6577123346505555,0.6615162140854771,0.0012869004469127062,0.0020564802562233198,0.0038038794349216642,0.0007695798093106136,3.7691017170657863,6.070449915059634,1,1,1,1
0,117,98,158,0.6917129690729851,0.7085493923506585,0.002257106087394996,0.0037861480730477445,0.01683642327767343,0.0015290419856527487,3.7691017170657863,6.159469695652374,1,1,1,1
0,118,136,120,0.6854254093370113,0.6639222353779441,0.0010416310889332244,0.0008137124244721409,0.0215031739590672,0.0002279186644610835,3.7691017170657863,6.038900791796482,1,1,1,1
0,119,121,135,0.7163974274663267,0.6825078502922959,0.00656978369709254,0.010036388074341079,0.03388957717403085,0.0034666043772485387,3.7691017170657863,6.036820084753119,1,1,1,1
0,120,138,118,0.7594496652369761,0.7532122932001422,0.002114360096067504,0.0032006155385298773,0.006237372036833944,0.0010862554424623735,3.7691017170657863,6.043905888054216,1,1,1,1
0,121,120,136,0.8209713790586287,0.8461148981642765,0.03872153557456085,0.03235112291282455,0.025143519105647827,0.0063704126617363036,3.7691017170657863,6.038900791796482,1,1,1,1
0,122,125,131,0.7860075755607043,0.7242520441694635,0.003795430091546927,0.004600278037688338,0.06175553139124079,0.0008048479461414109,3.7691017170657863,6.0312851293365455,1,1,0,1
0,123,115,141,0.8097994542055397,0.8088200262317697,0.009665167390645664,0.007950057737084723,0.0009794279737699307,0.0017151096535609409,3.7691017170657863,6.053544246392822,1,1,1,1
0,124,167,89,0.7346489654491286,0.7661895879630912,0.006373144755927249,0.006146871899158503,0.03154062251396261,0.0002262728567687458,3.7691017170657863,6.255360296675076,1,1,1,1
0,125,156,100,0.7517338384650891,0.7592712800519308,0.002801866828102487,0.005657433059822706,0.007537441586841664,0.002855566231720219,3.7691017170657863,6.14217858989092,1,1,1,1
0,126,119,137,0.7459908859189744,0.7588076032761895,0.001568850816361573,0.009137173588585644,0.012816717357215013,0.007568322772224071,3.7691017170657863,6.041262300784574,1,1,1,1
0,127,169,87,0.692661856879949,0.6827360413619977,0.0016890476623820658,0.002644131013671728,0.009925815517951242,0.0009550833512896621,3.7691017170657863,6.281019297930367,1,1,1,1
0,128,156,100,0.6858910606516434,0.6713467318487597,0.09709467131441685,0.11154192949209475,0.0145443288028837,0.014447258177677905,3.7691017170657863,6.14217858989092,1,1,1,1
1,1,144,112,0.6931471805599453,0.6931471805599453,0.0,0.0,0.0,0.0,3.7691017170657863,6.065782570720993,1,1,1,1
1,2,163,93,0.5350304937097476,0.5381704949431739,0.000982163750789692,0.0013285662050580155,0.0031400012334262817,0.0003464024542683235,3.7691017170657863,6.208938649322981,1,1,1,1
1,3,129,127,0.4401044449629803,0.439982220579235,0.0001027641529509338,3.8627876358760796e-05,0.0001222243837453174,6.4136276592173e-05,3.7691017170657863,6.030180503963651,1,1,1,1
1,4,100,156,0.3672098354512456,0.3742124873995473,0.002630266682728052,0.0008276623942180652,0.007002651948301741,0.001802604288509987,3.7691017170657863,6.14217858989092,1,1,1,1
1,5,144,112,0.29592792995875317,0.2872147142290603,0.0007986918425501918,0.0006881650107873776,0.008713215729692858,0.00011052683176281412,3.7691017170657863,6.065782570720993,1,1,1,1
1,6,129,127,0.2864964124578248,0.24537522242059245,0.0016926601592752522,0.00024461911127927785,0.04112119003723236,0.0014480410479959743,3.7691017170657863,6.030180503963651,1,1,1,1
1,7,126,130,0.2794048096739613,0.2678262367041358,0.0006944730768303638,0.001547992402100364,0.011578572969825507,0.0008535193252700002,3.7691017170657863,6.030594646277397,1,1,1,1
1,8,123,133,0.2825476395030314,0.2572137839695666,0.00018658417460191198,0.0004430078483030266,0.02533385553346479,0.0002564236737011146,3.7691017170657863,6.033496742929528,1,1,1,1
1,9,145,111,0.2136889147247169,0.19381619033801853,0.002749740550825594,0.0025336960390445525,0.019872724386698376,0.00021604451178104146,3.7691017170657863,6.070449915059634,1,1,1,1
1,10,136,120,0.2139911517923839,0.22840722029304714,0.000960197178293942,0.001919717078002139,0.014416068500663237,0.0009595198997081971,3.7691017170657863,6.038900791796482,1,1,1,1
1,11,144,112,0.2362851971816246,0.24390144869780894,0.003654567655242193,0.0006767721073491133,0.007616251516184336,0.00297779554789308,3.7691017170657863,6.065782570720993,1,1,1,1
1,12,109,147,0.2083017478630232,0.20049479205532197,0.0005754306847071192,0.0007733706886088377,0.007806955807701216,0.00019794000390171854,3.7691017170657863,6.080681837163498,1,1,1,1
1,13,111,145,0.251019797002914,0.24332747381734257,0.002862403180389288,0.000773852115880532,0.00769232318557142,0.002088551064508756,3.7691017170657863,6.070449915059634,1,1,1,1
1,14,108,148,0.19452149704545027,0.23403382769354442,0.0024338804427097484,0.0008119871793227508,0.039512330648094146,0.0016218932633869977,3.7691017170657863,6.086252178924144,1,1,1,1
1,15,138,118,0.22288119813551086,0.22268596331838664,0.008236670848089822,0.004177391803685175,0.00019523481712421797,0.004059279044404647,3.7691017170657863,6.043905888054216,1,1,1,1
1,16,137,119,0.19047991603454137,0.19053437202426116,0.0021904952564519254,0.00533319517679816,5.445598971978716e-05,0.0031426999203462347,3.7691017170657863,6.041262300784574,1,1,1,1
1,17,110,146,0.2621598058888359,0.29133762585819056,0.0009151682815575111,0.0017717013914810616,0.029177819969354646,0.0008565331099235505,3.7691017170657863,6.075415407643043,1,1,1,1
1,18,161,95,0.2296141183126526,0.26656935153163774,0.0050203026853762964,0.004850244974214607,0.03695523321898514,0.0001700577111616898,3.7691017170657863,6.188051122252272,1,1,1,1
1,19,193,63,0.23974789426828905,0.22416152438969827,0.0003828964703068956,0.0006544611919207918,0.015586369878590772,0.0002715647216138962,3.7691017170657863,6.752959695389444,1,1,1,1
1,20,156,100,0.25896203982931265,0.2669083066392634,0.0002177003851009664,0.0004901098432694053,0.007946266809950753,0.00027240945816843894,3.7691017170657863,6.14217858989092,1,1,1,1
1,21,167,89,0.22517687998143698,0.2095001473802131,0.0019201108678149306,0.0005241674834632082,0.015676732601223875,0.0013959433843517225,3.7691017170657863,6.255360296675076,1,1,1,1
1,22,180,76,0.27952604314521234,0.30424368336093244,0.0013945468659691648,0.005969592898815462,0.024717640215720094,0.004575046032846298,3.7691017170657863,6.455297393433148,1,1,1,1
1,23,181,75,0.2462765498207673,0.25456779960313686,0.002764534570374684,0.003635606280043971,0.008291249782369559,0.000871071709669287,3.7691017170657863,6.474263226833822,1,1,1,1
1,24,180,76,0.2036991371633387,0.19531685644264185,0.0015904248534883546,0.00030057593843638185,0.008382280720696855,0.0012898489150519727,3.7691017170657863,6.455297393433148,1,1,1,1
1,25,159,97,0.2946464541421838,0.2263466889919859,0.0005524244723584659,0.0010527280057470725,0.06829976515019792,0.0005003035333886066,3.7691017170657863,6.1686384860098045,1,1,0,1
1,26,167,89,0.3368394078693308,0.36349613749338483,0.0011129089160757575,0.0006467037340520667,0.02665672962405402,0.00046620518202369074,3.7691017170657863,6.255360296675076,1,1,1,1
1,27,162,94,0.1834698303271215,0.21765675636848508,0.0004431912958298438,0.0028984402928782637,0.034186926041363586,0.0024552489970484197,3.7691017170657863,6.198307261440859,1,1,1,1
1,28,176,80,0.32042894165572366,0.3380166811824362,0.0005650706328819282,0.0016970714275031922,0.017587739526712554,0.001132000794621264,3.7691017170657863,6.3849524788219725,1,1,1,1
1,29,174,82,0.2765744887057576,0.2332596904592662,0.0016992422218352083,0.007358743626391887,0.043314798246491426,0.005659501404556679,3.7691017170657863,6.3528913263242766,1,1,1,1
1,30,158,98,0.2930961598272476,0.28426728366993875,0.0045191353658894234,0.005975504104310206,0.008828876157308874,0.0014563687384207824,3.7691017170657863,6.159469695652374,1,1,1,1
1,31,169,87,0.23221912502868386,0.25882915301545334,0.0003469661573075098,0.00021013971960735014,0.02661002798676948,0.00013682643770015964,3.7691017170657863,6.281019297930367,1,1,1,1
1,32,163,93,0.19509069515778302,0.20458979256449966,0.001944246801310185,0.0038433257018474993,0.009499097406716644,0.0018990789005373142,3.7691017170657863,6.208938649322981,1,1,1,1
1,33,168,88,0.23921535326693308,0.29383296287411487,0.0003833874239610952,0.003646370302729996,0.05461760960718179,0.0032629828787689007,3.7691017170657863,6.2679787291947004,1,1,0,1
1,34,92,164,0.23007251495779313,0.16679119598801584,0.007057358407043043,0.012022678713204393,0.06328131896977729,0.00496532030616135,3.7691017170657863,6.219952210379759,1,1,0,1
1,35,64,192,0.23789686473722685,0.3202256035738323,0.0016650014051075002,0.002095439605291714,0.08232873883660544,0.0004304382001842138,3.7691017170657863,6.725638463564038,1,1,0,1
1,36,50,206,0.29243513886764727,0.33687739258897775,0.008183620516411534,0.014423483287572994,0.04444225372133048,0.00623986277116146,3.7691017170657863,7.200664946962764,1,1,1,1
1,37,45,211,0.19509075478815724,0.15918971976503543,0.007502752199275979,0.0017871287677660198,0.03590103502312181,0.005715623431509959,3.7691017170657863,7.4332813024005375,1,1,1,1
1,38,68,188,0.20119963216399972,0.16433890634285245,0.009804435510820894,0.00023861567264941926,0.03686072582114727,0.009565819838171475,3.7691017170657863,6.6243805877730475,1,1,1,1
1,39,147,109,0.21925553934885028,0.20991987313058647,0.013142184034444272,0.01567785863537561,0.009335666218263816,0.0025356746009313376,3.7691017170657863,6.080681837163498,1,1,1,1
1,40,146,110,0.23602392923518511,0.2732158223786164,0.0036978408467961315,0.006558611468355312,0.0371918931434313,0.0028607706215591803,3.7691017170657863,6.075415407643043,1,1,1,1
1,41,161,95,0.16194394762562378,0.1431129955759798,0.005161731934740246,0.00923363726729774,0.018830952049643968,0.004071905332557494,3.7691017170657863,6.188051122252272,1,1,1,1
1,42,94,162,0.15741251108755663,0.11920396083384599,0.1461150675608465,0.1416263454237671,0.038208550253710644,0.004488722137079404,3.7691017170657863,6.198307261440859,1,1,1,1
1,43,72,184,0.33708769460803145,0.30490008088351,0.0005186630406531013,0.0006454886718350064,0.03218761372452145,0.00012682563118190514,3.7691017170657863,6.534729870106683,1,1,1,1
1,44,111,145,0.26459699938853415,0.24862437893445294,0.0034949441892326094,0.002571761234907547,0.01597262045408121,0.0009231829543250624,3.7691017170657863,6.070449915059634,1,1,1,1
1,45,113,143,0.23811741418745008,0.20553677764966388,0.0010159610696800858,0.0010472251921253748,0.0325806365377862,3.1264122445288966e-05,3.7691017170657863,6.0614107680064695,1,1,1,1
1,46,122,134,0.24469305733997984,0.26132364394815766,0.0010871325376251126,0.0004603829729845731,0.016630586608177816,0.0006267495646405395,3.7691017170657863,6.035019058016614,1,1,1,1
1,47,163,93,0.24393724323637636,0.24392954003333875,0.0008117928451524367,0.0021395355085417076,7.703203037612294e-06,0.0013277426633892708,3.7691017170657863,6.208938649322981,1,1,1,1
1,48,175,81,0.2855147833059015,0.25965941354331507,0.002812509751930874,0.0014644835635223155,0.025855369762586455,0.0013480261884085583,3.7691017170657863,6.368673675858521,1,1,1,1
1,49,133,123,0.3712691632914523,0.3709050142590541,0.0017003166463090812,0.001206228934872996,0.00036414903239823104,0.0004940877114360852,3.7691017170657863,6.033496742929528,1,1,1,1
1,50,132,124,0.20894497251283,0.20934226796431218,0.0038211716094725973,0.003497081524724906,0.00039729545148217693,0.00032409008474769147,3.7691017170657863,6.03225232233578,1,1,1,1
1,51,157,99,0.2331758915185833,0.20734801134758912,0.001759408781537953,1.618231598917084e-05,0.02582788017099419,0.001743226465548782,3.7691017170657863,6.150651543650131,1,1,1,1
1,52,152,104,0.16108810600271953,0.1431096941045567,0.0036899937355038834,0.0021455665775425526,0.01797841189816282,0.0015444271579613308,3.7691017170657863,6.111638989658647,1,1,1,1
1,53,133,123,0.14847917934241045,0.13967526832491367,0.001408277502816703,0.001305988427357987,0.00880391101749678,0.00010228907545871608,3.7691017170657863,6.033496742929528,1,1,1,1
1,54,136,120,0.2277472567929233,0.20908936898073954,0.0010280026404241589,0.0023531996298556336,0.01865788781218375,0.0013251969894314747,3.7691017170657863,6.038900791796482,1,1,1,1
1,55,116,140,0.18072126455814647,0.14333299533231497,0.002398186446577582,0.007147403876885302,0.037388269225831494,0.00474921743030772,3.7691017170657863,6.05004518830987,1,1,1,1
1,56,154,102,0.22683980663537845,0.19835666797140858,0.0038580052022788797,0.007623039976021137,0.02848313866396987,0.0037650347737422573,3.7691017170657863,6.12624782574149,1,1,1,1
1,57,144,112,0.168596823409356,0.22667878821287246,0.0028394235759592783,0.004584599631844724,0.05808196480351646,0.0017451760558854458,3.7691017170657863,6.065782570720993,1,1,0,1
1,58,82,174,0.18710456264838482,0.20640992975625555,0.000978288688652067,0.0010392242747274962,0.01930536710787073,6.0935586075429315e-05,3.7691017170657863,6.3528913263242766,1,1,1,1
1,59,80,176,0.1866604435511076,0.2156242997842229,0.003771534507038963,0.002621757382307232,0.028963856233115287,0.0011497771247317309,3.7691017170657863,6.3849524788219725,1,1,1,1
1,60,109,147,0.17786157708040085,0.14868061493096008,0.0064727444514121775,0.0017656238180295014,0.02918096214944077,0.004707120633382677,3.7691017170657863,6.080681837163498,1,1,1,1
1,61,151,105,0.10808309385452361,0.10829583831019113,0.003059952921589129,0.008791553833199324,0.00021274445566751843,0.005731600911610195,3.7691017170657863,6.104819334981264,1,1,1,1
1,62,147,109,0.4531042564739013,0.4197956734139824,0.11880250969477829,0.008784626315712613,0.033308583059918906,0.11001788337906568,3.7691017170657863,6.080681837163498,1,1,1,0
1,63,72,184,0.3305685388640851,0.33915014574792596,0.00018263172869693737,0.00047082414704928757,0.008581606883840853,0.0002881924183523502,3.7691017170657863,6.534729870106683,1,1,1,1
1,64,109,147,0.29870965295396495,0.2641040079397369,0.00021269432571844465,6.0036424161444973e-05,0.03460564501422808,0.00015265790155699968,3.7691017170657863,6.080681837163498,1,1,1,1
1,65,132,124,0.25890081841947743,0.2588539424459103,0.003431682478469495,0.002465533295577589,4.687597356711759e-05,0.000966149182891906,3.7691017170657863,6.03225232233578,1,1,1,1
1,66,128,128,0.23897042030061766,0.2448635321495549,0.005171004082588734,0.010341387016220671,0.0058931118489372325,0.005170382933631937,3.7691017170657863,6.030042481101548,1,1,1,1
1,67,130,126,0.2064875874372625,0.1933098917610091,0.0021606207575748243,0.00032100156517024525,0.013177695676253404,0.001839619192404579,3.7691017170657863,6.030594646277397,1,1,1,1
1,68,173,83,0.266770722627905,0.273989624979746,0.002309898497595427,0.00663446140401272,0.007218902351840972,0.004324562906417293,3.7691017170657863,6.337593250448081,1,1,1,1
1,69,173,83,0.2478407361725365,0.27670666939154853,0.0006862620892126824,0.0011328007159783163,0.02886593321901204,0.000446538626765634,3.7691017170657863,6.337593250448081,1,1,1,1
1,70,144,112,0.25227329558881406,0.18525506020796112,0.008969798860521433,0.0052014973557768015,0.06701823538085294,0.0037683015047446314,3.7691017170657863,6.065782570720993,1,1,0,1
1,71,162,94,0.24594542565289645,0.19111270416937454,0.00034671231228846494,0.002794264644684484,0.05483272148352192,0.002447552332396019,3.7691017170657863,6.198307261440859,1,1,0,1
1,72,175,81,0.2727238282399477,0.2408207383625639,0.0049292562979838875,0.0015492467838819912,0.03190308987738377,0.0033800095141018963,3.7691017170657863,6.368673675858521,1,1,1,1
1,73,173,83,0.1901048518813454,0.16530263992708022,0.0011461635847454174,0.004180254632433758,0.024802211954265185,0.0030340910476883403,3.7691017170657863,6.337593250448081,1,1,1,1
1,74,122,134,0.3038717427010457,0.24471892894326816,0.0026162787525767775,0.0024879636424281378,0.05915281375777756,0.00012831511014863971,3.7691017170657863,6.035019058016614,1,1,0,1
1,75,92,164,0.21794051155215916,0.2177634692617318,0.006702010130730046,0.005784484907636361,0.00017704229042736497,0.0009175252230936848,3.7691017170657863,6.219952210379759,1,1,1,1
1,76,89,167,0.1992827856430406,0.1564094458386379,0.0035282974375428957,0.0072206097902502535,0.04287333980440272,0.003692312352707358,3.7691017170657863,6.255360296675076,1,1,1,1
1,77,180,76,1.138152533031438,1.0834629212691986,0.00421183405965319,0.00676415058437101,0.0546896117622393,0.00255231652471782,3.7691017170657863,6.455297393433148,1,1,0,1
1,78,144,112,0.4075550262009462,0.4514886890681742,0.0004208040271810819,0.003081148134471287,0.043933662867227996,0.002660344107290205,3.7691017170657863,6.065782570720993,1,1,1,1
1,79,140,116,0.45614374054864043,0.3777832795746404,0.0009129532520452538,0.0026790637936593836,0.07836046097400001,0.0017661105416141298,3.7691017170657863,6.05004518830987,1,1,0,1
1,80,130,126,0.5773440208522,0.5841418737175341,0.0033222786527268497,0.0015829184480739972,0.006797852865334075,0.0017393602046528525,3.7691017170657863,6.030594646277397,1,1,1,1
1,81,145,111,0.29121005141006995,0.31806374746263594,0.00025465261489093284,0.00036794620445592535,0.02685369605256599,0.00011329358956499252,3.7691017170657863,6.070449915059634,1,1,1,1
1,82,135,121,0.32251963924314,0.3291655948340167,0.0009867641595907618,0.00010001420307656494,0.006645955590876718,0.0008867499565141969,3.7691017170657863,6.036820084753119,1,1,1,1
1,83,134,122,0.3147141949061455,0.2723973568484651,0.0018400309695943608,2.3226809611825603e-05,0.042316838057680384,0.0018168041599825352,3.7691017170657863,6.035019058016614,1,1,1,1
1,84,124,132,0.30480816101774,0.29773944530515595,0.0016529803830407476,0.004441903049349737,0.0070687157125840505,0.002788922666308989,3.7691017170657863,6.03225232233578,1,1,1,1
1,85,145,111,0.363019835933709,0.39324344063554206,0.005546040063409915,0.006512120402624694,0.03022360470183305,0.0009660803392147789,3.7691017170657863,6.070449915059634,1,1,1,1
1,86,130,126,1.009026875621692,1.0538793053509599,0.007435592850913593,0.01275619851380996,0.04485242972926784,0.005320605662896367,3.7691017170657863,6.030594646277397,1,1,1,1
1,87,126,130,0.8283721068335608,0.7470990596692263,0.0004797502125308273,2.6633434554506827e-06,0.08127304716433448,0.0004770868690753766,3.7691017170657863,6.030594646277397,1,1,0,1
1,88,131,125,0.4323808315694732,0.39922120201542155,0.0007282020910414633,0.0042304447039296,0.03315962955405166,0.003502242612888137,3.7691017170657863,6.0312851293365455,1,1,1,1
1,89,159,97,0.2976929533574388,0.2569306858954019,0.0025321229908549818,0.005658226481410306,0.04076226746203687,0.0031261034905553245,3.7691017170657863,6.1686384860098045,1,1,1,1
1,90,156,100,0.2838656565112966,0.2462163653007183,0.0007043911789013759,0.0015550878285266303,0.03764929121057828,0.0008506966496252544,3.7691017170657863,6.14217858989092,1,1,1,1
1,91,162,94,0.2740722611975619,0.24105487397942707,0.0016526926878163864,0.0014878984129995387,0.033017387218134825,0.00016479427481684767,3.7691017170657863,6.198307261440859,1,1,1,1
1,92,195,61,0.24451157659410722,0.27931531043844987,0.0008800185416429421,0.0034957120860172816,0.034803733844342655,0.0026156935443743395,3.7691017170657863,6.810219719876228,1,1,1,1
1,93,160,96,0.29127679134643,0.3058670472508435,0.0034948577642435613,0.00281045754835876,0.01459025590441354,0.0006844002158848013,3.7691017170657863,6.178163628679769,1,1,1,1
1,94,178,78,0.23736692602164924,0.215313660810877,0.0015135078971453622,0.0023945704299716333,0.02205326521077225,0.0008810625328262711,3.7691017170657863,6.419051177986525,1,1,1,1
1,95,169,87,0.2175122144716639,0.25566184413485643,0.0013046881859421653,0.00361199929989617,0.03814962966319252,0.0023073111139540045,3.7691017170657863,6.281019297930367,1,1,1,1
1,96,193,63,0.23695836647783583,0.2524772338932936,0.008147627362213423,0.007460110070531212,0.015518867415457743,0.0006875172916822117,3.7691017170657863,6.752959695389444,1,1,1,1
1,97,181,75,0.21038289671553026,0.20199960673525194,0.002940419745065856,0.0036152815729649478,0.008383289980278319,0.0006748618278990919,3.7691017170657863,6.474263226833822,1,1,1,1
1,98,176,80,0.27242710251515145,0.2564934716711771,0.006483593625102806,0.008171515697839657,0.015933630843974367,0.001687922072736851,3.7691017170657863,6.3849524788219725,1,1,1,1
1,99,169,87,0.29596710730609094,0.3214178026561221,0.0005544223330503154,0.0008179718363625719,0.02545069535003114,0.00026354950331225653,3.7691017170657863,6.281019297930367,1,1,1,1
1,100,184,72,0.2886134643814857,0.24719923783084974,0.0037649405885907157,0.00045106590141250937,0.04141422655063598,0.0033138746871782063,3.7691017170657863,6.534729870106683,1,1,1,1
1,101,194,62,0.2782476983501275,0.23585133601535016,0.0002603744862445384,0.0036521172669131963,0.042396362334777365,0.003391742780668658,3.7691017170657863,6.781142607721815,1,1,1,1
1,102,216,40,0.2786603098110381,0.25352267775718534,0.00809721076108177,0.006765024068803645,0.025137632053852776,0.0013321866922781245,3.7691017170657863,7.714398391107728,1,1,1,1
1,103,212,44,0.329007184672245,0.32864806918917394,0.007088030727611199,0.011951477572641143,0.00035911548307104857,0.004863446845029944,3.7691017170657863,7.4851955110255135,1,1,1,1
1,104,202,54,0.28659372525077875,0.31226974208012026,0.0028007095720799496,0.0021893561378075257,0.025676016829341508,0.0006113534342724238,3.7691017170657863,7.041975477148673,1,1,1,1
1,105,176,80,0.31163183643300163,0.3287515829537081,0.022213602298231355,0.015393145778433495,0.01711974652070647,0.00682045651979786,3.7691017170657863,6.3849524788219725,1,1,1,1
1,106,173,83,0.33013633389553937,0.3044792559194477,0.021147491340686067,0.02302497122119484,0.02565707797609168,0.0018774798805087714,3.7691017170657863,6.337593250448081,1,1,1,1
1,107,154,102,0.3121799406494448,0.2698834258966182,0.009122649727912883,0.0072924859454874345,0.04229651475282664,0.0018301637824254483,3.7691017170657863,6.12624782574149,1,1,1,1
1,108,142,114,0.4158974650891757,0.42411690638906174,0.004995439517226991,0.0063701666199482525,0.008219441299886054,0.0013747271027212613,3.7691017170657863,6.057332078158741,1,1,1,1
1,109,161,95,0.5674482733508697,0.4909272627091796,5.5646556230509476e-05,0.002212011878989003,0.07652101064169009,0.0021563653227584935,3.7691017170657863,6.188051122252272,1,1,0,1
1,110,156,100,0.6967208256805433,0.7317827746269676,0.009138040684132723,0.011215002092704367,0.03506194894642434,0.002076961408571644,3.7691017170657863,6.14217858989092,1,1,1,1
1,111,176,80,0.8554885864688981,0.8428866112302728,0.0020056755865506017,0.0011791646360840343,0.012601975238625385,0.0008265109504665673,3.7691017170657863,6.3849524788219725,1,1,1,1
1,112,157,99,0.7762031376092358,0.777197410509062,0.0021363895001439547,0.0005123270171589396,0.0009942728998262318,0.0016240624829850152,3.7691017170657863,6.150651543650131,1,1,1,1
1,113,120,136,0.7061057127748164,0.7110722065295254,0.0029172049131181883,0.004240636742486618,0.004966493754709034,0.0013234318293684297,3.7691017170657863,6.038900791796482,1,1,1,1
1,114,125,131,0.6756453969216505,0.6803064532124836,0.004612078449317748,0.0029866432326055153,0.004661056290833132,0.001625435216712233,3.7691017170657863,6.0312851293365455,1,1,1,1
1,115,172,84,0.6218712622857592,0.6095935190271489,0.0013315240439494332,0.00042064590463710333,0.012277743258610307,0.0009108781393123298,3.7691017170657863,6.322767834077663,1,1,1,1
1,116,104,152,0.6595783587985644,0.659815390514132,0.001247311274829058,0.0032357766407794444,0.00023703171556754832,0.0019884653659503863,3.7691017170657863,6.111638989658647,1,1,1,1
1,117,78,178,0.6940925913511935,0.7084021798760192,0.0026339984825319677,0.0019209416245972947,0.014309588524825667,0.0007130568579346731,3.7691017170657863,6.419051177986525,1,1,1,1
1,118,123,133,0.6874404012153504,0.6806119366496032,0.0010254423950652228,0.004272546960688545,0.006828464565747261,0.003247104565623322,3.7691017170657863,6.033496742929528,1,1,1,1
1,119,125,131,0.7165536349269563,0.6961784275976639,0.006396926636939146,0.006697745609225,0.020375207329292433,0.00030081897228585383,3.7691017170657863,6.0312851293365455,1,1,1,1
1,120,121,135,0.758152441984485,0.7595303201809642,0.003479097011951142,0.006267679196587939,0.0013778781964792763,0.0027885821846367967,3.7691017170657863,6.036820084753119,1,1,1,1
1,121,125,131,0.817464771948033,0.8218985296953764,0.04011449887092237,0.03534251815675326,0.0044337577473433365,0.004771980714169108,3.7691017170657863,6.0312851293365455,1,1,1,1
1,122,138,118,0.7865910146973194,0.7419247778694262,0.00428185503515644,0.0009852997249019148,0.04466623682789317,0.003296555310254525,3.7691017170657863,6.043905888054216,1,1,1,1
1,123,109,147,0.8077948434443678,0.7883896838138034,0.010357014030370842,0.01221132957296693,0.01940515963056444,0.0018543155425960883,3.7691017170657863,6.080681837163498,1,1,1,1
1,124,173,83,0.7348459105679284,0.7251937901562181,0.007955001943938618,0.005274729263589264,0.009652120411710263,0.002680272680349354,3.7691017170657863,6.337593250448081,1,1,1,1
1,125,170,86,0.7603286910510725,0.7311863838333738,0.0025717552129722087,0.0021877564686859268,0.029142307217698726,0.0003839987442862819,3.7691017170657863,6.294491181834042,1,1,1,1
1,126,117,139,0.7623516583891992,0.7695725412588263,0.0017686251355627045,0.0015017143319458822,0.007220882869627188,0.00026691080361682237,3.7691017170657863,6.046832986604354,1,1,1,1
1,127,159,97,0.6952607013798916,0.7010793961049019,0.0018608344857975224,0.010603696934259062,0.005818694725010287,0.00874286244846154,3.7691017170657863,6.1686384860098045,1,1,1,1
1,128,152,104,0.687888830141813,0.669397395054248,0.09851320342697306,0.08076929841524896,0.01849143508756501,0.017743905011724098,3.7691017170657863,6.111638989658647,1,1,1,1
2,1,132,124,0.6931471805599453,0.6931471805599453,0.0,0.0,0.0,0.0,3.7691017170657863,6.03225232233578,1,1,1,1
2,2,161,95,0.5386988088818936,0.5385712691359892,0.0009296768408924468,0.0005188765284699966,0.00012753974590440365,0.0004108003124224501,3.7691017170657863,6.188051122252272,1,1,1,1
2,3,133,123,0.44046832353834736,0.4377143616246603,0.00010281706756091482,8.637039235654754e-05,0.002753961913687042,1.6446675204367283e-05,3.7691017170657863,6.033496742929528,1,1,1,1
2,4,120,136,0.366649846292285,0.3590967974610301,0.00263800775306486,0.0005456940659669834,0.007553048831254849,0.0020923136870978766,3.7691017170657863,6.038900791796482,1,1,1,1
2,5,134,122,0.2924491392335158,0.28800641384158876,0.0008094273461247349,0.0027947495427333505,0.004442725391927027,0.0019853221966086155,3.7691017170657863,6.035019058016614,1,1,1,1
2,6,144,112,0.28492996369888324,0.2795026623882733,0.0017057425767735635,0.0010099435497371704,0.005427301310609922,0.0006957990270363931,3.7691017170657863,6.065782570720993,1,1,1,1
2,7,115,141,0.2814441458773983,0.26968591690798543,0.0006890298869486719,0.0027524894166775,0.011758228969412865,0.002063459529728828,3.7691017170657863,6.053544246392822,1,1,1,1
2,8,110,146,0.2839449095057793,0.2900119132746753,0.00018292100312203318,0.0011991173906933336,0.006067003768896018,0.0010161963875713004,3.7691017170657863,6.075415407643043,1,1,1,1
2,9,134,122,0.21732813142911706,0.23675554509604302,0.002708516179321035,0.004939433780495045,0.019427413666925963,0.0022309176011740105,3.7691017170657863,6.035019058016614,1,1,1,1
2,10,140,116,0.2188497557045665,0.21164398589518452,0.0009373350514910238,0.000911994945725688,0.007205769809381979,2.5340105765335724e-05,3.7691017170657863,6.05004518830987,1,1,1,1
2,11,153,103,0.23877364361102302,0.2611853353594648,0.0036066003158151654,0.003126396330491053,0.022411691748441792,0.00048020398532411246,3.7691017170657863,6.118780416286548,1,1,1,1
2,12,121,135,0.21127533897507317,0.24138837321476608,0.0005656788261451105,0.0003037626972552934,0.030113034239692915,0.00026191612888981706,3.7691017170657863,6.036820084753119,1,1,1,1
2,13,114,142,0.25371857328789915,0.19172274522655666,0.002797180162314245,0.004050748382634521,0.06199582806134249,0.001253568220320276,3.7691017170657863,6.057332078158741,1,1,0,1
2,14,101,155,0.1961345815866541,0.2042584400114168,0.0024108411461262087,0.0023391254176452023,0.008123858424762709,7.17157284810064e-05,3.7691017170657863,6.134045657981252,1,1,1,1
2,15,144,112,0.2232045633306451,0.2146612084394866,0.008195390061197141,0.00301820475139391,0.008543354891158483,0.005177185309803232,3.7691017170657863,6.065782570720993,1,1,1,1
2,16,130,126,0.19065618994584732,0.18764427281636234,0.002186166016614319,0.009951550792150977,0.003011917129484981,0.007765384775536658,3.7691017170657863,6.030594646277397,1,1,1,1
2,17,104,152,0.26250335320780194,0.3279657814543008,0.0009108190299259031,0.004173660469629676,0.06546242824649884,0.0032628414397037732,3.7691017170657863,6.111638989658647,1,1,0,1
2,18,164,92,0.23139476830806943,0.24633328445995356,0.004951044113265291,0.008967419700376643,0.01493851615188413,0.004016375587111352,3.7691017170657863,6.219952210379759,1,1,1,1
2,19,188,68,0.24036929023713738,0.22548826430523544,0.0003788991618614248,0.0018563377446682784,0.014881025931901937,0.0014774385828068537,3.7691017170657863,6.6243805877730475,1,1,1,1
2,20,166,90,0.25938078594332903,0.24358930410133117,0.00021521786253726093,0.00036165815506846593,0.015791481841997856,0.000146440292531205,3.7691017170657863,6.2431552412325795,1,1,1,1
2,21,187,69,0.2250041214403556,0.18488253025629361,0.001906552933976105,0.002685748231665783,0.04012159118406197,0.0007791952976896779,3.7691017170657863,6.600939023932012,1,1,1,1
2,22,177,79,0.2791543951929798,0.36182086964467297,0.0013916241217747398,0.0024537780999756746,0.08266647445169317,0.001062153978200935,3.7691017170657863,6.401740511200117,1,1,0,1
2,23,169,87,0.24680831952019025,0.24678155437857685,0.002734315385444685,0.00304103351254071,2.67651416133996e-05,0.00030671812709602477,3.7691017170657863,6.281019297930367,1,1,1,1
2,24,160,96,0.20415230535664525,0.2042198482035179,0.0015766634373147246,0.0019447949415075292,6.75428468726591e-05,0.00036813150419280453,3.7691017170657863,6.178163628679769,1,1,1,1
2,25,163,93,0.29480537442305355,0.26053786999794837,0.0005467217770062745,0.0011158521198217453,0.03426750442510518,0.0005691303428154707,3.7691017170657863,6.208938649322981,1,1,1,1
2,26,169,87,0.33672049053519526,0.36189109556190135,0.0011026428886545458,0.0006625044234758676,0.025170605026706094,0.0004401384651786782,3.7691017170657863,6.281019297930367,1,1,1,1
2,27,187,69,0.18482813267640347,0.18468521446094047,0.0004376510972655311,0.0008980946643572744,0.00014291821546300043,0.0004604435670917433,3.7691017170657863,6.600939023932012,1,1,1,1
2,28,175,81,0.320428155654001,0.3205094961945237,0.0005614559957860134,0.0023124451483354526,8.134054052266748e-05,0.0017509891525494393,3.7691017170657863,6.368673675858521,1,1,1,1
2,29,168,88,0.27654212016742896,0.32831170690771594,0.0016954265468431574,0.004161141302091888,0.05176958674028698,0.0024657147552487307,3.7691017170657863,6.2679787291947004,1,1,0,1
2,30,169,87,0.2934810361642476,0.35439331908048305,0.0044467271501356645,0.0029181278052642663,0.06091228291623546,0.0015285993448713982,3.7691017170657863,6.281019297930367,1,1,0,1
2,31,176,80,0.2345089137715749,0.20812314916123567,0.0003384664449286814,0.002266987035303032,0.02638576461033923,0.0019285205903743505,3.7691017170657863,6.3849524788219725,1,1,1,1
2,32,171,85,0.19687834149771305,0.20646582702057745,0.001915428947569409,0.0021964480402405563,0.009587485522864397,0.0002810190926711472,3.7691017170657863,6.308404000115543,1,1,1,1
2,33,180,76,0.24012931540467447,0.2220618304945185,0.0003780838696055696,0.004010559149148457,0.018067484910155973,0.0036324752795428876,3.7691017170657863,6.455297393433148,1,1,1,1
2,34,91,165,0.23016049297453778,0.2568002735536387,0.007043840436948929,5.517706069935939e-06,0.026639780579100936,0.007038322730878993,3.7691017170657863,6.231355204389332,1,1,1,1
2,35,83,173,0.23881180164449503,0.2927957418884704,0.0016475679487032626,0.0003835368550447614,0.053983940243975376,0.0012640310936585012,3.7691017170657863,6.337593250448081,1,1,0,1
2,36,38,218,0.2925247531766502,0.27487041204471696,0.008140178029925864,4.001502645239707e-05,0.01765434113193326,0.008100163003473467,3.7691017170657863,7.843839760049994,1,1,1,1
2,37,34,222,0.19498309703534195,0.19507630611937593,0.00754750913312692,0.012285294747943251,9.320908403398498e-05,0.004737785614816331,3.7691017170657863,8.139385702864326,1,1,1,1
2,38,68,188,0.2016802423422742,0.18361491900331584,0.009782546013076349,0.000672386601557581,0.018065323338958356,0.009110159411518768,3.7691017170657863,6.6243805877730475,1,1,1,1
2,39,133,123,0.2197653488310005,0.18204827185569372,0.013077811914915565,0.006864728437948338,0.03771707697530677,0.006213083476967227,3.7691017170657863,6.033496742929528,1,1,1,1
2,40,166,90,0.23614065158392392,0.1702906322389472,0.003708854581702151,0.005651035863055352,0.06585001934497672,0.0019421812813532006,3.7691017170657863,6.2431552412325795,1,1,0,1
2,41,156,100,0.16042183704449123,0.17969344829413475,0.005234467612894607,0.0017995921008202376,0.019271611249643522,0.0034348755120743694,3.7691017170657863,6.14217858989092,1,1,1,1
2,42,125,131,0.15620822272709278,0.16377368813139997,0.14685864971620896,0.08957391647954571,0.007565465404307192,0.05728473323666325,3.7691017170657863,6.0312851293365455,1,1,1,0
2,43,79,177,0.33722379234414246,0.36084299032506467,0.0005159446408510446,0.0018536551531041561,0.023619197980922213,0.0013377105122531117,3.7691017170657863,6.401740511200117,1,1,1,1
2,44,119,137,0.2662481432185424,0.298198753465304,0.0034587240091832755,0.000534987588742216,0.0319506102467616,0.0029237364204410593,3.7691017170657863,6.041262300784574,1,1,1,1
2,45,121,135,0.24099484900946694,0.27288281814195303,0.0010010460828602412,0.002467678184940495,0.031887969132486094,0.0014666321020802536,3.7691017170657863,6.036820084753119,1,1,1,1
2,46,126,130,0.24818346039672032,0.24053687105549956,0.0010618225981399957,0.0008502729731549347,0.007646589341220755,0.000211549624985061,3.7691017170657863,6.030594646277397,1,1,1,1
2,47,157,99,0.2464917159922057,0.2384816473633441,0.0007973219517482925,0.0006865660052378022,0.00801006862886161,0.00011075594651049035,3.7691017170657863,6.150651543650131,1,1,1,1
2,48,143,113,0.28654632807325764,0.22769237687721067,0.0027696044050958034,0.00232416132109772,0.05885395119604697,0.00044544308399808346,3.7691017170657863,6.0614107680064695,1,1,0,1
2,49,130,126,0.3705762044621056,0.4293403637589565,0.001685198254566849,0.003517557529316557,0.058764159296850915,0.0018323592747497078,3.7691017170657863,6.030594646277397,1,1,0,1
2,50,142,114,0.21199718436525827,0.17869057902561786,0.003760132797485563,0.0003342316664817637,0.033306605339640416,0.0034259011310037992,3.7691017170657863,6.057332078158741,1,1,1,1
2,51,166,90,0.23466252428847115,0.1664413551076133,0.0017427698926553042,0.001371755648548435,0.06822116918085785,0.0003710142441068693,3.7691017170657863,6.2431552412325795,1,1,0,1
2,52,150,106,0.1622218850185201,0.14481157859176452,0.003681940893225194,0.0035960536671857416,0.01741030642675559,8.588722603945255e-05,3.7691017170657863,6.0983174631057295,1,1,1,1
2,53,151,105,0.1494921091388141,0.19469495724867275,0.0014040850663166644,0.007435233634793767,0.04520284810985864,0.006031148568477103,3.7691017170657863,6.104819334981264,1,1,1,1
2,54,143,113,0.22870194975575886,0.24661241219852464,0.001018230641681295,0.001601659494217406,0.017910462442765784,0.0005834288525361109,3.7691017170657863,6.0614107680064695,1,1,1,1
2,55,124,132,0.1828170252859409,0.20115583269544945,0.0023678838545816757,0.006228776438052395,0.01833880740950855,0.003860892583470719,3.7691017170657863,6.03225232233578,1,1,1,1
2,56,149,107,0.22831827368224222,0.19097394591901629,0.0037906588832577835,0.0024841966608532646,0.03734432776322594,0.0013064622224045188,3.7691017170657863,6.092129599724122,1,1,1,1
2,57,120,136,0.17105753746151753,0.18993680951243863,0.00279915358659769,0.0023462010541837755,0.018879272050921103,0.00045295253241391456,3.7691017170657863,6.038900791796482,1,1,1,1
2,58,67,189,0.18846301818272143,0.14129393116338657,0.0009706478541599286,0.0004514539288323634,0.047169087019334865,0.0005191939253275653,3.7691017170657863,6.648545990797513,1,1,1,1
2,59,90,166,0.18705172907954676,0.18750885543672535,0.0037670236470310784,0.0027943348511550985,0.0004571263571785944,0.0009726887958759799,3.7691017170657863,6.2431552412325795,1,1,1,1
2,60,99,157,0.17789808376727584,0.25438322529477453,0.006498795143518384,0.0074563432406049325,0.07648514152749869,0.0009575480970865488,3.7691017170657863,6.150651543650131,1,1,0,1
2,61,123,133,0.11050491549180094,0.0911364895322567,0.003032386993811417,0.016082959010813157,0.019368425959544244,0.01305057201700174,3.7691017170657863,6.033496742929528,1,1,1,1
2,62,132,124,0.4534177128267902,0.4031761671565917,0.11679645514542455,0.31694621044688875,0.050241545670198506,0.2001497553014642,3.7691017170657863,6.03225232233578,1,1,0,0
2,63,86,170,0.3281624817466412,0.33689334087715594,0.00018141736377138163,0.00019238414246658397,0.008730859130514745,1.0966778695202344e-05,3.7691017170657863,6.294491181834042,1,1,1,1
2,64,115,141,0.29680184921180397,0.33670474060959743,0.00026213946136285395,0.0005439791050526541,0.03990289139779346,0.0002818396436898001,3.7691017170657863,6.053544246392822,1,1,1,1
2,65,113,143,0.2656943264711797,0.25472854196457995,0.0031819784463977888,0.004406964266774477,0.01096578450659974,0.001224985820376688,3.7691017170657863,6.0614107680064695,1,1,1,1
2,66,136,120,0.24320832272786866,0.23716565947621607,0.0044687500595307,0.001802128456713889,0.006042663251652591,0.0026666216028168113,3.7691017170657863,6.038900791796482,1,1,1,1
2,67,131,125,0.20889012146852812,0.1963156030369916,0.0023274561862816484,0.0006962391398782769,0.012574518431536508,0.0016312170464033715,3.7691017170657863,6.0312851293365455,1,1,1,1
2,68,180,76,0.2680215914637076,0.23280326572532006,0.0022815331858260313,0.001606354603044589,0.03521832573838751,0.0006751785827814423,3.7691017170657863,6.455297393433148,1,1,1,1
2,69,189,67,0.24724529142683727,0.26905297513688275,0.0010666326104379724,0.0015174836731377955,0.02180768371004549,0.00045085106269982314,3.7691017170657863,6.648545990797513,1,1,1,1
2,70,150,106,0.2516466685857364,0.2143550405084309,0.009329816438712925,0.010768375644709685,0.037291628077305516,0.0014385592059967603,3.7691017170657863,6.0983174631057295,1,1,1,1
2,71,165,91,0.24639047823059937,0.23825116669356156,0.000250468825410001,0.0012475596554831735,0.008139311537037813,0.0009970908300731725,3.7691017170657863,6.231355204389332,1,1,1,1
2,72,157,99,0.2737883507346099,0.2500658499247618,0.0047529084730832845,0.00602893913998552,0.023722500809848113,0.0012760306669022357,3.7691017170657863,6.150651543650131,1,1,1,1
2,73,170,86,0.19214619718905443,0.19210868131956213,0.0011686120006834805,0.0004211217456581359,3.751586949229946e-05,0.0007474902550253446,3.7691017170657863,6.294491181834042,1,1,1,1
2,74,116,140,0.3043990797813976,0.2959471675619375,0.0025494910289092583,0.005050886999235524,0.008451912219460067,0.002501395970326266,3.7691017170657863,6.05004518830987,1,1,1,1
2,75,104,152,0.22061383027127668,0.29635621530358613,0.0060002605748079585,0.007436656126824662,0.07574238503230946,0.0014363955520167032,3.7691017170657863,6.111638989658647,1,1,0,1
2,76,87,169,0.20391865819025046,0.17880536260188196,0.0031839167107340135,0.0006924762917297177,0.0251132955883685,0.002491440419004296,3.7691017170657863,6.281019297930367,1,1,1,1
2,77,190,66,1.111440307654713,1.0669241228437576,0.00427587358293682,0.005160646560861223,0.04451618481095543,0.0008847729779244036,3.7691017170657863,6.673459860799369,1,1,1,1
2,78,119,137,0.4074599162174692,0.3662818981462209,0.0004293960167652791,0.004974403690438056,0.04117801807124827,0.0045450076736727775,3.7691017170657863,6.041262300784574,1,1,1,1
2,79,149,107,0.4554680463713604,0.44169288659863937,0.0010083563188123708,0.0009742438853754393,0.013775159772721035,3.4112433436931516e-05,3.7691017170657863,6.092129599724122,1,1,1,1
2,80,116,140,0.5723791119096805,0.6828475562072263,0.0029759933827534744,0.003236595020148764,0.11046844429754576,0.0002606016373952894,3.7691017170657863,6.05004518830987,1,1,0,1
2,81,140,116,0.29898788610543947,0.2991473609297471,0.0002773233351959757,0.0025967031922595977,0.00015947482430761495,0.002319379857063622,3.7691017170657863,6.05004518830987,1,1,1,1
2,82,127,129,0.3265798107010145,0.2997531899783936,0.0014456871455518425,0.00012089823615889228,0.026826620722620875,0.0013247889093929502,3.7691017170657863,6.030180503963651,1,1,1,1
2,83,150,106,0.3172682059644763,0.35125095995483907,0.001543375024243036,0.0021695750449287387,0.03398275399036277,0.0006262000206857027,3.7691017170657863,6.0983174631057295,1,1,1,1
2,84,108,148,0.30885333606173093,0.2882294697740655,0.0015385905852347867,0.004117704726411764,0.020623866287665438,0.002579114141176977,3.7691017170657863,6.086252178924144,1,1,1,1
2,85,133,123,0.36399775670983586,0.37166517632505636,0.00575451802275026,0.006928673137161074,0.007667419615220494,0.0011741551144108138,3.7691017170657863,6.033496742929528,1,1,1,1
2,86,153,103,0.9929763902744329,1.0435629188434201,0.006885276099979977,0.005198429817748124,0.050586528568987266,0.001686846282231853,3.7691017170657863,6.118780416286548,1,1,0,1
2,87,146,110,0.8172029876107727,0.8894301367890121,0.0010919871393598318,0.00044439180478831816,0.07222714917823936,0.0006475953345715137,3.7691017170657863,6.075415407643043,1,1,0,1
2,88,141,115,0.4389678077429586,0.47985826408370724,0.0003306893789378554,0.00012845716414581348,0.040890456340748615,0.0002022322147920419,3.7691017170657863,6.053544246392822,1,1,1,1
2,89,147,109,0.31816013816962574,0.2866387077469902,0.0021927351717320343,0.0015223886027990984,0.031521430422635555,0.000670346568932936,3.7691017170657863,6.080681837163498,1,1,1,1
2,90,165,91,0.299342030183648,0.31076790271395566,0.0007812387044464943,0.0021617878709411197,0.011425872530307635,0.0013805491664946254,3.7691017170657863,6.231355204389332,1,1,1,1
2,91,167,89,0.2885792555739981,0.31904197268678447,0.001574344615414443,0.003593795067941892,0.030462717112786364,0.002019450452527449,3.7691017170657863,6.255360296675076,1,1,1,1
2,92,194,62,0.26077772213444006,0.2610809850266842,4.18677802022302e-05,0.0004605657903511036,0.00030326289224413827,0.0004186980101488734,3.7691017170657863,6.781142607721815,1,1,1,1
2,93,150,106,0.29958475302437093,0.346689588924115,0.0027594897504260307,6.719828380978565e-05,0.04710483589974407,0.002692291466616245,3.7691017170657863,6.0983174631057295,1,1,1,1
2,94,179,77,0.24877740009857485,0.24908127743932956,0.0003450237951546156,0.0004809553230546784,0.0003038773407547102,0.0001359315279000628,3.7691017170657863,6.4368985483580925,1,1,1,1
2,95,183,73,0.22858196404365672,0.20732276695303056,0.0011157788259917698,0.0051419655052098515,0.021259197090626153,0.004026186679218082,3.7691017170657863,6.513961890600119,1,1,1,1
2,96,190,66,0.24306135915085036,0.27287060955133197,0.007087886776604064,0.011479962851338534,0.0298092504004816,0.00439207607473447,3.7691017170657863,6.673459860799369,1,1,1,1
2,97,168,88,0.21695119584621797,0.22463205382456258,0.0025562504409976164,0.0027063314690321683,0.007680857978344613,0.00015008102803455194,3.7691017170657863,6.2679787291947004,1,1,1,1
2,98,174,82,0.2758509033579916,0.2920268972623521,0.006589049241357413,0.0016839649899513115,0.016175993904360475,0.004905084251406101,3.7691017170657863,6.3528913263242766,1,1,1,1
2,99,196,60,0.29824244080150397,0.337881639694399,0.0006666338583976774,0.0018498560902999173,0.03963919889289502,0.0011832222319022399,3.7691017170657863,6.840225488568713,1,1,1,1
2,100,184,72,0.2911664967255464,0.290995474477412,0.0037674538976115966,0.002468125381230729,0.00017102224813442257,0.0012993285163808675,3.7691017170657863,6.534729870106683,1,1,1,1
2,101,193,63,0.281101696238945,0.28978043562426303,9.8789940218863e-05,0.0033182189950730903,0.008678739385318046,0.0032194290548542273,3.7691017170657863,6.752959695389444,1,1,1,1
2,102,198,58,0.2817949179789486,0.3062620224107115,0.007905819328512068,0.016117713380558077,0.024467104431762865,0.008211894052046009,3.7691017170657863,6.903171399451179,1,1,1,1
2,103,202,54,0.3293898291164882,0.32089689334087546,0.007224155217034105,0.003481532036114437,0.00849293577561272,0.0037426231809196686,3.7691017170657863,7.041975477148673,1,1,1,1
2,104,202,54,0.2890904199126889,0.321875192915689,0.0029813854691041995,0.011117173519266658,0.03278477300300009,0.008135788050162459,3.7691017170657863,7.041975477148673,1,1,1,1
2,105,161,95,0.3127805797792711,0.3543547577274725,0.021229909719716535,0.015733317407323484,0.041574177948201396,0.0054965923123930505,3.7691017170657863,6.188051122252272,1,1,1,1
2,106,173,83,0.330553725678405,0.37955228357925375,0.020663128266653515,0.020708247106049897,0.04899855790084873,4.5118839396382504e-05,3.7691017170657863,6.337593250448081,1,1,1,1
2,107,155,101,0.31376028009257473,0.4034774127001372,0.008346431357731,0.01482735480736126,0.08971713260756248,0.00648092344963026,3.7691017170657863,6.134045657981252,1,1,0,1
2,108,144,112,0.41028283733625026,0.36987408879419303,0.004168840055997143,0.004683367850322508,0.04040874854205723,0.0005145277943253649,3.7691017170657863,6.065782570720993,1,1,1,1
2,109,154,102,0.5533031689414454,0.5213884603752358,1.6223707274649326e-05,0.00032769166020060313,0.03191470856620959,0.0003114679529259538,3.7691017170657863,6.12624782574149,1,1,1,1
2,110,150,106,0.6739416009884117,0.6600364042059943,0.01056267288411912,0.011209539274651584,0.013905196782417417,0.0006468663905324634,3.7691017170657863,6.0983174631057295,1,1,1,1
2,111,169,87,0.8292663287773274,0.8030375009578572,0.0015699036593800134,0.0017328621552156129,0.026228827819470224,0.00016295849583559952,3.7691017170657863,6.281019297930367,1,1,1,1
2,112,168,88,0.7589642463700541,0.7250741904221378,0.0021234847457635942,0.0042048351077697485,0.033890055947916276,0.0020813503620061543,3.7691017170657863,6.2679787291947004,1,1,1,1
2,113,120,136,0.6974932073550696,0.7389760419190285,0.0031803001879519687,0.01497932398866171,0.04148283456395896,0.011799023800709742,3.7691017170657863,6.038900791796482,1,1,1,1
2,114,120,136,0.6686500292788338,0.6686337832965832,0.005027781615864035,0.0075299116123935805,1.624598225058449e-05,0.002502129996529545,3.7691017170657863,6.038900791796482,1,1,1,1
2,115,164,92,0.619886736178903,0.6420615106314358,0.0013745829756689684,0.0006604886870117659,0.022174774452532797,0.0007140942886572025,3.7691017170657863,6.219952210379759,1,1,1,1
2,116,119,137,0.6545464535201384,0.6891281726479028,0.0012118689968278122,0.0014100617853609661,0.03458171912776442,0.00019819278853315395,3.7691017170657863,6.041262300784574,1,1,1,1
2,117,97,159,0.6852277691877499,0.6876894319952642,0.0027471386429176875,0.0015752879457379728,0.0024616628075143643,0.0011718506971797147,3.7691017170657863,6.1686384860098045,1,1,1,1
2,118,131,125,0.682326126455918,0.6790434038059098,0.0009434420754592201,0.00044011206011965523,0.003282722650008174,0.0005033300153395649,3.7691017170657863,6.0312851293365455,1,1,1,1
2,119,130,126,0.7099368474853105,0.7009476587449106,0.0064504026778067465,0.00373474571651945,0.00898918874039989,0.0027156569612872966,3.7691017170657863,6.030594646277397,1,1,1,1
2,120,124,132,0.7487586778523936,0.7281920015071325,0.004346464054363258,0.0009406141561727338,0.020566676345261103,0.0034058498981905244,3.7691017170657863,6.03225232233578,1,1,1,1
2,121,123,133,0.8128792934780573,0.8134440194128537,0.04064247284525594,0.04468002075414264,0.0005647259347963951,0.0040375479088866975,3.7691017170657863,6.033496742929528,1,1,1,1
2,122,135,121,0.7869567291715239,0.8071211219656976,0.004061468198854719,0.00884520745432632,0.020164392794173702,0.004783739255471602,3.7691017170657863,6.036820084753119,1,1,1,1
2,123,128,128,0.794517563674866,0.7814903317908207,0.010367434755852323,0.009637709097172327,0.01302723188404531,0.0007297256586799965,3.7691017170657863,6.030042481101548,1,1,1,1
2,124,171,85,0.7292780406135554,0.712997716882118,0.007285245370290877,0.00478132860598509,0.016280323731437396,0.002503916764305787,3.7691017170657863,6.308404000115543,1,1,1,1
2,125,158,98,0.7557927981774353,0.7950356624642867,0.0028739854207790487,0.005729924991047242,0.03924286428685142,0.002855939570268193,3.7691017170657863,6.159469695652374,1,1,1,1
2,126,130,126,0.7420422468225383,0.732274933737759,0.001668023367601957,0.010830340992669468,0.009767313084779294,0.009162317625067511,3.7691017170657863,6.030594646277397,1,1,1,1
2,127,162,94,0.6933255872301054,0.7016465676614608,0.0018020135911139407,0.013453592620299826,0.00832098043135543,0.011651579029185885,3.7691017170657863,6.198307261440859,1,1,1,1
2,128,150,106,0.6846285327534709,0.6961628999889886,0.0973078732999041,0.1032579700345128,0.011534367235517706,0.005950096734608695,3.7691017170657863,6.0983174631057295,1,1,1,1
3,1,125,131,0.6931471805599453,0.6931471805599453,0.0,0.0,0.0,0.0,3.7691017170657863,6.0312851293365455,1,1,1,1
3,2,156,100,0.5384390820794214,0.5506956151307093,0.0009591475317804986,0.0014364685417716447,0.012256533051287932,0.0004773210099911461,3.7691017170657863,6.14217858989092,1,1,1,1
3,3,121,135,0.4481436432373087,0.4377424514653411,9.859445809639331e-05,0.0008946837943307265,0.010401191771967633,0.0007960893362343332,3.7691017170657863,6.036820084753119,1,1,1,1
3,4,122,134,0.3694560740147459,0.36589952957605204,0.0025943955282960746,0.0011228320862413021,0.003556544438693854,0.0014715634420547725,3.7691017170657863,6.035019058016614,1,1,1,1
3,5,145,111,0.2954130580307067,0.30393814115283013,0.0007956937632502617,0.0007119740225407789,0.008525083122123411,8.371974070948279e-05,3.7691017170657863,6.070449915059634,1,1,1,1
3,6,143,113,0.288460793626154,0.2941310605600058,0.001672234851157463,0.005060484382744972,0.005670266933851809,0.0033882495315875087,3.7691017170657863,6.0614107680064695,1,1,1,1
3,7,127,129,0.284875239489104,0.2850387115928745,0.00067015151064696,2.7641475683485753e-05,0.00016347210377054555,0.0006425100349634742,3.7691017170657863,6.030180503963651,1,1,1,1
3,8,127,129,0.2870312506203455,0.31760539788189524,0.00018541576879465128,0.0010847649803295751,0.030574147261549722,0.0008993492115349238,3.7691017170657863,6.030180503963651,1,1,1,1
3,9,138,118,0.2223703157962203,0.20948682224859022,0.002619836145695163,0.004759864662299374,0.012883493547630076,0.002140028516604211,3.7691017170657863,6.043905888054216,1,1,1,1
3,10,135,121,0.22072049845276626,0.21378607883299994,0.0009193924900239153,0.0011593894216044382,0.006934419619766319,0.00023999693158052293,3.7691017170657863,6.036820084753119,1,1,1,1
3,11,152,104,0.24002107706956233,0.22541833516426335,0.0035411058368454325,0.003903672620326981,0.014602741905298977,0.00036256678348154867,3.7691017170657863,6.111638989658647,1,1,1,1
3,12,108,148,0.21100606321969767,0.19597191999593422,0.0005622573037166103,0.00201208571946884,0.015034143223763452,0.0014498284157522295,3.7691017170657863,6.086252178924144,1,1,1,1
3,13,122,134,0.2524070892756026,0.29130879946936405,0.002800978400114941,0.003863697842657032,0.03890171019376143,0.0010627194425420908,3.7691017170657863,6.035019058016614,1,1,1,1
3,14,120,136,0.19796052870283853,0.1823674787919124,0.0023618241826423737,0.009638131801301058,0.015593049910926138,0.007276307618658684,3.7691017170657863,6.038900791796482,1,1,1,1
3,15,149,107,0.223857466600035,0.24058323876626217,0.008115557185180533,0.014492953388163657,0.01672577216622717,0.006377396202983124,3.7691017170657863,6.092129599724122,1,1,1,1
3,16,144,112,0.19280470451010412,0.197163357410786,0.0021707017802731704,0.015842593941847068,0.004358652900681881,0.013671892161573898,3.7691017170657863,6.065782570720993,1,1,1,1
3,17,121,135,0.26379052121529317,0.29945457170809003,0.0008829673663337627,0.0002049341600311913,0.03566405049279686,0.0006780332063025714,3.7691017170657863,6.036820084753119,1,1,1,1
3,18,158,98,0.2315369302602288,0.17283565008262086,0.004873573732739469,0.007412444092335562,0.05870128017760795,0.002538870359596093,3.7691017170657863,6.159469695652374,1,1,0,1
3,19,191,65,0.23816349734792427,0.222618359763959,0.0003793219311973604,0.00015541041886245392,0.01554513758396528,0.00022391151233490647,3.7691017170657863,6.6991481967338915,1,1,1,1
3,20,145,111,0.2579233037068168,0.23401945720158535,0.00021547364838015083,0.0008494423987272638,0.023903846505231474,0.000633968750347113,3.7691017170657863,6.070449915059634,1,1,1,1
3,21,176,80,0.22318200263925672,0.23127371258606527,0.0019040433881147697,0.0073062059996821995,0.00809170994680855,0.00540216261156743,3.7691017170657863,6.3849524788219725,1,1,1,1
3,22,176,80,0.27896289908851224,0.2538772542763989,0.0013780566146863668,0.0012881555389017748,0.02508564481211334,8.990107578459201e-05,3.7691017170657863,6.3849524788219725,1,1,1,1
3,23,170,86,0.24463245643568254,0.26155287113584946,0.0027572951152461216,0.0015245923173644082,0.01692041470016692,0.0012327027978817134,3.7691017170657863,6.294491181834042,1,1,1,1
3,24,164,92,0.2017625771568945,0.218861463339528,0.0015836889700861687,0.002088109863075298,0.0170988861826335,0.0005044208929891295,3.7691017170657863,6.219952210379759,1,1,1,1
3,25,170,86,0.2943677142760731,0.32918916453388614,0.0005468177249395085,0.0022232715320794696,0.034821450257813025,0.0016764538071399613,3.7691017170657863,6.294491181834042,1,1,1,1
3,26,160,96,0.3367209953777127,0.42221274347257426,0.0011132107132956581,0.0038090772214924677,0.08549174809486154,0.0026958665081968096,3.7691017170657863,6.178163628679769,1,1,0,1
3,27,173,83,0.18646414073602235,0.19470439852517585,0.00042818440401005693,0.00027989729796766994,0.008240257789153493,0.000148287106042387,3.7691017170657863,6.337593250448081,1,1,1,1
3,28,186,70,0.32046075484314146,0.2776679290673159,0.0005458402656985884,0.0015399177735575015,0.04279282577582555,0.0009940775078589132,3.7691017170657863,6.578197955307224,1,1,1,1
3,29,174,82,0.27668501433804693,0.2852488876580702,0.0016855229490254629,0.001268250096506364,0.008563873320023285,0.00041727285251909893,3.7691017170657863,6.3528913263242766,1,1,1,1
3,30,177,79,0.2933599846013221,0.37152195351842704,0.004410079758244068,0.006292786420471576,0.07816196891710492,0.0018827066622275077,3.7691017170657863,6.401740511200117,1,1,0,1
3,31,168,88,0.23437585599042549,0.16484261821947552,0.00033766120963638774,5.082071091028553e-05,0.06953323777094997,0.0002868404987261022,3.7691017170657863,6.2679787291947004,1,1,0,1
3,32,162,94,0.19584445811827117,0.2035428842914646,0.0018943541139601113,0.0028394420173720996,0.00769842617319344,0.0009450879034119883,3.7691017170657863,6.198307261440859,1,1,1,1
3,33,187,69,0.23957242374489102,0.26693127410105166,0.00037721995744398025,0.000837838946897037,0.027358850356160647,0.0004606189894530567,3.7691017170657863,6.600939023932012,1,1,1,1
3,34,90,166,0.23012082086065289,0.1581739193704719,0.006969791632233626,0.0024989918701267006,0.07194690149018099,0.0044707997621069254,3.7691017170657863,6.2431552412325795,1,1,0,1
3,35,76,180,0.23783661950212426,0.1917126496234159,0.001652607952019497,1.7029673513963414e-05,0.04612396987870837,0.0016355782785055337,3.7691017170657863,6.455297393433148,1,1,1,1
3,36,46,210,0.2923817760667429,0.3754957178705334,0.008269849582476486,0.028349126864293757,0.08311394180379045,0.02007927728181727,3.7691017170657863,7.383290657620538,1,1,0,1
3,37,55,201,0.19361563378379457,0.17550269713124456,0.007496794999109024,0.00742954452907644,0.01811293665255001,6.725047003258364e-05,3.7691017170657863,7.005545402643371,1,1,1,1
3,38,69,187,0.2003359477004799,0.2553100642731493,0.009752441910742973,0.007447620918750534,0.054974116572669374,0.0023048209919924387,3.7691017170657863,6.600939023932012,1,1,0,1
3,39,142,114,0.21960125048491166,0.23864771634547435,0.012897457841912117,0.008977153253786927,0.01904646586056269,0.00392030458812519,3.7691017170657863,6.057332078158741,1,1,1,1
3,40,184,72,0.2364467143037205,0.20777856328143715,0.003613311030507599,0.0015195162555343951,0.028668151022283345,0.002093794774973204,3.7691017170657863,6.534729870106683,1,1,1,1
3,41,155,101,0.16173183484009224,0.1523483929604062,0.005102632224777247,0.001717539530851216,0.009383441879686039,0.0033850926939260314,3.7691017170657863,6.134045657981252,1,1,1,1
3,42,110,146,0.15736893265996604,0.20225651574818385,0.1462454984433845,0.16712033608303692,0.0448875830882178,0.02087483763965242,3.7691017170657863,6.075415407643043,1,1,1,1
3,43,84,172,0.3374296032314438,0.3134442134244128,0.0005135653545777911,0.0004419649481786211,0.023985389807030966,7.160040639916996e-05,3.7691017170657863,6.322767834077663,1,1,1,1
3,44,119,137,0.2660779499343463,0.2584789391514409,0.0034183501245715385,0.0031589055103013524,0.007599010782905424,0.0002594446142701861,3.7691017170657863,6.041262300784574,1,1,1,1
3,45,122,134,0.23988966322702962,0.24779492084915236,0.0009871347414971915,0.001860219397090869,0.007905257622122741,0.0008730846555936775,3.7691017170657863,6.035019058016614,1,1,1,1
3,46,138,118,0.24680760562822895,0.214091662689049,0.0010564264428028795,0.0001508138810954082,0.032715942939179954,0.0009056125617074713,3.7691017170657863,6.043905888054216,1,1,1,1
3,47,152,104,0.2449007914755444,0.1610624634245188,0.0007945478721255092,0.0026610638617797747,0.08383832805102559,0.0018665159896542655,3.7691017170657863,6.111638989658647,1,1,0,1
3,48,160,96,0.2853036174900766,0.30282573061510554,0.0027974240597533734,0.002748591194345525,0.017522113125028937,4.8832865407848636e-05,3.7691017170657863,6.178163628679769,1,1,1,1
3,49,115,141,0.3711522296529776,0.38777659302715145,0.0016766943769867676,0.00042055855643129744,0.016624363374173834,0.0012561358205554702,3.7691017170657863,6.053544246392822,1,1,1,1
3,50,133,123,0.20959269038074008,0.2268841251366181,0.0037599065640110457,0.0027640983120156074,0.01729143475587802,0.0009958082519954383,3.7691017170657863,6.033496742929528,1,1,1,1
3,51,160,96,0.23388547454645692,0.23438541025601656,0.001734017069300956,0.0030539981065053254,0.0004999357095596402,0.0013199810372043694,3.7691017170657863,6.178163628679769,1,1,1,1
3,52,144,112,0.16291010537872297,0.18838959597300686,0.0036132633818767006,0.001556097503019943,0.025479490594283893,0.002057165878856758,3.7691017170657863,6.065782570720993,1,1,1,1
3,53,156,100,0.1512327612418921,0.1425673469334695,0.0013769811140273715,0.0007680738333749683,0.008665414308422603,0.0006089072806524032,3.7691017170657863,6.14217858989092,1,1,1,1
3,54,147,109,0.22879881808528174,0.24669575569026164,0.0010042914431797818,0.0029154052943571227,0.0178969376049799,0.001911113851177341,3.7691017170657863,6.080681837163498,1,1,1,1
3,55,130,126,0.18296254514136345,0.2286219582892994,0.0023365273658534423,0.0030784562339231402,0.04565941314793595,0.0007419288680696979,3.7691017170657863,6.030594646277397,1,1,1,1
3,56,146,110,0.2286528454384148,0.1915953412653243,0.003726690275495351,0.0008862041943006023,0.037057504173090505,0.0028404860811947485,3.7691017170657863,6.075415407643043,1,1,1,1
3,57,127,129,0.17162081121382375,0.13438148756897683,0.0027606118625224598,0.004739466158485896,0.03723932364484692,0.001978854295963436,3.7691017170657863,6.030180503963651,1,1,1,1
3,58,75,181,0.18813334778105506,0.22598064632942838,0.0009614718558920174,9.155067083607125e-05,0.03784729854837332,0.0008699211850559461,3.7691017170657863,6.474263226833822,1,1,1,1
3,59,79,177,0.18783468089897876,0.21640401068636658,0.003711840078257412,0.0005504042331486013,0.028569329787387826,0.003161435845108811,3.7691017170657863,6.401740511200117,1,1,1,1
3,60,98,158,0.17906498321618974,0.25553255652561085,0.0063428632652102225,0.011056058078140191,0.07646757330942111,0.0047131948129299685,3.7691017170657863,6.159469695652374,1,1,0,1
3,61,134,122,0.11237007154130876,0.10336436649910688,0.0029721051963775675,0.009005423965656267,0.009005705042201884,0.006033318769278699,3.7691017170657863,6.035019058016614,1,1,1,1
3,62,138,118,0.4517801424929649,0.3742542186612893,0.11608080353189582,0.1677205618510823,0.07752592383167561,0.05163975831918649,3.7691017170657863,6.043905888054216,1,1,0,0
3,63,66,190,0.33100576602708426,0.3266983250523945,0.0001789589944312586,0.00019079276775318954,0.004307440974689769,1.1833773321930953e-05,3.7691017170657863,6.673459860799369,1,1,1,1
3,64,116,140,0.29686694420240123,0.32137649715154104,0.0003606528286346205,0.0007387194368326869,0.024509552949139812,0.0003780666081980664,3.7691017170657863,6.05004518830987,1,1,1,1
3,65,122,134,0.26381836752521526,0.24769252610741985,0.003514172790204939,0.0003883906466166376,0.01612584141779541,0.0031257821435883015,3.7691017170657863,6.035019058016614,1,1,1,1
3,66,128,128,0.2415054810692343,0.22276460774714596,0.005182400902852262,0.005501871153170093,0.018740873322088347,0.0003194702503178312,3.7691017170657863,6.030042481101548,1,1,1,1
3,67,128,128,0.20659198425497716,0.1803312666173,0.0031889513759808114,0.004136084461151046,0.02626071763767715,0.0009471330851702348,3.7691017170657863,6.030042481101548,1,1,1,1
3,68,167,89,0.2664712509709082,0.2522928550234753,0.0022830758496920926,0.0018698417059642217,0.014178395947432865,0.0004132341437278709,3.7691017170657863,6.255360296675076,1,1,1,1
3,69,169,87,0.2466803116203731,0.23905875430076956,0.0011001537729742952,0.0017060560264457597,0.007621557319603539,0.0006059022534714645,3.7691017170657863,6.281019297930367,1,1,1,1
3,70,147,109,0.2502464539352895,0.25789412636357395,0.009620840731747703,0.006156858491427952,0.007647672428284458,0.003463982240319751,3.7691017170657863,6.080681837163498,1,1,1,1
3,71,160,96,0.24636236723586458,0.3244237936320702,0.0005021169171424145,0.0005424156062579233,0.07806142639620561,4.029868911550882e-05,3.7691017170657863,6.178163628679769,1,1,0,1
3,72,156,100,0.27540984711648686,0.23634026912419714,0.0046527032858281366,0.0047763417244224005,0.03906957799228972,0.0001236384385942639,3.7691017170657863,6.14217858989092,1,1,1,1
3,73,165,91,0.19429337847751282,0.1940708190264387,0.0011342482970241735,0.0019113951275615965,0.00022255945107413355,0.000777146830537423,3.7691017170657863,6.231355204389332,1,1,1,1
3,74,126,130,0.30478744244959066,0.3872193546745366,0.002560050202852737,0.007244966717561453,0.08243191222494595,0.004684916514708716,3.7691017170657863,6.030594646277397,1,1,0,1
3,75,99,157,0.22395242740089719,0.1992154239792514,0.005956827996162581,0.004504373897397142,0.02473700342164578,0.0014524540987654391,3.7691017170657863,6.150651543650131,1,1,1,1
3,76,84,172,0.20468460978421718,0.17928343659920745,0.0033568490285630966,8.956449985095954e-05,0.02540117318500973,0.003267284528712137,3.7691017170657863,6.322767834077663,1,1,1,1
3,77,176,80,1.1061705362343095,1.1073417868622109,0.004076309354509602,0.020369853844845895,0.0011712506279013546,0.016293544490336292,3.7691017170657863,6.3849524788219725,1,1,1,1
3,78,132,124,0.4076016278870638,0.40739245609838526,0.0004004945136782947,0.002943751639274038,0.00020917178867851938,0.002543257125595743,3.7691017170657863,6.03225232233578,1,1,1,1
3,79,152,104,0.4546040901178938,0.4683683578218292,0.0007420150713636602,0.0012215740313990912,0.013764267703935351,0.0004795589600354311,3.7691017170657863,6.111638989658647,1,1,1,1
3,80,124,132,0.5683834892328682,0.5882835022632011,0.003220440167345205,0.006353421272941174,0.019900013030332953,0.0031329811055959686,3.7691017170657863,6.03225232233578,1,1,1,1
3,81,138,118,0.29914095669512675,0.2671961022745732,0.00023906762415034743,0.002958845539065301,0.03194485442055356,0.0027197779149149533,3.7691017170657863,6.043905888054216,1,1,1,1
3,82,136,120,0.3255960268579216,0.33922825295503745,0.0007256510412058034,1.2779979220892829e-05,0.01363222609711584,0.0007128710619849106,3.7691017170657863,6.038900791796482,1,1,1,1
3,83,146,110,0.3178145011498815,0.3449222467031088,0.0018009461145204464,0.001625529144824358,0.027107745553227258,0.00017541696969608847,3.7691017170657863,6.075415407643043,1,1,1,1
3,84,130,126,0.30916828306266086,0.4001955894316698,0.0015729814415962372,0.004595600101706662,0.09102730636900891,0.003022618660110425,3.7691017170657863,6.030594646277397,1,1,0,1
3,85,139,117,0.36538784162308535,0.3503476101623065,0.005498142486802686,0.0038749605969478143,0.015040231460778875,0.0016231818898548717,3.7691017170657863,6.046832986604354,1,1,1,1
3,86,134,122,0.9803290315298065,1.0231560194671803,0.006996812565684494,0.014187856348330474,0.04282698793737372,0.00719104378264598,3.7691017170657863,6.035019058016614,1,1,1,1
3,87,134,122,0.8097219404604313,0.8689864361385672,0.0008189499599917348,0.00032899250885357056,0.05926449567813585,0.0004899574511381642,3.7691017170657863,6.035019058016614,1,1,0,1
3,88,152,104,0.4405492038019912,0.43588204461375235,0.0002209475798145913,0.0004374352213493832,0.004667159188238845,0.00021648764153479189,3.7691017170657863,6.111638989658647,1,1,1,1
3,89,153,103,0.31726180692888933,0.31725268413321983,0.0021858641703357447,0.002033306547823438,9.122795669502803e-06,0.00015255762251230667,3.7691017170657863,6.118780416286548,1,1,1,1
3,90,159,97,0.30111429853981236,0.2898172803429,0.0007690602395929976,0.0029601099863948493,0.011297018196912367,0.0021910497468018517,3.7691017170657863,6.1686384860098045,1,1,1,1
3,91,170,86,0.28854799625061567,0.3372485987925993,0.0015549977920200657,0.0009542125238313076,0.048700602541983606,0.000600785268188758,3.7691017170657863,6.294491181834042,1,1,1,1
3,92,187,69,0.2617010091620171,0.2426078394066944,6.540868666787131e-05,0.0009250930086429632,0.019093169755322714,0.0008596843219750919,3.7691017170657863,6.600939023932012,1,1,1,1
3,93,157,99,0.29926492603357757,0.2993958007246812,0.0029987724131545525,0.0008912593985991729,0.00013087469110362182,0.0021075130145553796,3.7691017170657863,6.150651543650131,1,1,1,1
3,94,184,72,0.24621095814963703,0.2532243759795191,0.0010541684760882047,0.003923107339552947,0.007013417829882046,0.002868938863464742,3.7691017170657863,6.534729870106683,1,1,1,1
3,95,171,85,0.22656466246489954,0.24090388093399911,0.0012064532999476497,0.0008517486231193489,0.01433921846909958,0.00035470467682830083,3.7691017170657863,6.308404000115543,1,1,1,1
3,96,176,80,0.2427556939254497,0.235593077216818,0.0076790108508940184,0.014696232925583384,0.007162616708631719,0.007017222074689366,3.7691017170657863,6.3849524788219725,1,1,1,1
3,97,163,93,0.21544694675632903,0.18435493324497018,0.0027964844843426494,0.0031815977674012966,0.031092013511358846,0.00038511328305864713,3.7691017170657863,6.208938649322981,1,1,1,1
3,98,173,83,0.27434727341767284,0.2584967940227366,0.006274318755316918,0.006312126037045073,0.015850479394936223,3.7807281728155506e-05,3.7691017170657863,6.337593250448081,1,1,1,1
3,99,179,77,0.29702789070269764,0.30543650552226953,0.0005072159310809303,0.004491714630901332,0.008408614819571891,0.003984498699820402,3.7691017170657863,6.4368985483580925,1,1,1,1
3,100,178,78,0.2895625655698877,0.24872684968236353,0.0036549013103619812,0.0014671467979391825,0.04083571588752416,0.0021877545124227987,3.7691017170657863,6.419051177986525,1,1,1,1
3,101,190,66,0.2791476866916477,0.312490816066998,0.0003284490187546382,0.002402342457924005,0.03334312937535033,0.002073893439169367,3.7691017170657863,6.673459860799369,1,1,1,1
3,102,196,60,0.28019606731935076,0.23880515669682695,0.007831734605732485,0.005219015589485656,0.04139091062252381,0.002612719016246829,3.7691017170657863,6.840225488568713,1,1,1,1
3,103,212,44,0.32894651563678784,0.32015811251312853,0.0068675368159125914,0.0056333443654374826,0.008788403123659305,0.0012341924504751089,3.7691017170657863,7.4851955110255135,1,1,1,1
3,104,196,60,0.2874019271054069,0.2786521722362725,0.0026829572150719218,0.006193709713127117,0.00874975486913443,0.003510752498055195,3.7691017170657863,6.840225488568713,1,1,1,1
3,105,154,102,0.31179844534922346,0.3454325438638847,0.02174975960812767,0.015323560977768928,0.03363409851466126,0.006426198630358742,3.7691017170657863,6.12624782574149,1,1,1,1
3,106,185,71,0.33014864653551146,0.24596278833895477,0.020621695139390463,0.01741702416458868,0.08418585819655669,0.003204670974801784,3.7691017170657863,6.5561352412464995,1,1,0,1
3,107,148,108,0.3122022746278498,0.29512602965798534,0.009090761679943061,0.010476033445360544,0.01707624496986443,0.0013852717654174833,3.7691017170657863,6.086252178924144,1,1,1,1
3,108,149,107,0.41527162984608545,0.38973364667889726,0.005005492792047941,0.002326366572152636,0.025537983167188194,0.0026791262198953055,3.7691017170657863,6.092129599724122,1,1,1,1
3,109,170,86,0.5674260698450314,0.5929511866710391,6.372272069403505e-05,3.511114436134319e-05,0.025525116826007666,2.8611576332691858e-05,3.7691017170657863,6.294491181834042,1,1,1,1
3,110,160,96,0.6905384273770376,0.6989823622648556,0.008875655960725523,0.008384585770888912,0.008443934887817917,0.0004910701898366114,3.7691017170657863,6.178163628679769,1,1,1,1
3,111,191,65,0.8495541083765464,0.7881905760514689,0.0020381801508300296,0.0019993157631859075,0.06136353232507752,3.8864387644122096e-05,3.7691017170657863,6.6991481967338915,1,1,0,1
3,112,158,98,0.7767262356628506,0.844513597887441,0.002068931482516104,0.0014643654462242165,0.06778736222459036,0.0006045660362918874,3.7691017170657863,6.159469695652374,1,1,0,1
3,113,114,142,0.7011546467827647,0.6424330452264624,0.003015553560407844,0.002135369470375903,0.05872160155630235,0.0008801840900319411,3.7691017170657863,6.057332078158741,1,1,0,1
3,114,127,129,0.6772069092370554,0.668128123903993,0.004050356414429572,0.0035483343725799185,0.009078785333062389,0.0005020220418496535,3.7691017170657863,6.030180503963651,1,1,1,1
3,115,161,95,0.6229228749512811,0.6346819283599492,0.0011949828311502448,0.0005850806134365259,0.011759053408668119,0.0006099022177137189,3.7691017170657863,6.188051122252272,1,1,1,1
3,116,129,127,0.6593647072990575,0.6815350204696018,0.001296381134302276,0.004977108950339539,0.022170313170544298,0.003680727816037263,3.7691017170657863,6.030180503963651,1,1,1,1
3,117,97,159,0.6917929334791993,0.6779934431588253,0.0024821670737426773,0.003324841063122419,0.013799490320374086,0.0008426739893797417,3.7691017170657863,6.1686384860098045,1,1,1,1
3,118,143,113,0.6881527334750994,0.6407091554371994,0.0010327262992624923,0.0008219927385582793,0.0474435780379,0.00021073356070421293,3.7691017170657863,6.0614107680064695,1,1,1,1
3,119,138,118,0.7230612462382064,0.7285187105487072,0.0063777748047355596,0.012801548875980243,0.005457464310500759,0.006423774071244683,3.7691017170657863,6.043905888054216,1,1,1,1
3,120,121,135,0.7598093985956145,0.7537019258095251,0.0026995455903775084,0.005359245713822458,0.006107472786089363,0.0026597001234449497,3.7691017170657863,6.036820084753119,1,1,1,1
3,121,130,126,0.8210744310798257,0.8379825324018187,0.03898114680515049,0.02532858142290276,0.016908101321993052,0.013652565382247728,3.7691017170657863,6.030594646277397,1,1,1,1
3,122,158,98,0.7879923692985404,0.7709512015909294,0.0038244765534245226,0.004344971371295083,0.017041167707610994,0.0005204948178705602,3.7691017170657863,6.159469695652374,1,1,1,1
3,123,118,138,0.8023166352456261,0.8167322174722611,0.010008003583571776,0.002678497395001006,0.014415582226634971,0.00732950618857077,3.7691017170657863,6.043905888054216,1,1,1,1
3,124,177,79,0.7281577578244389,0.714714329374893,0.007203723140734038,0.00370979711127138,0.013443428449545936,0.0034939260294626576,3.7691017170657863,6.401740511200117,1,1,1,1
3,125,164,92,0.7536361150605906,0.7504346012747234,0.0027041739736131895,0.0030245911900545833,0.003201513785867194,0.0003204172164413938,3.7691017170657863,6.219952210379759,1,1,1,1
3,126,119,137,0.7503447442076177,0.7560256988602613,0.0016690314805688083,0.005670232535603573,0.005680954652643622,0.004001201055034764,3.7691017170657863,6.041262300784574,1,1,1,1
3,127,153,103,0.6934985938301017,0.6851621691097673,0.0018257008191044938,0.0072807862380016766,0.008336424720334357,0.005455085418897183,3.7691017170657863,6.118780416286548,1,1,1,1
3,128,145,111,0.6867516999878243,0.6718470186661529,0.09778553897130522,0.08627070584850483,0.014904681321671331,0.011514833122800397,3.7691017170657863,6.070449915059634,1,1,1,1
4,1,130,126,0.6931471805599453,0.6931471805599453,0.0,0.0,0.0,0.0,3.7691017170657863,6.030594646277397,1,1,1,1
4,2,154,102,0.5394738455700031,0.5409195748323092,0.0009635444030475487,0.00156199606498416,0.001445729262306128,0.0005984516619366113,3.7691017170657863,6.12624782574149,1,1,1,1
4,3,107,149,0.44206959018881586,0.4314069352855696,0.00010270732533215006,0.0005238554350856959,0.01066265490324625,0.00042114810975354587,3.7691017170657863,6.092129599724122,1,1,1,1
4,4,131,125,0.36533291393428435,0.35408635157106794,0.002659274966076937,0.001522964710132078,0.011246562363216417,0.0011363102559448588,3.7691017170657863,6.0312851293365455,1,1,1,1
4,5,130,126,0.29073482012379626,0.2861029723224513,0.0008149269977372441,0.0013175266300784264,0.004631847801344957,0.0005025996323411823,3.7691017170657863,6.030594646277397,1,1,1,1
4,6,132,124,0.28382191489361863,0.30440758782366645,0.0017154329457087962,0.0010491801007342788,0.020585672930047816,0.0006662528449745174,3.7691017170657863,6.03225232233578,1,1,1,1
4,7,118,138,0.28293879735503596,0.2947436130104459,0.0006850382302839527,0.0034683466665114127,0.011804815655409917,0.00278330843622746,3.7691017170657863,6.043905888054216,1,1,1,1
4,8,136,120,0.2864624057170877,0.25620934137758733,0.000182487386883353,0.0040749714499655285,0.03025306433950037,0.0038924840630821756,3.7691017170657863,6.038900791796482,1,1,1,1
4,9,145,111,0.21746354193038053,0.22420624561933114,0.002693494504992393,0.002968631085740846,0.0067427036889506076,0.0002751365807484533,3.7691017170657863,6.070449915059634,1,1,1,1
4,10,132,124,0.21818924568014494,0.21818588680495557,0.0009359656476339382,0.00043163530169664215,3.3588751893742774e-06,0.000504330345937296,3.7691017170657863,6.03225232233578,1,1,1,1
4,11,146,110,0.2385891137272262,0.24563873148102489,0.0035918374585893233,0.003869152336506986,0.007049617753798698,0.0002773148779176629,3.7691017170657863,6.075415407643043,1,1,1,1
4,12,113,143,0.21052534621392258,0.19560645926464937,0.0005665115394617138,0.005028575268011131,0.014918886949273208,0.0044620637285494175,3.7691017170657863,6.0614107680064695,1,1,1,1
4,13,121,135,0.252137999312666,0.2677260664662584,0.002817058276666857,0.0018208120183874155,0.0155880671535924,0.0009962462582794413,3.7691017170657863,6.036820084753119,1,1,1,1
4,14,121,135,0.19678512514034993,0.1972173063770435,0.0023883636282712945,0.0091577615612835,0.00043218123669355735,0.006769397933012205,3.7691017170657863,6.036820084753119,1,1,1,1
4,15,133,123,0.22345072432261154,0.17451263297018527,0.008150213385159918,0.013983378832649346,0.04893809135242627,0.005833165447489429,3.7691017170657863,6.033496742929528,1,1,1,1
4,16,144,112,0.18958051747448249,0.22632222348380746,0.002202945950246342,0.006813972261866714,0.03674170600932497,0.004611026311620372,3.7691017170657863,6.065782570720993,1,1,1,1
4,17,135,121,0.2628739932011048,0.26283999518332074,0.0008911103238519618,0.000750329551198877,3.3998017784087065e-05,0.00014078077265308481,3.7691017170657863,6.036820084753119,1,1,1,1
4,18,162,94,0.2292083035949394,0.22152024735078615,0.004950748226231486,0.0006513314746566482,0.007688056244153252,0.004299416751574838,3.7691017170657863,6.198307261440859,1,1,1,1
4,19,184,72,0.23804173476573964,0.22238974668188663,0.0003819122287845485,0.0011949565818076412,0.015651988083853013,0.0008130443530230927,3.7691017170657863,6.534729870106683,1,1,1,1
4,20,168,88,0.2578424568225048,0.29763159385600746,0.0002168419270518577,0.002233538059786112,0.039789137033502675,0.0020166961327342543,3.7691017170657863,6.2679787291947004,1,1,1,1
4,21,169,87,0.22474331945644466,0.22434171143062404,0.0018938342767076555,0.007597549505773177,0.00040160802582062116,0.005703715229065522,3.7691017170657863,6.281019297930367,1,1,1,1
4,22,174,82,0.2795439596326107,0.2789119357896491,0.0013738169839087586,0.0031360668526678164,0.000632023842961571,0.0017622498687590578,3.7691017170657863,6.3528913263242766,1,1,1,1
4,23,186,70,0.24584186013341733,0.21247859835659455,0.0027399642238049625,0.002666166930508764,0.03336326177682278,7.379729329619854e-05,3.7691017170657863,6.578197955307224,1,1,1,1
4,24,170,86,0.20211393660635119,0.20202178024338593,0.0015883856618826363,0.00323129464272532,9.215636296525109e-05,0.0016429089808426838,3.7691017170657863,6.294491181834042,1,1,1,1
4,25,163,93,0.29435202536900396,0.32906012462644285,0.0005500182276295238,0.003813433103453781,0.034708099257438896,0.003263414875824257,3.7691017170657863,6.208938649322981,1,1,1,1
4,26,154,102,0.33672473924015434,0.3115862658602513,0.0011117213966345251,0.0017699796251906931,0.025138473379903048,0.000658258228556168,3.7691017170657863,6.12624782574149,1,1,1,1
4,27,170,86,0.18349117801682197,0.1319340304895256,0.0004377420045640992,0.0011415749708980458,0.05155714752729637,0.0007038329663339466,3.7691017170657863,6.294491181834042,1,1,0,1
4,28,179,77,0.32046891358088536,0.38207277082293717,0.0005634813621194098,0.003924115087621984,0.06160385724205181,0.0033606337255025743,3.7691017170657863,6.4368985483580925,1,1,0,1
4,29,169,87,0.27629079132868695,0.2936234103943868,0.001701235342888835,0.004036658743608085,0.017332619065699828,0.00233542340071925,3.7691017170657863,6.281019297930367,1,1,1,1
4,30,167,89,0.2932005225168993,0.3021433496117619,0.004451103933797294,0.002529644698333857,0.008942827094862604,0.0019214592354634373,3.7691017170657863,6.255360296675076,1,1,1,1
4,31,176,80,0.23279805447638066,0.2590696304748615,0.0003435796709491647,0.010430353708611593,0.026271575998480817,0.010086774037662428,3.7691017170657863,6.3849524788219725,1,1,1,1
4,32,159,97,0.19586485502268125,0.15205441456442226,0.0018943647753695107,0.003279753302853867,0.04381044045825899,0.001385388527484356,3.7691017170657863,6.1686384860098045,1,1,1,1
4,33,184,72,0.23904257350533573,0.2666837518222145,0.000379278631893984,0.0037181609110575773,0.02764117831687876,0.0033388822791635933,3.7691017170657863,6.534729870106683,1,1,1,1
4,34,90,166,0.2295795897566264,0.22944452071168533,0.006994323670076961,0.01313005801480227,0.0001350690449410663,0.006135734344725309,3.7691017170657863,6.2431552412325795,1,1,1,1
4,35,79,177,0.23810931848323358,0.2198083791790819,0.0016370719327365498,0.007209170692092603,0.018300939304151692,0.005572098759356053,3.7691017170657863,6.401740511200117,1,1,1,1
4,36,54,202,0.2923875229979168,0.28357422491193024,0.008145420691601284,0.0021544190305104742,0.008813298085986576,0.00599100166109081,3.7691017170657863,7.041975477148673,1,1,1,1
4,37,47,209,0.1929143695301536,0.23946514090408633,0.007524523694117432,0.00481447090302318,0.04655077137393274,0.002710052791094252,3.7691017170657863,7.335123293556505,1,1,1,1
4,38,78,178,0.2006801030003998,0.22919456848667247,0.009702341153684515,0.015251824237051837,0.028514465486272678,0.005549483083367323,3.7691017170657863,6.419051177986525,1,1,1,1
4,39,148,108,0.21957557219414403,0.22913378782522933,0.012823947619875035,0.01059704158276514,0.009558215631085304,0.0022269060371098957,3.7691017170657863,6.086252178924144,1,1,1,1
4,40,145,111,0.23636702490066602,0.23632070960416213,0.003592090869412478,0.006373782649466064,4.6315296503895986e-05,0.002781691780053586,3.7691017170657863,6.070449915059634,1,1,1,1
4,41,152,104,0.16206024795248505,0.17229251281442678,0.005055546009863425,0.00046300194109092935,0.010232264861941731,0.004592544068772496,3.7691017170657863,6.111638989658647,1,1,1,1
4,42,119,137,0.15846587461441425,0.14959877567952515,0.14618495139540094,0.1498834794473652,0.0088670989348891,0.003698528051964245,3.7691017170657863,6.041262300784574,1,1,1,1
4,43,84,172,0.33736706118624027,0.39293216404053877,0.0005151574826324054,0.0008328097716738018,0.0555651028542985,0.00031765228904139637,3.7691017170657863,6.322767834077663,1,1,0,1
4,44,126,130,0.2674624609554712,0.26774223968231636,0.003366954965028728,0.003988906323031855,0.00027977872684514793,0.0006219513580031271,3.7691017170657863,6.030594646277397,1,1,1,1
4,45,121,135,0.24155552836326133,0.25780916482465477,0.0009690607933459364,0.0011523294358997134,0.01625363646139344,0.000183268642553777,3.7691017170657863,6.036820084753119,1,1,1,1
4,46,130,126,0.24829207658815208,0.22407432736638455,0.0010388357395062211,0.0009330257758134637,0.02421774922176753,0.00010580996369275743,3.7691017170657863,6.030594646277397,1,1,1,1
4,47,156,100,0.24627334981928725,0.23798605497335545,0.0007806907336277093,0.00010004836033999598,0.008287294845931797,0.0006806423732877133,3.7691017170657863,6.14217858989092,1,1,1,1
4,48,155,101,0.2864526551072182,0.2778908001084138,0.002729136045192048,0.0010487948706511766,0.008561854998804352,0.0016803411745408715,3.7691017170657863,6.134045657981252,1,1,1,1
4,49,132,124,0.37028535718694044,0.43738416415828923,0.0016440786586273339,0.0014361445380308624,0.06709880697134879,0.0002079341205964715,3.7691017170657863,6.03225232233578,1,1,0,1
4,50,154,102,0.2130916841863618,0.2046961507775113,0.003662318291513881,0.003984568089799417,0.008395533408850492,0.0003222497982855359,3.7691017170657863,6.12624782574149,1,1,1,1
4,51,152,104,0.2358457144498379,0.26090061078773197,0.0017014036537000002,0.0006457591248259231,0.025054896337894067,0.001055644528874077,3.7691017170657863,6.111638989658647,1,1,1,1
4,52,136,120,0.1666359462060504,0.15905082095319234,0.0035391453591409466,0.0032379777142002826,0.007585125252858066,0.000301167644940664,3.7691017170657863,6.038900791796482,1,1,1,1
4,53,145,111,0.15369114047176308,0.1889762104598579,0.0013555273227992583,0.0003338171662707261,0.03528506998809483,0.0010217101565285322,3.7691017170657863,6.070449915059634,1,1,1,1
4,54,137,119,0.2303327443158808,0.26620792061695053,0.0009832104904662923,0.0018203691961322039,0.03587517630106973,0.0008371587056659115,3.7691017170657863,6.041262300784574,1,1,1,1
4,55,98,158,0.18558184692279767,0.22127445181531946,0.00228513307590034,0.0017079633380078533,0.035692604892521795,0.0005771697378924865,3.7691017170657863,6.159469695652374,1,1,1,1
4,56,140,116,0.22994327776608647,0.2390708350090829,0.00365258082500865,0.0015158562327767006,0.009127557242996437,0.0021367245922319492,3.7691017170657863,6.05004518830987,1,1,1,1
4,57,134,122,0.17458371932079889,0.20139287076651757,0.002696103254601392,0.0005873821305793773,0.026809151445718687,0.002108721124022015,3.7691017170657863,6.035019058016614,1,1,1,1
4,58,83,173,0.191245596240398,0.20051053410098021,0.0009343107497094055,0.0030983748984486654,0.009264937860582217,0.00216406414873926,3.7691017170657863,6.337593250448081,1,1,1,1
4,59,78,178,0.19027738381407336,0.16203879049002645,0.0036265946704732276,0.00864303100685921,0.028238593324046907,0.005016436336385982,3.7691017170657863,6.419051177986525,1,1,1,1
4,60,101,155,0.18068399625565762,0.1998577665918856,0.006213196175945854,0.01294565530341127,0.01917377033622797,0.006732459127465416,3.7691017170657863,6.134045657981252,1,1,1,1
4,61,142,114,0.11348560848933878,0.10433130966055132,0.0029373689149310616,0.0018676989647029535,0.00915429882878746,0.001069669950228108,3.7691017170657863,6.057332078158741,1,1,1,1
4,62,135,121,0.4516553848997857,0.4725287119245748,0.11530078209812088,0.20289535472334702,0.020873327024789112,0.08759457262522614,3.7691017170657863,6.036820084753119,1,1,1,0
4,63,89,167,0.3389769312135933,0.3307310828466924,0.00017420977034998762,0.0003509314370778345,0.008245848366900899,0.00017672166672784689,3.7691017170657863,6.255360296675076,1,1,1,1
4,64,109,147,0.3022182063202323,0.29747322131469445,0.0002786806825560723,0.0002249399601137632,0.004744985005537827,5.374072244230914e-05,3.7691017170657863,6.080681837163498,1,1,1,1
4,65,115,141,0.2647396329912859,0.2704187150374759,0.0034295360655780885,0.004031295767805348,0.005679082046189998,0.0006017597022272593,3.7691017170657863,6.053544246392822,1,1,1,1
4,66,129,127,0.24390598602777114,0.2498749066844401,0.005363316690177276,0.0024570979348947676,0.005968920656668958,0.0029062187552825088,3.7691017170657863,6.030180503963651,1,1,1,1
4,67,128,128,0.21037617510512374,0.22330876153461116,0.003543432500519153,0.0075276647580745926,0.012932586429487414,0.0039842322575554395,3.7691017170657863,6.030042481101548,1,1,1,1
4,68,175,81,0.27010557642365074,0.24911528892035426,0.0022258607339494738,0.00485661665354193,0.020990287503296484,0.0026307559195924562,3.7691017170657863,6.368673675858521,1,1,1,1
4,69,181,75,0.2496649798889593,0.25822493849647216,0.0009478407993039617,0.005791331760635475,0.008559958607512852,0.004843490961331513,3.7691017170657863,6.474263226833822,1,1,1,1
4,70,144,112,0.25310534401972906,0.25301575113756747,0.008680422667710047,0.005797135914319785,8.959288216159322e-05,0.002883286753390262,3.7691017170657863,6.065782570720993,1,1,1,1
4,71,164,92,0.24856345040248395,0.25620634717306645,0.00013028632541681878,0.0012465461030062514,0.007642896770582497,0.0011162597775894326,3.7691017170657863,6.219952210379759,1,1,1,1
4,72,163,93,0.2753823054776925,0.2913447329370724,0.004572594466124284,0.0010997915738303818,0.015962427459379924,0.0034728028922939025,3.7691017170657863,6.208938649322981,1,1,1,1
4,73,160,96,0.19615830762473832,0.18833281530533477,0.0012087675293195356,0.0014330408524912928,0.007825492319403549,0.00022427332317175724,3.7691017170657863,6.178163628679769,1,1,1,1
4,74,127,129,0.30520293102521934,0.32939756665741876,0.0024498300177121777,0.0038264701654780603,0.024194635632199424,0.0013766401477658826,3.7691017170657863,6.030180503963651,1,1,1,1
4,75,90,166,0.223463655347445,0.23156781905925605,0.005777369932658996,0.005795950588545901,0.008104163711811052,1.8580655886904496e-05,3.7691017170657863,6.2431552412325795,1,1,1,1
4,76,90,166,0.2051093965254765,0.20544473678734715,0.003266405891659758,0.0006022334965885452,0.0003353402618706536,0.002664172395071213,3.7691017170657863,6.2431552412325795,1,1,1,1
4,77,196,60,1.1016038416680192,1.0674151230605193,0.004060094508683696,3.120960262434358e-05,0.034188718607499835,0.0040288849060593525,3.7691017170657863,6.840225488568713,1,1,1,1
4,78,136,120,0.4076000423099273,0.41402590003775624,0.00043806324545203265,0.005101223320459394,0.006425857727828943,0.004663160075007361,3.7691017170657863,6.038900791796482,1,1,1,1
4,79,141,115,0.4545186903401314,0.5160051367537817,0.0008262211842230936,0.005234558151867734,0.06148644641365025,0.00440833696764464,3.7691017170657863,6.053544246392822,1,1,0,1
4,80,129,127,0.5660650289537383,0.5863204700435879,0.002907406879233663,0.0011600931635306908,0.020255441089849557,0.001747313715702972,3.7691017170657863,6.030180503963651,1,1,1,1
4,81,157,99,0.3013189961801651,0.30115708336301067,0.0002551280025381384,0.0009552660592046999,0.0001619128171544415,0.0007001380566665615,3.7691017170657863,6.150651543650131,1,1,1,1
4,82,128,128,0.3279552093145395,0.3939863750310276,0.0011674582010285928,0.0014794557195525054,0.06603116571648815,0.00031199751852391266,3.7691017170657863,6.030042481101548,1,1,0,1
4,83,134,122,0.3212645500813376,0.3547821798690349,0.0015430466261166162,0.0009254134621376258,0.03351762978769729,0.0006176331639789904,3.7691017170657863,6.035019058016614,1,1,1,1
4,84,133,123,0.31240306477301777,0.312202367034875,0.0014964999142916841,0.0021834423137981037,0.00020069773814279657,0.0006869423995064195,3.7691017170657863,6.033496742929528,1,1,1,1
4,85,145,111,0.3655152373667071,0.3519021452272346,0.005435500510664538,0.006121371372302467,0.013613092139472482,0.0006858708616379293,3.7691017170657863,6.070449915059634,1,1,1,1
4,86,135,121,0.9784747923566217,1.0830719348443716,0.00684798194822136,0.005705711371432069,0.10459714248774987,0.0011422705767892916,3.7691017170657863,6.036820084753119,1,1,0,1
4,87,135,121,0.802874763324451,0.7916686669318671,0.0009174720507177034,0.0022738036880675765,0.011206096392583853,0.001356331637349873,3.7691017170657863,6.036820084753119,1,1,1,1
4,88,133,123,0.4397100267697378,0.4441132908178607,0.0002777693911224857,0.0014084649029023578,0.004403264048122912,0.001130695511779872,3.7691017170657863,6.033496742929528,1,1,1,1
4,89,143,113,0.31647348438899736,0.34773191146574595,0.0022689317231167905,0.004559556040807289,0.031258427076748585,0.0022906243176904987,3.7691017170657863,6.0614107680064695,1,1,1,1
4,90,167,89,0.3029899861025207,0.2974376367240636,0.000707561559193313,0.002780027343501707,0.005552349378457111,0.002072465784308394,3.7691017170657863,6.255360296675076,1,1,1,1
4,91,167,89,0.29024515592540645,0.36865174032531667,0.0015326831981180412,0.003848484534166516,0.07840658439991022,0.0023158013360484748,3.7691017170657863,6.255360296675076,1,1,0,1
4,92,197,59,0.2650149951604268,0.25891324830230034,0.0005414457162361899,0.0002989679948739929,0.006101746858126478,0.00024247772136219703,3.7691017170657863,6.871196453948448,1,1,1,1
4,93,159,97,0.3018003769215535,0.29559655357273373,0.003212787138744431,6.143559363206569e-05,0.006203823348819748,0.003151351545112365,3.7691017170657863,6.1686384860098045,1,1,1,1
4,94,193,63,0.2486727808965248,0.2349081898843929,0.0016687734425582315,0.002224112912754636,0.0137645910121319,0.0005553394701964046,3.7691017170657863,6.752959695389444,1,1,1,1
4,95,167,89,0.22766182792275488,0.2637204079476633,0.0013133085621913022,0.0025214232392464,0.03605858002490844,0.001208114677055098,3.7691017170657863,6.255360296675076,1,1,1,1
4,96,189,67,0.2442281516935748,0.23672402879600296,0.008373461808882706,0.012870615370322323,0.007504122897571852,0.004497153561439617,3.7691017170657863,6.648545990797513,1,1,1,1
4,97,177,79,0.2169027634817061,0.2244496988983452,0.0031058905033343447,0.003957105080162247,0.007546935416639117,0.0008512145768279026,3.7691017170657863,6.401740511200117,1,1,1,1
4,98,178,78,0.2757250254237903,0.25968101917967085,0.005909798065101467,0.0015793718816152595,0.016044006244119446,0.004330426183486207,3.7691017170657863,6.419051177986525,1,1,1,1
4,99,180,76,0.29785284612896445,0.28957725984765825,0.0003839694076043709,0.0031168411995793864,0.008275586281306202,0.0027328717919750155,3.7691017170657863,6.455297393433148,1,1,1,1
4,100,191,65,0.29014102683111975,0.2820405508687038,0.0034716577699105307,0.0015460230491891403,0.008100475962415976,0.0019256347207213904,3.7691017170657863,6.6991481967338915,1,1,1,1
4,101,183,73,0.2801344966629197,0.30502142383208103,0.000665895734532837,0.0018677943048278703,0.024886927169161355,0.0012018985702950333,3.7691017170657863,6.513961890600119,1,1,1,1
4,102,206,50,0.28096975638234023,0.30504350580751277,0.0076563590371957375,0.007267134040958127,0.02407374942517254,0.0003892249962376103,3.7691017170657863,7.200664946962764,1,1,1,1
4,103,207,49,0.3290674980060801,0.32912137719538404,0.00649920171257241,0.015282252558275332,5.387918930394031e-05,0.008783050845702921,3.7691017170657863,7.243893562462768,1,1,1,1
4,104,197,59,0.28861047785109006,0.3136788854794121,0.002465896368817836,0.0002729745831762838,0.02506840762832202,0.0021929217856415523,3.7691017170657863,6.871196453948448,1,1,1,1
4,105,167,89,0.3124053989911644,0.27060215827179057,0.02136467565838835,0.018158411496629674,0.0418032407193738,0.0032062641617586762,3.7691017170657863,6.255360296675076,1,1,1,1
4,106,180,76,0.33026316173880355,0.3471700785410764,0.0201217555302145,0.017040460010700573,0.016906916802272853,0.003081295519513926,3.7691017170657863,6.455297393433148,1,1,1,1
4,107,150,106,0.31281627821694713,0.3374695653451983,0.009045485669620917,0.009165033359433215,0.024653287128251156,0.00011954768981229866,3.7691017170657863,6.0983174631057295,1,1,1,1
4,108,147,109,0.41242571115804505,0.40417911537653933,0.004986421453229362,0.004371983625629489,0.008246595781505717,0.000614437827599873,3.7691017170657863,6.080681837163498,1,1,1,1
4,109,162,94,0.5594869187442705,0.5354554849155435,6.897839449867106e-05,0.0024995090969718407,0.024031433828726967,0.0024305307024731697,3.7691017170657863,6.198307261440859,1,1,1,1
4,110,171,85,0.6821169706673542,0.6997539202131237,0.008859429324436792,0.0034016184890887854,0.017636949545769443,0.0054578108353480065,3.7691017170657863,6.308404000115543,1,1,1,1
4,111,175,81,0.8372321180109075,0.8301087827659144,0.002079514703867181,0.0006417626493175933,0.00712333524499309,0.0014377520545495875,3.7691017170657863,6.368673675858521,1,1,1,1
4,112,152,104,0.7630700403201995,0.7394298557583684,0.002007906266340462,6.132934055217993e-05,0.023640184561831146,0.0019465769257882822,3.7691017170657863,6.111638989658647,1,1,1,1
4,113,121,135,0.6991817229412036,0.7486857596472167,0.003024164889206614,0.006325420460701815,0.04950403670601311,0.0033012555714952013,3.7691017170657863,6.036820084753119,1,1,1,1
4,114,131,125,0.6684030962322356,0.6840381203810831,0.0036615884589473527,0.0025235142584432713,0.015635024148847543,0.0011380742005040814,3.7691017170657863,6.0312851293365455,1,1,1,1
4,115,162,94,0.6194636029422342,0.6406177786807155,0.001075981938847283,0.0004384288272290607,0.021154175738481218,0.0006375531116182224,3.7691017170657863,6.198307261440859,1,1,1,1
4,116,111,145,0.653737118732851,0.6640326500296256,0.0013998118329574755,0.003690603317666335,0.01029553129677463,0.0022907914847088593,3.7691017170657863,6.070449915059634,1,1,1,1
4,117,88,168,0.6862948013323722,0.6832609243681543,0.002135990547269347,0.0015265366202697334,0.003033876964217863,0.0006094539269996136,3.7691017170657863,6.2679787291947004,1,1,1,1
4,118,120,136,0.683324248082624,0.6598329029253325,0.0010569733753311792,0.00048431074146593894,0.023491345157291565,0.0005726626338652403,3.7691017170657863,6.038900791796482,1,1,1,1
4,119,136,120,0.7144201849742038,0.7129052129065174,0.006794236586968442,0.00403223156277371,0.0015149720676863598,0.002762005024194732,3.7691017170657863,6.038900791796482,1,1,1,1
4,120,127,129,0.7515667858992037,0.7759965172147256,0.0015829810978408715,0.003214887752369347,0.024429731315521952,0.0016319066545284755,3.7691017170657863,6.030180503963651,1,1,1,1
4,121,109,147,0.8056693977976943,0.7826169428910086,0.04090580832899718,0.043964852902758485,0.023052454906685726,0.003059044573761306,3.7691017170657863,6.080681837163498,1,1,1,1
4,122,137,119,0.7846658221600202,0.7711000087935358,0.002980971336051864,0.0046073272456492766,0.013565813366484436,0.0016263559095974125,3.7691017170657863,6.041262300784574,1,1,1,1
4,123,130,126,0.7987208793957232,0.7664227398967338,0.009615581449962714,0.01927873268344575,0.03229813949898941,0.009663151233483037,3.7691017170657863,6.030594646277397,1,1,1,1
4,124,178,78,0.734392876812107,0.7417544769223423,0.0060736560377965265,0.004660700457315165,0.0073616001102353446,0.0014129555804813614,3.7691017170657863,6.419051177986525,1,1,1,1
4,125,170,86,0.7565555507449309,0.7721472302436205,0.00320704328386164,0.005346969693450785,0.01559167949868967,0.0021399264095891446,3.7691017170657863,6.294491181834042,1,1,1,1
4,126,121,135,0.7469776765583744,0.7388924562956634,0.0015790777710253771,0.0031640362598686425,0.00808522026271108,0.0015849584888432654,3.7691017170657863,6.036820084753119,1,1,1,1
4,127,153,103,0.6933886356938679,0.683656416841032,0.0016562779860714756,0.0003879811065772912,0.009732218852835928,0.0012682968794941844,3.7691017170657863,6.118780416286548,1,1,1,1
4,128,159,97,0.6870793591390036,0.6675086666802529,0.0976820954470245,0.09780610165741241,0.01957069245875076,0.00012400621038791138,3.7691017170657863,6.1686384860098045,1,1,1,1
5,1,143,113,0.6931471805599453,0.6931471805599453,0.0,0.0,0.0,0.0,3.7691017170657863,6.0614107680064695,1,1,1,1
5,2,155,101,0.5374860254257747,0.5403660741518579,0.0009456989434367437,0.0012449274731738194,0.002880048726083162,0.0002992285297370757,3.7691017170657863,6.134045657981252,1,1,1,1
5,3,124,132,0.44161218065601326,0.4497219016702969,0.00010239067154427857,0.0006034357547952942,0.008109721014283644,0.0005010450832510157,3.7691017170657863,6.03225232233578,1,1,1,1
5,4,135,121,0.3707997282643396,0.39275550999266984,0.0025854739234686015,0.004259960530102261,0.021955781728330237,0.0016744866066336593,3.7691017170657863,6.036820084753119,1,1,1,1
5,5,130,126,0.3020372992654579,0.2976059220113321,0.0007703672532828284,0.0008245779973985708,0.00443137725412579,5.4210744115742397e-05,3.7691017170657863,6.030594646277397,1,1,1,1
5,6,143,113,0.290890183624564,0.28044969305706746,0.0016444687069041971,0.000338679742124188,0.010440490567496519,0.0013057889647800091,3.7691017170657863,6.0614107680064695,1,1,1,1
5,7,103,153,0.2850205373536566,0.27378839783538744,0.0006717260407511799,0.0011038844888382085,0.01123213951826918,0.0004321584480870286,3.7691017170657863,6.118780416286548,1,1,1,1
5,8,115,141,0.2864175960718271,0.2925634747721682,0.00018242708935433728,0.0009626045946413064,0.006145878700341112,0.0007801775052869691,3.7691017170657863,6.053544246392822,1,1,1,1
5,9,128,128,0.21997385194091607,0.19360368496531832,0.0026569022015893173,0.005006656589640229,0.026370166975597742,0.0023497543880509116,3.7691017170657863,6.030042481101548,1,1,1,1
5,10,134,122,0.2182541981210464,0.2321589922417082,0.0009347126246565759,0.0014262815424603706,0.013904794120661784,0.0004915689178037947,3.7691017170657863,6.035019058016614,1,1,1,1
5,11,151,105,0.23920085472836056,0.2538197129925266,0.0035724717660701785,0.008482223655752557,0.014618858264166035,0.0049097518896823785,3.7691017170657863,6.104819334981264,1,1,1,1
5,12,121,135,0.2114547984070146,0.27175857905258805,0.0005608216824136169,0.0019276032871596068,0.06030378064557346,0.00136678160474599,3.7691017170657863,6.036820084753119,1,1,0,1
5,13,126,130,0.2546347046342542,0.24670817454793426,0.0027476777039663882,0.008147357756176886,0.007926530086319938,0.005399680052210498,3.7691017170657863,6.030594646277397,1,1,1,1
5,14,103,153,0.19919735163157076,0.23813592186955418,0.0023401777224272844,0.001538092676388035,0.038938570237983416,0.0008020850460392494,3.7691017170657863,6.118780416286548,1,1,1,1
5,15,156,100,0.22606919426438854,0.19417692255671987,0.007969461410604485,0.005220682640585457,0.031892271707668673,0.002748778770019028,3.7691017170657863,6.14217858989092,1,1,1,1
5,16,135,121,0.1939848389972642,0.2080179987994824,0.0021485652252937444,0.016908944487746505,0.014033159802218198,0.014760379262452761,3.7691017170657863,6.036820084753119,1,1,1,1
5,17,107,149,0.2645245926862003,0.2642671300835415,0.000885217162008274,0.0015298199883737968,0.00025746260265879783,0.0006446028263655229,3.7691017170657863,6.092129599724122,1,1,1,1
5,18,145,111,0.23083743375547297,0.2161559575630682,0.004914878415857311,0.008406225913837613,0.014681476192404758,0.0034913474979803016,3.7691017170657863,6.070449915059634,1,1,1,1
5,19,191,65,0.2390325123478429,0.30046357276143676,0.000378718515276893,0.0007827664045323239,0.06143106041359386,0.00040404788925543094,3.7691017170657863,6.6991481967338915,1,1,0,1
5,20,153,103,0.2602366507427831,0.26803916063678246,0.0002119184766878047,0.000624939832539916,0.007802509893999332,0.00041302135585211136,3.7691017170657863,6.118780416286548,1,1,1,1
5,21,172,84,0.2265968720204249,0.19433368989806757,0.0018679033347967122,0.0031614817826627244,0.03226318212235732,0.0012935784478660122,3.7691017170657863,6.322767834077663,1,1,1,1
5,22,187,69,0.27993252142964964,0.29647358488952,0.0013663945540415175,0.0016156596515302765,0.016541063459870387,0.00024926509748875907,3.7691017170657863,6.600939023932012,1,1,1,1
5,23,175,81,0.24666801443954434,0.2467699161740038,0.0027163927128957977,0.0020568976510914085,0.00010190173445945305,0.0006594950618043893,3.7691017170657863,6.368673675858521,1,1,1,1
5,24,169,87,0.203967221607738,0.17057436726570674,0.0015667883587966685,0.002663569965832227,0.033392854342031264,0.0010967816070355583,3.7691017170657863,6.281019297930367,1,1,1,1
5,25,164,92,0.29455335532351656,0.25970442984688863,0.0005461939835631989,3.9459211703686634e-05,0.034848925476627934,0.0005067347718595123,3.7691017170657863,6.219952210379759,1,1,1,1
5,26,150,106,0.3367959960009236,0.3028836704234833,0.0011089564145948445,0.00014043580739153422,0.03391232557744028,0.0009685206072033103,3.7691017170657863,6.0983174631057295,1,1,1,1
5,27,179,77,0.18241871599361253,0.16515395008989686,0.00044068197936321623,0.0006048026792371747,0.017264765903715673,0.0001641206998739585,3.7691017170657863,6.4368985483580925,1,1,1,1
5,28,182,74,0.32047515896380024,0.2761485939531174,0.0005646988801716428,0.0035779468920206035,0.04432656501068283,0.0030132480118489607,3.7691017170657863,6.493812348296622,1,1,1,1
5,29,162,94,0.27554660355897254,0.28446175671808216,0.0017239374390878547,0.004959431889140661,0.008915153159109623,0.003235494450052806,3.7691017170657863,6.198307261440859,1,1,1,1
5,30,149,107,0.2928439705165332,0.33785691348371616,0.004525205975410555,0.006024334410247122,0.045012942967182945,0.0014991284348365667,3.7691017170657863,6.092129599724122,1,1,1,1
5,31,160,96,0.23189018350557372,0.2143451947819865,0.00034579627187563615,0.0018335522079018264,0.01754498872358723,0.0014877559360261903,3.7691017170657863,6.178163628679769,1,1,1,1
5,32,175,81,0.19385319496514572,0.1849229685682895,0.0019316784523999426,0.00042423672585759813,0.008930226396856228,0.0015074417265423445,3.7691017170657863,6.368673675858521,1,1,1,1
5,33,185,71,0.2384174454273208,0.2199570399432302,0.00038364361206019986,0.00459369500539488,0.018460405484090586,0.00421005139333468,3.7691017170657863,6.5561352412464995,1,1,1,1
5,34,92,164,0.22844745049792686,0.19120978808170086,0.007126043085773101,0.0019198446439160242,0.037237662416226,0.0052061984418570765,3.7691017170657863,6.219952210379759,1,1,1,1
5,35,75,181,0.23694599847559178,0.18014070941411675,0.0016788002376946268,0.0016055773928058798,0.05680528906147503,7.322284488874703e-05,3.7691017170657863,6.474263226833822,1,1,0,1
5,36,33,223,0.2924710053030805,0.26511534780572543,0.00840443175655852,0.020506933278878425,0.02735565749735508,0.012102501522319906,3.7691017170657863,8.222221653308969,1,1,1,1
5,37,43,213,0.190341048954312,0.1530986107238205,0.00772748638520207,0.009729783826953357,0.037242438230491504,0.0020022974417512867,3.7691017170657863,7.539141728832462,1,1,1,1
5,38,63,193,0.19759002731699962,0.22532579187001653,0.010043032784204606,0.007036755240403283,0.027735764553016906,0.0030062775438013233,3.7691017170657863,6.752959695389444,1,1,1,1
5,39,153,103,0.21745504360722925,0.16906049075985513,0.013311051460443826,0.019261240916620487,0.04839455284737412,0.0059501894561766605,3.7691017170657863,6.118780416286548,1,1,1,1
5,40,159,97,0.23475123539176848,0.30303871989634246,0.0037477424371549356,0.0035959790651599044,0.06828748450457398,0.0001517633719950312,3.7691017170657863,6.1686384860098045,1,1,0,1
5,41,147,109,0.15884231445057678,0.17717518060420245,0.005214457438426127,0.005026817017719687,0.01833286615362567,0.0001876404207064395,3.7691017170657863,6.080681837163498,1,1,1,1
5,42,125,131,0.15389263620864563,0.14241797340025453,0.1484069362167714,0.1702885251837405,0.0114746628083911,0.021881588966969095,3.7691017170657863,6.0312851293365455,1,1,1,1
5,43,90,166,0.33695222831485405,0.24802142211187211,0.0005214499743834584,0.0004901425742500876,0.08893080620298194,3.130740013337072e-05,3.7691017170657863,6.2431552412325795,1,1,0,1
5,44,122,134,0.262974436246269,0.29597811618392333,0.003521694635473625,0.007545748258381052,0.03300367993765435,0.0040240536229074276,3.7691017170657863,6.035019058016614,1,1,1,1
5,45,126,130,0.2373209464640731,0.2700670536517409,0.001010110959036449,0.0019239133677171295,0.032746107187667794,0.0009138024086806805,3.7691017170657863,6.030594646277397,1,1,1,1
5,46,142,114,0.24521631570088137,0.27024379011157296,0.0010734552540696705,0.00046358481144283584,0.025027474410691586,0.0006098704426268347,3.7691017170657863,6.057332078158741,1,1,1,1
5,47,146,110,0.24453224343780436,0.21924124287493918,0.0008001096538592675,0.00036070105856119685,0.02529100056286518,0.0004394085952980707,3.7691017170657863,6.075415407643043,1,1,1,1
5,48,150,106,0.28557010391088133,0.3028358183186033,0.002790740623168591,0.004986443133264151,0.017265714407721955,0.00219570251009556,3.7691017170657863,6.0983174631057295,1,1,1,1
5,49,124,132,0.37085193674472616,0.3456236754574973,0.0016740632058854198,0.003105911334559831,0.02522826128722888,0.0014318481286744113,3.7691017170657863,6.03225232233578,1,1,1,1
5,50,135,121,0.20940932594416362,0.15837581944252935,0.0037692033030212214,0.002171299209002841,0.05103350650163427,0.0015979040940183806,3.7691017170657863,6.036820084753119,1,1,0,1
5,51,166,90,0.23269428440681794,0.21474541084523321,0.0017535420928159067,0.0026071358091133735,0.017948873561584727,0.0008535937162974668,3.7691017170657863,6.2431552412325795,1,1,1,1
5,52,143,113,0.1605328118517032,0.1784995453031999,0.003666715058321354,0.003519653964274728,0.017966733451496686,0.00014706109404662594,3.7691017170657863,6.0614107680064695,1,1,1,1
5,53,153,103,0.148847737899765,0.19381363147241032,0.0013944414306717732,0.00022994168500161755,0.04496589357264533,0.0011644997456701557,3.7691017170657863,6.118780416286548,1,1,1,1
5,54,150,106,0.22843768687956179,0.19215839393043538,0.0010105978261857604,0.00033675150393060795,0.03627929294912641,0.0006738463222551525,3.7691017170657863,6.0983174631057295,1,1,1,1
5,55,135,121,0.18146527598532725,0.1535714121277813,0.0023649758704993953,0.006952710134043063,0.027893863857545942,0.004587734263543667,3.7691017170657863,6.036820084753119,1,1,1,1
5,56,135,121,0.22725170843877857,0.23680869782419728,0.0037996831704116595,0.0003137316835851691,0.009556989385418713,0.0034859514868264903,3.7691017170657863,6.036820084753119,1,1,1,1
5,57,134,122,0.16993926142323082,0.19840607719529918,0.0027942945583325747,0.0012107407186284043,0.02846681577206836,0.0015835538397041705,3.7691017170657863,6.035019058016614,1,1,1,1
5,58,73,183,0.18775219453624364,0.15932773461609448,0.0009664997037349531,0.00033334318458106023,0.028424459920149164,0.0006331565191538929,3.7691017170657863,6.513961890600119,1,1,1,1
5,59,74,182,0.1866676243226714,0.19625788988506276,0.0037519342785300317,0.005937937057979544,0.00959026556239137,0.002186002779449512,3.7691017170657863,6.493812348296622,1,1,1,1
5,60,106,150,0.1776226304669561,0.18819800668135706,0.006426660452451025,0.009041752247899036,0.010575376214400967,0.0026150917954480112,3.7691017170657863,6.0983174631057295,1,1,1,1
5,61,125,131,0.10857242056567454,0.08911715934697062,0.003025265574493758,0.0037736476344203693,0.019455261218703918,0.0007483820599266111,3.7691017170657863,6.0312851293365455,1,1,1,1
5,62,140,116,0.45361624155355934,0.39884786903689107,0.11837988410374897,0.16599078351023175,0.05476837251666827,0.047610899406482776,3.7691017170657863,6.05004518830987,1,1,0,1
5,63,85,171,0.3246772270042355,0.29830842608766495,0.00018194493236100206,0.00048658683136753916,0.026368800916570567,0.0003046418990065371,3.7691017170657863,6.308404000115543,1,1,1,1
5,64,115,141,0.28955673358404277,0.2742673932302325,0.0003569785187961718,0.0009323513227231361,0.015289340353810243,0.0005753728039269643,3.7691017170657863,6.053544246392822,1,1,1,1
5,65,114,142,0.2539244729725389,0.24296144984183699,0.003590673064999904,0.004069849021405607,0.01096302313070191,0.000479175956405703,3.7691017170657863,6.057332078158741,1,1,1,1
5,66,135,121,0.23439683879150075,0.2154494749148968,0.005460494731898018,0.006499164527812941,0.01894736387660395,0.0010386697959149233,3.7691017170657863,6.036820084753119,1,1,1,1
5,67,145,111,0.20043952237034274,0.22665105343272093,0.0034379620577191655,0.00020006883895288402,0.026211531062378196,0.0032378932187662815,3.7691017170657863,6.070449915059634,1,1,1,1
5,68,174,82,0.2652534313664536,0.24417954624737614,0.002304892808015834,0.0035123869119360225,0.02107388511907743,0.0012074941039201884,3.7691017170657863,6.3528913263242766,1,1,1,1
5,69,173,83,0.24543233327133349,0.25280252102877165,0.0010823873012859586,0.003472888268682431,0.007370187757438168,0.0023905009673964722,3.7691017170657863,6.337593250448081,1,1,1,1
5,70,147,109,0.24971316320135312,0.22669159834807376,0.009483920421077825,0.004583093284655792,0.023021564853279358,0.004900827136422033,3.7691017170657863,6.080681837163498,1,1,1,1
5,71,170,86,0.24510703967730946,0.22972432517442606,0.0005048026425118271,7.437198693376751e-05,0.015382714502883393,0.0004304306555780596,3.7691017170657863,6.294491181834042,1,1,1,1
5,72,159,97,0.27289086974703325,0.3051191758569667,0.004924782414462453,0.006285121166777603,0.032228306109933436,0.0013603387523151503,3.7691017170657863,6.1686384860098045,1,1,1,1
5,73,170,86,0.19249830907437332,0.1766358881334068,0.0012015868443595971,0.0013994349792449696,0.015862420940966515,0.00019784813488537244,3.7691017170657863,6.294491181834042,1,1,1,1
5,74,116,140,0.3043490406941529,0.29592263276700403,0.002546543956019187,0.002828807638815947,0.008426407927148882,0.00028226368279676015,3.7691017170657863,6.05004518830987,1,1,1,1
5,75,89,167,0.22046410977967254,0.2034560005578151,0.00587203524450694,0.009485624248183097,0.017008109221857443,0.003613589003676157,3.7691017170657863,6.255360296675076,1,1,1,1
5,76,82,174,0.20151196193501036,0.2529741224186543,0.00327905338706758,0.005160549087288108,0.05146216048364394,0.0018814957002205278,3.7691017170657863,6.3528913263242766,1,1,0,1
5,77,191,65,1.1115321699538545,0.9757845669538523,0.00434563669072837,0.003809704838432071,0.13574760300000221,0.0005359318522962994,3.7691017170657863,6.6991481967338915,1,1,0,1
5,78,132,124,0.4074310429420178,0.37968772280850205,0.0004568561883006002,0.00010740784349584642,0.02774332013351577,0.0003494483448047538,3.7691017170657863,6.03225232233578,1,1,1,1
5,79,153,103,0.4561870733496842,0.4635275451301041,0.0009671225914383713,0.0019343546523026972,0.007340471780419855,0.0009672320608643259,3.7691017170657863,6.118780416286548,1,1,1,1
5,80,135,121,0.5736799403919921,0.7489703010078563,0.002996251025875569,0.0029088690146283347,0.17529036061586423,8.738201124723448e-05,3.7691017170657863,6.036820084753119,1,1,0,1
5,81,138,118,0.3005343580108914,0.3066809925495813,0.00028516183766871036,0.0010140456617141417,0.00614663453868991,0.0007288838240454313,3.7691017170657863,6.043905888054216,1,1,1,1
5,82,132,124,0.32768611060164693,0.30134700632860073,0.0015818835946951777,0.0037609302445342427,0.0263391042730462,0.002179046649839065,3.7691017170657863,6.03225232233578,1,1,1,1
5,83,137,119,0.3181694449360737,0.3183721484601705,0.0014387009935812045,0.0021237933753611316,0.00020270352409679226,0.0006850923817799271,3.7691017170657863,6.041262300784574,1,1,1,1
5,84,133,123,0.308720781876963,0.27371121746055427,0.0015285475308920034,0.0017776537231374845,0.035009564416408734,0.00024910619224548106,3.7691017170657863,6.033496742929528,1,1,1,1
5,85,146,110,0.36381958140464377,0.37808549812651543,0.00573501440250658,0.0087471642218249,0.014265916721871663,0.00301214981931832,3.7691017170657863,6.075415407643043,1,1,1,1
5,86,116,140,0.9944571368077528,1.1671095175400983,0.006875885254780735,0.0035898535284740116,0.17265238073234546,0.003286031726306723,3.7691017170657863,6.05004518830987,1,1,0,1
5,87,141,115,0.8062388533801927,0.823776214102857,0.0011278252681794013,0.0015094058399406467,0.017537360722664208,0.0003815805717612454,3.7691017170657863,6.053544246392822,1,1,1,1
5,88,133,123,0.4399461408270786,0.440891537972904,0.0007033987026832805,0.004379722849479954,0.0009453971458253663,0.0036763241467966737,3.7691017170657863,6.033496742929528,1,1,1,1
5,89,165,91,0.31616014590472896,0.3316174047365605,0.002172835830666374,0.004979160075896584,0.015457258831831522,0.00280632424523021,3.7691017170657863,6.231355204389332,1,1,1,1
5,90,158,98,0.301481581986793,0.30714398109501084,0.0007947779914054152,0.0010496026779593312,0.005662399108217864,0.000254824686553916,3.7691017170657863,6.159469695652374,1,1,1,1
5,91,171,85,0.28989766856187643,0.27146332516484517,0.0015598118323577837,0.004743908384396601,0.01843434339703126,0.0031840965520388174,3.7691017170657863,6.308404000115543,1,1,1,1
5,92,194,62,0.258901421645081,0.29744576385934135,2.9187174576790487e-05,0.00045851514945541294,0.03854434221426034,0.00042932797487862245,3.7691017170657863,6.781142607721815,1,1,1,1
5,93,159,97,0.29991145725210433,0.3198411019583589,0.002729142003712208,0.0028333328697650317,0.01992964470625458,0.00010419086605282374,3.7691017170657863,6.1686384860098045,1,1,1,1
5,94,176,80,0.24789822042675752,0.31001062352649245,0.00043978570746908835,0.0005183827157016901,0.062112403099734925,7.85970082326018e-05,3.7691017170657863,6.3849524788219725,1,1,0,1
5,95,176,80,0.2306401935353205,0.20900329215889557,0.0010856502084278814,0.0005342142389828507,0.021636901376424933,0.0005514359694450306,3.7691017170657863,6.3849524788219725,1,1,1,1
5,96,193,63,0.24443555727634222,0.2667091617279532,0.007012049952135578,0.007151225362223672,0.022273604451611,0.00013917541008809375,3.7691017170657863,6.752959695389444,1,1,1,1
5,97,180,76,0.21803769902722248,0.21052348871811055,0.0025348932169463653,0.005806754979006505,0.007514210309111924,0.00327186176206014,3.7691017170657863,6.455297393433148,1,1,1,1
5,98,178,78,0.2761254261530796,0.26097264430684475,0.006572620746201394,0.009612273842323119,0.015152781846234864,0.003039653096121725,3.7691017170657863,6.419051177986525,1,1,1,1
5,99,187,69,0.2980183754311492,0.289649909241405,0.0006470499971550853,0.00027181940661793677,0.008368466189744184,0.00037523059053714853,3.7691017170657863,6.600939023932012,1,1,1,1
5,100,185,71,0.29032396956894524,0.33898557571214594,0.0037514042492717463,0.00701609725031533,0.0486616061432007,0.0032646930010435836,3.7691017170657863,6.5561352412464995,1,1,1,1
5,101,193,63,0.2809989399988392,0.3216418399395713,0.00014746867646798015,0.0008395925559092528,0.04064289994073211,0.0006921238794412726,3.7691017170657863,6.752959695389444,1,1,1,1
5,102,210,46,0.2821191353015402,0.18509863752778444,0.007860481115678221,0.011594713526155632,0.09702049777375577,0.0037342324104774113,3.7691017170657863,7.383290657620538,1,1,0,1
5,103,202,54,0.32909766273858265,0.3706676307563187,0.007135625046033069,0.005819310008667096,0.04156996801773605,0.0013163150373659734,3.7691017170657863,7.041975477148673,1,1,1,1
5,104,205,51,0.2885609004202103,0.3297780083463206,0.0028867593067921256,0.0062566540551680875,0.041217107926110275,0.003369894748375962,3.7691017170657863,7.158925968421462,1,1,1,1
5,105,158,98,0.3125661137697888,0.2545198828165705,0.02126402351705166,0.022327368172244996,0.058046230953218314,0.0010633446551933379,3.7691017170657863,6.159469695652374,1,1,0,1
5,106,185,71,0.33019871239685883,0.44816603515428766,0.020772079708883874,0.016942647553825664,0.11796732275742883,0.00382943215505821,3.7691017170657863,6.5561352412464995,1,1,0,1
5,107,148,108,0.31337142687655106,0.3295583146688505,0.00845384112747317,0.005169904934798162,0.01618688779229943,0.0032839361926750073,3.7691017170657863,6.086252178924144,1,1,1,1
5,108,134,122,0.41165130515660664,0.3709658278351867,0.004354813151356315,0.0016185861659296363,0.040685477321419916,0.002736226985426679,3.7691017170657863,6.035019058016614,1,1,1,1
5,109,158,98,0.557904528235856,0.5011198323266677,2.890868335070373e-05,0.00027859189225558183,0.05678469590918833,0.0002496832089048781,3.7691017170657863,6.159469695652374,1,1,0,1
5,110,160,96,0.6820127089114753,0.675602229474336,0.010095660136414442,0.0018084499214731584,0.006410479437139238,0.008287210214941283,3.7691017170657863,6.178163628679769,1,1,1,1
5,111,180,76,0.8390558599751068,0.9183724542515984,0.001603699707187007,0.0045711545966971865,0.07931659427649163,0.0029674548895101795,3.7691017170657863,6.455297393433148,1,1,0,1
5,112,150,106,0.7558390718979103,0.7722871437924705,0.0021480995288520426,0.0013158560215288193,0.016448071894560212,0.0008322435073232232,3.7691017170657863,6.0983174631057295,1,1,1,1
5,113,117,139,0.6920986146414307,0.655917795839323,0.0033171319143704726,0.00960866689724866,0.03618081880210777,0.0062915349828781865,3.7691017170657863,6.046832986604354,1,1,1,1
5,114,123,133,0.6706520275137661,0.6376000966860302,0.005137847493891241,0.007043912267403807,0.03305193082773583,0.0019060647735125655,3.7691017170657863,6.033496742929528,1,1,1,1
5,115,154,102,0.6215232281283779,0.5901096051024765,0.0013506658318193764,0.002947685083267107,0.03141362302590145,0.0015970192514477306,3.7691017170657863,6.12624782574149,1,1,1,1
5,116,126,130,0.6604591452224442,0.6757792904491493,0.001228312095685232,0.000626439245381586,0.015320145226705106,0.0006018728503036459,3.7691017170657863,6.030594646277397,1,1,1,1
5,117,86,170,0.6936164942170635,0.6865183626289757,0.0025856118169030606,0.003337687904744615,0.007098131588087808,0.0007520760878415543,3.7691017170657863,6.294491181834042,1,1,1,1
5,118,121,135,0.6888540576162877,0.6855585774830442,0.0010261497138405176,0.00020105351002548677,0.0032954801332435446,0.0008250962038150308,3.7691017170657863,6.036820084753119,1,1,1,1
5,119,139,117,0.7175519466364146,0.6537051977805206,0.006172506431795022,0.013033920521128697,0.06384674885589403,0.006861414089333675,3.7691017170657863,6.046832986604354,1,1,0,1
5,120,124,132,0.7669379828993474,0.8187201459743056,0.0030318353903261985,0.0007174821282062219,0.0517821630749582,0.0023143532621199767,3.7691017170657863,6.03225232233578,1,1,0,1
5,121,118,138,0.8145651990669658,0.7964336345372447,0.039173489623157365,0.048775884756374954,0.01813156452972109,0.00960239513321759,3.7691017170657863,6.043905888054216,1,1,1,1
5,122,149,107,0.7888964356716922,0.7203015714013637,0.0044019629653390315,0.0007108460815137795,0.06859486427032846,0.003691116883825252,3.7691017170657863,6.092129599724122,1,1,0,1
5,123,116,140,0.8135938037445887,0.77926183189347,0.009849192481912825,0.013786968336013894,0.03433197185111869,0.003937775854101069,3.7691017170657863,6.05004518830987,1,1,1,1
5,124,173,83,0.7397759520912692,0.745907972906207,0.007093700589002681,0.005692434871804888,0.0061320208149378,0.001401265717197793,3.7691017170657863,6.337593250448081,1,1,1,1
5,125,155,101,0.7623891531797302,0.7632859373099073,0.0026812453570150816,0.004557559187081464,0.0008967841301771307,0.0018763138300663825,3.7691017170657863,6.134045657981252,1,1,1,1
5,126,120,136,0.7571778739457693,0.7539541710328472,0.0016259226017188017,0.0012523634912132416,0.0032237029129220662,0.0003735591105055601,3.7691017170657863,6.038900791796482,1,1,1,1
5,127,146,110,0.6946434067309724,0.7093573077405795,0.0017323526208924168,0.001203832380288321,0.014713901009607122,0.0005285202406040959,3.7691017170657863,6.075415407643043,1,1,1,1
5,128,153,103,0.6860420627316124,0.693442015224458,0.09535216912991419,0.12062448601968248,0.007399952492845641,0.02527231688976829,3.7691017170657863,6.118780416286548,1,1,1,1
6,1,125,131,0.6931471805599453,0.6931471805599453,0.0,0.0,0.0,0.0,3.7691017170657863,6.0312851293365455,1,1,1,1
6,2,150,106,0.5431296198879689,0.5432337451197564,0.0009161096149761568,0.0015085271418217722,0.00010412523178748856,0.0005924175268456153,3.7691017170657863,6.0983174631057295,1,1,1,1
6,3,121,135,0.4436181057810715,0.47297084895898384,0.00010028366501769537,3.552150142015224e-06,0.02935274317791231,9.673151487568014e-05,3.7691017170657863,6.036820084753119,1,1,1,1
6,4,114,142,0.3789384414753538,0.37866018380356165,0.0024767579728544997,0.001690199677547138,0.0002782576717921814,0.0007865582953073616,3.7691017170657863,6.057332078158741,1,1,1,1
6,5,145,111,0.30336919290585074,0.3118599772554178,0.0007701088585041712,0.0007412578141172319,0.008490784349567071,2.8851044386939313e-05,3.7691017170657863,6.070449915059634,1,1,1,1
6,6,139,117,0.29347171122509064,0.2784789357096598,0.0016372737245065943,0.0027263187075081026,0.014992775515430823,0.0010890449830015083,3.7691017170657863,6.046832986604354,1,1,1,1
6,7,118,138,0.2863817913431176,0.27481370483850914,0.0006684171661995608,0.0025306194129119525,0.011568086504608444,0.0018622022467123917,3.7691017170657863,6.043905888054216,1,1,1,1
6,8,122,134,0.2873692321456228,0.2751990757281222,0.00018009295123687483,0.0007503273416359724,0.012170156417500633,0.0005702343903990976,3.7691017170657863,6.035019058016614,1,1,1,1
6,9,138,118,0.21964378802315077,0.23318779424313807,0.002668427481435272,0.0002616412060539535,0.013544006219987303,0.0024067862753813186,3.7691017170657863,6.043905888054216,1,1,1,1
6,10,133,123,0.2201388017042766,0.2199779667045291,0.0009273782882943254,0.001172575541211017,0.0001608349997475056,0.00024519725291669145,3.7691017170657863,6.033496742929528,1,1,1,1
6,11,137,119,0.23991555601803882,0.21782917814671815,0.003564641365460173,0.0024474541785889075,0.022086377871320673,0.0011171871868712654,3.7691017170657863,6.041262300784574,1,1,1,1
6,12,104,152,0.21058942803924158,0.1878517066760517,0.0005671038685053187,0.004137733712972229,0.022737721363189883,0.0035706298444669105,3.7691017170657863,6.111638989658647,1,1,1,1
6,13,128,128,0.25199269337576236,0.22097783233840707,0.002830630431551742,0.009028165637046781,0.03101486103735529,0.006197535205495039,3.7691017170657863,6.030042481101548,1,1,1,1
6,14,107,149,0.1950550498982495,0.1708951729755207,0.002411754628396632,0.003721048857802549,0.024159876922728807,0.001309294229405917,3.7691017170657863,6.092129599724122,1,1,1,1
6,15,115,141,0.2217341333686021,0.22924437923040852,0.008261644190042047,0.00894628342687366,0.0075102458618064305,0.0006846392368316141,3.7691017170657863,6.053544246392822,1,1,1,1
6,16,140,116,0.18912725285597462,0.20549793016149803,0.0022026137031454706,0.05206420418930689,0.016370677305523412,0.04986159048616142,3.7691017170657863,6.05004518830987,1,1,1,1
6,17,101,155,0.26155544854207746,0.2687522189119625,0.0009035948639130585,0.0004015607684519424,0.0071967703698850305,0.0005020340954611161,3.7691017170657863,6.134045657981252,1,1,1,1
6,18,153,103,0.22815206103757807,0.22820790138133856,0.005000476272217842,0.00914216128062905,5.584034376049374e-05,0.004141685008411208,3.7691017170657863,6.118780416286548,1,1,1,1
6,19,192,64,0.23753870351384224,0.2686547984834432,0.0003833276973121472,0.00253880828085851,0.031116094969600966,0.0021554805835463627,3.7691017170657863,6.725638463564038,1,1,1,1
6,20,157,99,0.25850417606097,0.28242787300010386,0.00021540861464915026,0.003068673412105531,0.023923696939133876,0.0028532647974563808,3.7691017170657863,6.150651543650131,1,1,1,1
6,21,168,88,0.22509040342832054,0.21726618081690605,0.0018861700069582221,0.0008253993756638062,0.007824222611414494,0.001060770631294416,3.7691017170657863,6.2679787291947004,1,1,1,1
6,22,179,77,0.2795892282085724,0.25506487737369377,0.0013726881993922331,0.004930947208234324,0.02452435083487864,0.0035582590088420905,3.7691017170657863,6.4368985483580925,1,1,1,1
6,23,183,73,0.2454740829188341,0.2287386390031752,0.002743896436422296,0.0029063983126436403,0.0167354439156589,0.0001625018762213444,3.7691017170657863,6.513961890600119,1,1,1,1
6,24,185,71,0.2020554090930367,0.17664096157288028,0.0015855607425036295,0.004847507574568203,0.025414447520156425,0.0032619468320645734,3.7691017170657863,6.5561352412464995,1,1,1,1
6,25,178,78,0.29420977856310493,0.3196375299265102,0.0005508938719995435,0.0010656683752609988,0.02542775136340525,0.0005147745032614553,3.7691017170657863,6.419051177986525,1,1,1,1
6,26,151,105,0.3367938409868585,0.42274464060144,0.001118000272258589,0.005221318533353725,0.08595079961458152,0.004103318261095136,3.7691017170657863,6.104819334981264,1,1,0,1
6,27,174,82,0.18551614127060825,0.1855247557441387,0.0004322205944532606,0.0028924071424120098,8.614473530454969e-06,0.002460186547958749,3.7691017170657863,6.3528913263242766,1,1,1,1
6,28,174,82,0.3204304377142848,0.3633687045568894,0.0005513817952906102,0.003066873693050051,0.0429382668426046,0.0025154918977594405,3.7691017170657863,6.3528913263242766,1,1,1,1
6,29,183,73,0.27709808462239294,0.2344790363941414,0.0016766545852794565,0.004506883404834157,0.04261904822825155,0.0028302288195547008,3.7691017170657863,6.513961890600119,1,1,1,1
6,30,155,101,0.29332915045918995,0.3019515702281804,0.004421717336735111,0.005892919252272961,0.008622419768990475,0.0014712019155378505,3.7691017170657863,6.134045657981252,1,1,1,1
6,31,174,82,0.2332054347037749,0.18074044641694764,0.00034198789708396416,0.004131894236688749,0.05246498828682725,0.003789906339604785,3.7691017170657863,6.3528913263242766,1,1,0,1
6,32,159,97,0.19482097050621142,0.1857076005813296,0.001907700402670528,0.003396611739013731,0.00911336992488182,0.0014889113363432032,3.7691017170657863,6.1686384860098045,1,1,1,1
6,33,182,74,0.2388924237105721,0.2662770661134595,0.00038023125083641476,0.0019909688557994566,0.027384642402887432,0.0016107376049630418,3.7691017170657863,6.493812348296622,1,1,1,1
6,34,94,162,0.229415403416258,0.2110670041156187,0.007018707370922117,0.013455222904893246,0.01834839930063928,0.00643651553397113,3.7691017170657863,6.198307261440859,1,1,1,1
6,35,75,181,0.23782700742898133,0.2933343992198324,0.0016463639703382057,0.004701685747744386,0.05550739179085107,0.0030553217774061804,3.7691017170657863,6.474263226833822,1,1,0,1
6,36,55,201,0.29241068335914366,0.2927416160278906,0.008107827812423222,0.004931516311233229,0.0003309326687469527,0.0031763115011899934,3.7691017170657863,7.005545402643371,1,1,1,1
6,37,39,217,0.19375124277186878,0.2125781421320675,0.007477921847278676,0.0033381606419708443,0.018826899360198712,0.004139761205307832,3.7691017170657863,7.777753306475921,1,1,1,1
6,38,74,182,0.20095256158077895,0.21075633381474268,0.009686994055889438,0.00970138898995827,0.009803772233963726,1.4394934068831869e-05,3.7691017170657863,6.493812348296622,1,1,1,1
6,39,151,105,0.219561221138988,0.1915834818371483,0.012861805752405524,0.014610098780149607,0.027977739301839694,0.0017482930277440828,3.7691017170657863,6.104819334981264,1,1,1,1
6,40,155,101,0.2360939439551727,0.23651759827417643,0.0036191367646696325,0.011120233635639357,0.0004236543190037356,0.007501096870969725,3.7691017170657863,6.134045657981252,1,1,1,1
6,41,161,95,0.16144096915878436,0.17120865431444002,0.0050772316665357396,0.00699084802139714,0.009767685155655653,0.0019136163548614006,3.7691017170657863,6.188051122252272,1,1,1,1
6,42,118,138,0.15754766258027048,0.1598509097210635,0.146556808193529,0.11255228024009079,0.0023032471407930244,0.034004527953438224,3.7691017170657863,6.043905888054216,1,1,1,1
6,43,71,185,0.3373116160976327,0.400867454959449,0.0005171750980793098,0.002089448212701824,0.06355583886181626,0.001572273114622514,3.7691017170657863,6.5561352412464995,1,1,0,1
6,44,124,132,0.26740594558305136,0.26742423743143023,0.0033632171438187104,0.002203199390081194,1.8291848378870768e-05,0.0011600177537375161,3.7691017170657863,6.03225232233578,1,1,1,1
6,45,109,147,0.2414776798668404,0.20967418530811804,0.0009670819682530071,0.0001652915242903296,0.03180349455872236,0.0008017904439626775,3.7691017170657863,6.080681837163498,1,1,1,1
6,46,127,129,0.24723423116745158,0.22286416143928017,0.0010463304460286928,0.001040910893205426,0.024370069728171406,5.419552823266761e-06,3.7691017170657863,6.030180503963651,1,1,1,1
6,47,140,116,0.24540070384887241,0.2288032658270432,0.0007853085485174593,0.0002481176225391304,0.016597438021829225,0.0005371909259783288,3.7691017170657863,6.05004518830987,1,1,1,1
6,48,161,95,0.28599806810339556,0.2855500005922022,0.0027483022738594995,0.001939263455711901,0.00044806751119336186,0.0008090388181475985,3.7691017170657863,6.188051122252272,1,1,1,1
6,49,112,144,0.3705886118667124,0.36210514325286014,0.0016520582058942774,0.001546473614969021,0.00848346861385224,0.00010558459092525636,3.7691017170657863,6.065782570720993,1,1,1,1
6,50,147,109,0.210444873217517,0.16809506802341193,0.003714403012421515,0.0030067957338163033,0.042349805194105083,0.0007076072786052117,3.7691017170657863,6.080681837163498,1,1,1,1
6,51,156,100,0.23349390772473794,0.24200919783150288,0.0017328032457918636,0.0014608502728708495,0.008515290106764939,0.00027195297292101415,3.7691017170657863,6.14217858989092,1,1,1,1
6,52,142,114,0.1625187230374538,0.15409582906530273,0.0036029818655066506,0.005367900802879671,0.008422893972151069,0.0017649189373730202,3.7691017170657863,6.057332078158741,1,1,1,1
6,53,134,122,0.1500038836876838,0.13205784615809366,0.0013785191144449174,0.005435661818475349,0.017946037529590148,0.004057142704030431,3.7691017170657863,6.035019058016614,1,1,1,1
6,54,134,122,0.2282370549679701,0.2560099333696079,0.001003801594168721,0.00012229115048775947,0.027772878401637835,0.0008815104436809616,3.7691017170657863,6.035019058016614,1,1,1,1
6,55,114,142,0.18225136032674522,0.18208930484757158,0.002332631325912866,0.004030429954074811,0.0001620554791736395,0.0016977986281619447,3.7691017170657863,6.057332078158741,1,1,1,1
6,56,149,107,0.22785936637939977,0.22801138949347366,0.003735618269894831,0.005256843619117326,0.00015202311407389035,0.0015212253492224949,3.7691017170657863,6.092129599724122,1,1,1,1
6,57,134,122,0.17090968779297575,0.1898591183778806,0.0027551275338014115,0.004115504547809609,0.018949430584904864,0.0013603770140081977,3.7691017170657863,6.035019058016614,1,1,1,1
6,58,75,181,0.18836456025919698,0.16929053019236973,0.0009522546574536475,0.006012903776664619,0.019074030066827258,0.005060649119210971,3.7691017170657863,6.474263226833822,1,1,1,1
6,59,66,190,0.1873290132898832,0.19712096341228566,0.0037055058418589033,0.0006171250262823522,0.00979195012240247,0.003088380815576551,3.7691017170657863,6.673459860799369,1,1,1,1
6,60,115,141,0.17829134610618957,0.16931510306558611,0.0062994377756142635,0.00461114807636227,0.00897624304060346,0.001688289699251994,3.7691017170657863,6.053544246392822,1,1,1,1
6,61,143,113,0.10916723407811876,0.09964789430360099,0.0029926047318597866,0.012029550850327168,0.009519339774517771,0.009036946118467382,3.7691017170657863,6.0614107680064695,1,1,1,1
6,62,130,126,0.4525059148386128,0.3567224217566185,0.11847840759180983,0.16050638258848565,0.0957834930819943,0.04202797499667582,3.7691017170657863,6.030594646277397,1,1,0,1
6,63,80,176,0.3264661481866883,0.3264567594744192,0.00018034745340300088,0.00013814581801204623,9.388712269076116e-06,4.220163539095465e-05,3.7691017170657863,6.3849524788219725,1,1,1,1
6,64,108,148,0.2945150219390203,0.3044087693507457,0.00023440670028401257,0.0029771335832963763,0.009893747411725384,0.0027427268830123638,3.7691017170657863,6.086252178924144,1,1,1,1
6,65,95,161,0.2608632694234921,0.25571593674130055,0.0030794005932582476,0.00047580260289481133,0.00514733268219153,0.0026035979903634363,3.7691017170657863,6.188051122252272,1,1,1,1
6,66,129,127,0.23980007550196467,0.24580117279653618,0.004533763567835629,0.001454291494793343,0.006001097294571517,0.003079472073042286,3.7691017170657863,6.030180503963651,1,1,1,1
6,67,133,123,0.20678447549135304,0.20002488124529533,0.0026313993486312,0.0037832669541811026,0.00675959424605771,0.0011518676055499028,3.7691017170657863,6.033496742929528,1,1,1,1
6,68,179,77,0.26734088108720677,0.2811714064610045,0.002267268821090007,0.00444155306044855,0.013830525373797753,0.002174284239358543,3.7691017170657863,6.4368985483580925,1,1,1,1
6,69,156,100,0.24859901048408672,0.26329998691515166,0.0006245219389366882,0.0033376628432882777,0.014700976431064938,0.0027131409043515894,3.7691017170657863,6.14217858989092,1,1,1,1
6,70,141,115,0.2524330881290129,0.28199484467726305,0.008616065216827153,0.010248298573759307,0.029561756548250162,0.0016322333569321543,3.7691017170657863,6.053544246392822,1,1,1,1
6,71,156,100,0.24918077323731175,0.25673071609870945,0.000451600191768986,0.0015301270660983968,0.007549942861397707,0.0010785268743294107,3.7691017170657863,6.14217858989092,1,1,1,1
6,72,169,87,0.2758294116068445,0.2451880915748485,0.00398243156504665,0.003468037252977143,0.03064132003199599,0.000514394312069507,3.7691017170657863,6.281019297930367,1,1,1,1
6,73,159,97,0.19523515668372476,0.21924827761278953,0.00146519649121217,0.00020128127633364107,0.02401312092906477,0.001263915214878529,3.7691017170657863,6.1686384860098045,1,1,1,1
6,74,118,138,0.30530698686766544,0.31350647267092197,0.0023801877390159593,0.00367678094554039,0.008199485803256523,0.0012965932065244308,3.7691017170657863,6.043905888054216,1,1,1,1
6,75,86,170,0.22312954580230604,0.20672037267793603,0.0047683673215063865,0.01018785839404858,0.016409173124370013,0.005419491072542193,3.7691017170657863,6.294491181834042,1,1,1,1
6,76,95,161,0.2042142401515693,0.17906472950650915,0.0027602226522760957,0.0010167896643816926,0.025149510645060158,0.001743432987894403,3.7691017170657863,6.188051122252272,1,1,1,1
6,77,182,74,1.108120844873946,1.064883597914051,0.004418355626564875,0.0001502303093884258,0.04323724695989495,0.004268125317176449,3.7691017170657863,6.493812348296622,1,1,1,1
6,78,127,129,0.4074028298246372,0.46409602100015074,0.00037806521520038737,0.005025513142167676,0.056693191175513524,0.004647447926967288,3.7691017170657863,6.030180503963651,1,1,0,1
6,79,144,112,0.4543969336082563,0.4410547175871776,0.0011307720592744173,0.004004961761389841,0.013342216021078657,0.002874189702115424,3.7691017170657863,6.065782570720993,1,1,1,1
6,80,140,116,0.5687954169111566,0.5561569661742336,0.002853722252649342,0.0003384874601119927,0.012638450736923046,0.002515234792537349,3.7691017170657863,6.05004518830987,1,1,1,1
6,81,140,116,0.29722279110194927,0.3357482739946256,0.00026737704686022865,0.0005941530354062544,0.03852548289267632,0.0003267759885460257,3.7691017170657863,6.05004518830987,1,1,1,1
6,82,137,119,0.3265046279920586,0.3196147778202104,0.001236525846249576,0.00040199383218441145,0.0068898501718481775,0.0008345320140651646,3.7691017170657863,6.041262300784574,1,1,1,1
6,83,159,97,0.3178400262876314,0.3177002994686207,0.0015893096020112608,0.00223875702218497,0.00013972681901069928,0.0006494474201737092,3.7691017170657863,6.1686384860098045,1,1,1,1
6,84,123,133,0.30846357657920137,0.32266030369451576,0.0015488444598691594,0.0026338751472708526,0.01419672711531439,0.0010850306874016931,3.7691017170657863,6.033496742929528,1,1,1,1
6,85,156,100,0.36421573020910136,0.28541925895616516,0.005613708408308174,0.0004790656991116443,0.0787964712529362,0.00513464270919653,3.7691017170657863,6.14217858989092,1,1,0,1
6,86,127,129,1.0028221150216818,1.0625706545034492,0.007124279271669504,0.013947998856045071,0.05974853948176739,0.006823719584375568,3.7691017170657863,6.030180503963651,1,1,0,1
6,87,149,107,0.8226544664064113,0.8110014300169258,0.0008117598991088659,0.001913225779922837,0.01165303638948545,0.001101465880813971,3.7691017170657863,6.092129599724122,1,1,1,1
6,88,117,139,0.4351509352506858,0.40859866405173406,0.00011765637885340768,8.349681798343334e-05,0.02655227119895176,3.415956086997435e-05,3.7691017170657863,6.046832986604354,1,1,1,1
6,89,151,105,0.3045291328954255,0.2931685027206856,0.0023359327351184893,0.003865928282455397,0.011360630174739872,0.0015299955473369077,3.7691017170657863,6.104819334981264,1,1,1,1
6,90,158,98,0.2906672890947387,0.3023980170954884,0.0007372814695690254,0.00033946480621570557,0.011730728000749702,0.0003978166633533198,3.7691017170657863,6.159469695652374,1,1,1,1
6,91,170,86,0.28193029033066586,0.26317403514930243,0.0015869441475984778,0.0025537876202652784,0.018756255181363424,0.0009668434726668007,3.7691017170657863,6.294491181834042,1,1,1,1
6,92,190,66,0.25213142208916167,0.27227417647747787,0.0002961616335507185,0.0020233849765277714,0.020142754388316197,0.001727223342977053,3.7691017170657863,6.673459860799369,1,1,1,1
6,93,144,112,0.2950758397841733,0.30904864630647083,0.003169941502126225,0.004973913351495093,0.013972806522297543,0.0018039718493688683,3.7691017170657863,6.065782570720993,1,1,1,1
6,94,175,81,0.24194664103700744,0.22767357424122442,0.0012396638267321916,0.0014381573414963232,0.014273066795783024,0.0001984935147641316,3.7691017170657863,6.368673675858521,1,1,1,1
6,95,183,73,0.22174403146709576,0.22928765657321232,0.0012737543657133838,0.0009506672373064849,0.007543625106116558,0.00032308712840689894,3.7691017170657863,6.513961890600119,1,1,1,1
6,96,184,72,0.2390926710636774,0.2160105329831438,0.008124003921651128,0.004502583681046883,0.02308213808053361,0.003621420240604245,3.7691017170657863,6.534729870106683,1,1,1,1
6,97,175,81,0.21136617102830213,0.2743293464854355,0.0029766786555667415,0.0021225373202654334,0.06296317545713337,0.0008541413353013081,3.7691017170657863,6.368673675858521,1,1,0,1
6,98,183,73,0.2739730028370842,0.27477437420782114,0.006285107342742919,0.006505556917250051,0.0008013713707369363,0.00022044957450713214,3.7691017170657863,6.513961890600119,1,1,1,1
6,99,175,81,0.2969817848985943,0.3051772146614686,0.0005221409093974696,0.002873950884112484,0.008195429762874296,0.0023518099747150143,3.7691017170657863,6.368673675858521,1,1,1,1
6,100,194,62,0.2895066750491946,0.31473322034638773,0.0036615907251854995,0.0037791704909788965,0.025226545297193148,0.00011757976579339705,3.7691017170657863,6.781142607721815,1,1,1,1
6,101,195,61,0.27985019567419944,0.30462943523222746,0.000237901876224713,0.007197825267113878,0.02477923955802802,0.006959923390889165,3.7691017170657863,6.810219719876228,1,1,1,1
6,102,202,54,0.2808139995574964,0.23936203263447609,0.007834667095580665,0.0087018823858687,0.041451966923020334,0.0008672152902880342,3.7691017170657863,7.041975477148673,1,1,1,1
6,103,209,47,0.32901026601182437,0.2785282324813275,0.006949869784700177,0.012494600282184949,0.05048203353049685,0.005544730497484772,3.7691017170657863,7.335123293556505,1,1,0,1
6,104,192,64,0.28744470356893537,0.27891448894665355,0.0027705999146049737,0.0024301727708258038,0.008530214622281818,0.0003404271437791699,3.7691017170657863,6.725638463564038,1,1,1,1
6,105,167,89,0.311841371738962,0.31184616973376655,0.02166039407365366,0.018277750324497084,4.79799480457288e-06,0.0033826437491565747,3.7691017170657863,6.255360296675076,1,1,1,1
6,106,174,82,0.33010675558531033,0.37264436900804737,0.0207983600199683,0.024199661804225066,0.04253761342273704,0.003401301784256766,3.7691017170657863,6.3528913263242766,1,1,1,1
6,107,160,96,0.312563176999527,0.3037498056658009,0.008674141877896965,0.012068594734148964,0.008813371333726117,0.003394452856251999,3.7691017170657863,6.178163628679769,1,1,1,1
6,108,159,97,0.4137901065344851,0.42162681086912507,0.004605883887932909,0.005470295428164941,0.007836704334639955,0.0008644115402320317,3.7691017170657863,6.1686384860098045,1,1,1,1
6,109,182,74,0.561854230885855,0.5785318718476491,3.21510335506499e-05,0.0005770063320891701,0.016677640961794138,0.0005448552985385202,3.7691017170657863,6.493812348296622,1,1,1,1
6,110,157,99,0.6832964869614069,0.6369512563223859,0.010045816864199059,0.0165023208625072,0.04634523063902096,0.00645650399830814,3.7691017170657863,6.150651543650131,1,1,1,1
6,111,173,83,0.8455429821845653,0.8926483280595818,0.0017054603614505889,0.0021876448769985457,0.04710534587501658,0.00048218451554795684,3.7691017170657863,6.337593250448081,1,1,1,1
6,112,178,78,0.763656398313844,0.6350012562962633,0.0021306736580166334,0.0007786952697525098,0.12865514201758077,0.0013519783882641238,3.7691017170657863,6.419051177986525,1,1,0,1
6,113,137,119,0.7085251455026823,0.6994483991896492,0.0029200772921368807,0.003618336073249434,0.009076746313033124,0.0006982587811125533,3.7691017170657863,6.041262300784574,1,1,1,1
6,114,112,144,0.6785984679960287,0.7147855821896942,0.004365576272956098,0.005752083942535298,0.03618711419366549,0.0013865076695791997,3.7691017170657863,6.065782570720993,1,1,1,1
6,115,155,101,0.6219008680662863,0.5792364130771754,0.0012302468209560904,0.0038010672979925998,0.04266445498911087,0.0025708204770365094,3.7691017170657863,6.134045657981252,1,1,1,1
6,116,105,151,0.6617691610441709,0.6737796834417757,0.0013516541274212843,0.0042892549010227245,0.012010522397604806,0.00293760077360144,3.7691017170657863,6.104819334981264,1,1,1,1
6,117,92,164,0.695346327199389,0.6987939106708636,0.0024383338342732937,0.002817360725850808,0.003447583471474558,0.00037902689157751426,3.7691017170657863,6.219952210379759,1,1,1,1
6,118,124,132,0.6891761969754119,0.6371545464282149,0.001049923392378753,0.0008963675059029093,0.052021650547196985,0.00015355588647584378,3.7691017170657863,6.03225232233578,1,1,0,1
6,119,130,126,0.7244465990015168,0.7241383542773132,0.00634223595142695,0.0071620046345855295,0.00030824472420354354,0.0008197686831585794,3.7691017170657863,6.030594646277397,1,1,1,1
6,120,128,128,0.762474020443034,0.7569500279194494,0.003293960458274521,0.0011431634192882248,0.005523992523584598,0.0021507970389862963,3.7691017170657863,6.030042481101548,1,1,1,1
6,121,115,141,0.8239832670439814,0.8552255752553957,0.03943579254067868,0.04811417271666645,0.03124230821141427,0.008678380175987772,3.7691017170657863,6.053544246392822,1,1,1,1
6,122,151,105,0.7881668886141641,0.793770740661229,0.004150993131114586,0.001551498102761886,0.005603852047064928,0.0025994950283527,3.7691017170657863,6.104819334981264,1,1,1,1
6,123,120,136,0.7981485763324379,0.8281010057759154,0.010296838820519662,0.005778035263344174,0.029952429443477535,0.004518803557175488,3.7691017170657863,6.038900791796482,1,1,1,1
6,124,188,68,0.7247324134527411,0.6957432193027229,0.00744014275604251,0.01665286040327993,0.028989194150018216,0.009212717647237419,3.7691017170657863,6.6243805877730475,1,1,1,1
6,125,171,85,0.7538727429660155,0.7485469489131684,0.002838871263395093,0.002356188857883905,0.005325794052847055,0.0004826824055111879,3.7691017170657863,6.308404000115543,1,1,1,1
6,126,101,155,0.7505423799708577,0.7593557409767392,0.0016331640443371827,0.0039154214573826045,0.008813361005881482,0.002282257413045422,3.7691017170657863,6.134045657981252,1,1,1,1
6,127,163,93,0.6933419947261803,0.6932019036485176,0.001814989143186274,0.0003831087577950056,0.00014009107766266293,0.0014318803853912683,3.7691017170657863,6.208938649322981,1,1,1,1
6,128,152,104,0.6854166092219772,0.6594373024544491,0.09814215476656073,0.11267715305905311,0.025979306767528132,0.014534998292492385,3.7691017170657863,6.111638989658647,1,1,1,1
7,1,118,138,0.6931471805599453,0.6931471805599453,0.0,0.0,0.0,0.0,3.7691017170657863,6.043905888054216,1,1,1,1
7,2,150,106,0.5385986125701435,0.5311265410895702,0.0009410441093154788,0.001755570050700754,0.007472071480573272,0.0008145259413852753,3.7691017170657863,6.0983174631057295,1,1,1,1
7,3,111,145,0.43598561584108675,0.4389840973663983,0.00010406455715842743,0.0005093313384846865,0.0029984815253115693,0.00040526678132625905,3.7691017170657863,6.070449915059634,1,1,1,1
7,4,128,128,0.3652643049873093,0.35378927491326434,0.0026174578785185167,4.5297895451196506e-05,0.011475030074044934,0.0025721599830673203,3.7691017170657863,6.030042481101548,1,1,1,1
7,5,133,123,0.2906111253910213,0.290718443848198,0.0008089166104190055,0.0025241753810747083,0.00010731845717670829,0.0017152587706557028,3.7691017170657863,6.033496742929528,1,1,1,1
7,6,151,105,0.2843290833849036,0.258149515927388,0.001692768568226805,0.002110888121543933,0.026179567457515596,0.000418119553317128,3.7691017170657863,6.104819334981264,1,1,1,1
7,7,124,132,0.27929543406596735,0.28499175296321133,0.0006891719264408751,0.001032970610624046,0.005696318897243979,0.0003437986841831708,3.7691017170657863,6.03225232233578,1,1,1,1
7,8,117,139,0.28352457280406373,0.27690386724737637,0.00018658504108082057,0.00013209968132164504,0.006620705556687367,5.4485359759175525e-05,3.7691017170657863,6.046832986604354,1,1,1,1
7,9,129,127,0.21599370850100327,0.2022481362307899,0.0027038256974811076,0.0006899501587647799,0.013745572270213363,0.0020138755387163277,3.7691017170657863,6.030180503963651,1,1,1,1
7,10,149,107,0.2160261236265768,0.20189351927090035,0.0009478157593942236,0.0007663065980776144,0.014132604355676454,0.0001815091613166092,3.7691017170657863,6.092129599724122,1,1,1,1
7,11,158,98,0.23659245216826225,0.21444032579040712,0.0036440502006553337,0.008132142848205556,0.02215212637785513,0.004488092647550223,3.7691017170657863,6.159469695652374,1,1,1,1
7,12,122,134,0.20752396424447841,0.2459324158004127,0.0005758369514605459,0.0019630046227512464,0.03840845155593428,0.0013871676712907005,3.7691017170657863,6.035019058016614,1,1,1,1
7,13,116,140,0.251659826929931,0.23603241811721504,0.002830242380627887,0.0027530103736148398,0.01562740881271596,7.723200701304726e-05,3.7691017170657863,6.05004518830987,1,1,1,1
7,14,122,134,0.19510678487341998,0.1949601257572959,0.0024123727249905193,0.003893787223320077,0.000146659116124076,0.0014814144983295576,3.7691017170657863,6.035019058016614,1,1,1,1
7,15,131,125,0.22234148875119158,0.2055175027680839,0.008232280640458358,0.009451309476917857,0.016823985983107692,0.0012190288364594994,3.7691017170657863,6.0312851293365455,1,1,1,1
7,16,141,115,0.18911887151037632,0.18352140399137015,0.0022009327179279307,0.011026478191377163,0.005597467519006166,0.008825545473449232,3.7691017170657863,6.053544246392822,1,1,1,1
7,17,113,143,0.2611024125405118,0.31914123580395853,0.000913020199421938,0.0027045833079479406,0.058038823263446726,0.0017915631085260026,3.7691017170657863,6.0614107680064695,1,1,0,1
7,18,149,107,0.22963067916108432,0.22948138152735964,0.004984488004257289,0.0020028207870407553,0.00014929763372467653,0.002981667217216534,3.7691017170657863,6.092129599724122,1,1,1,1
7,19,172,84,0.23857368724960448,0.20011146198463053,0.00038349698031713865,0.003709831544945726,0.03846222526497395,0.003326334564628587,3.7691017170657863,6.322767834077663,1,1,1,1
7,20,150,106,0.2577105263643637,0.2816019312025614,0.0002184626512111686,0.002233662434631194,0.023891404838197683,0.002015199783420025,3.7691017170657863,6.0983174631057295,1,1,1,1
7,21,178,78,0.22417416018009106,0.19981915684433443,0.0019166578248975864,0.0005924544331578929,0.02435500333575663,0.0013242033917396936,3.7691017170657863,6.419051177986525,1,1,1,1
7,22,176,80,0.2789940240448702,0.28727928854518914,0.0013954990837167286,0.0018156669173560892,0.008285264500318912,0.0004201678336393606,3.7691017170657863,6.3849524788219725,1,1,1,1
7,23,157,99,0.24524455199494316,0.2702898902575967,0.0027761501876730193,0.0036644217297163804,0.025045338262653538,0.0008882715420433611,3.7691017170657863,6.150651543650131,1,1,1,1
7,24,171,85,0.20278446911218045,0.20287007712744526,0.0015917923746795837,0.004545327991286537,8.560801526480422e-05,0.0029535356166069536,3.7691017170657863,6.308404000115543,1,1,1,1
7,25,156,100,0.2944962984496442,0.294862439518157,0.0005510418663872733,0.00017911019844571538,0.00036614106851279304,0.0003719316679415579,3.7691017170657863,6.14217858989092,1,1,1,1
7,26,172,84,0.33674436471681757,0.35335700605253084,0.0011050848550357801,1.0959853454704533e-05,0.016612641335713274,0.0010941250015810756,3.7691017170657863,6.322767834077663,1,1,1,1
7,27,172,84,0.18427596186704026,0.1502101636013048,0.00043896523924228563,0.0051677985626673115,0.03406579826573547,0.004728833323425026,3.7691017170657863,6.322767834077663,1,1,1,1
7,28,178,78,0.32043597440033644,0.32944871676370646,0.0005650368901680777,0.005417048227219811,0.009012742363370019,0.004852011337051734,3.7691017170657863,6.419051177986525,1,1,1,1
7,29,169,87,0.276230528127253,0.2850263612735677,0.0017036451911643822,0.0016448118436038703,0.008795833146314658,5.8833347560511944e-05,3.7691017170657863,6.281019297930367,1,1,1,1
7,30,136,120,0.29313390152694824,0.27609802907755276,0.004488073076850761,0.006387713276436618,0.017035872449395473,0.0018996401995858567,3.7691017170657863,6.038900791796482,1,1,1,1
7,31,180,76,0.23222973484075837,0.24099726721209336,0.0003456578579650177,0.0057586334812844454,0.008767532371334985,0.005412975623319428,3.7691017170657863,6.455297393433148,1,1,1,1
7,32,163,93,0.19479191213233915,0.23936989076630366,0.0019288101706730048,0.00023242778527015522,0.04457797863396451,0.0016963823854028496,3.7691017170657863,6.208938649322981,1,1,1,1
7,33,177,79,0.23941909496351207,0.24831523329513405,0.00037985534230174436,0.004117265608272115,0.008896138331621978,0.0037374102659703708,3.7691017170657863,6.401740511200117,1,1,1,1
7,34,80,176,0.22976430157919064,0.2026615350478247,0.007038889357833259,0.003763163889162098,0.02710276653136595,0.003275725468671161,3.7691017170657863,6.3849524788219725,1,1,1,1
7,35,84,172,0.23799199707788657,0.25662717727429485,0.0016559440653749085,0.0007869975582217945,0.01863518019640828,0.000868946507153114,3.7691017170657863,6.322767834077663,1,1,1,1
7,36,50,206,0.29239144161014186,0.20969309908365946,0.00820795169574932,0.005062254921527746,0.0826983425264824,0.0031456967742215748,3.7691017170657863,7.200664946962764,1,1,0,1
7,37,48,208,0.19212870078512723,0.19236390016130853,0.0076603446805866265,0.0019157783028257657,0.00023519937618129982,0.00574456637776086,3.7691017170657863,7.28868632089376,1,1,1,1
7,38,77,179,0.1994062185145023,0.17106075866985665,0.009943390152251649,0.012787881759188938,0.02834545984464565,0.0028444916069372897,3.7691017170657863,6.4368985483580925,1,1,1,1
7,39,152,104,0.21818152900151827,0.2473477132050926,0.01325390633231114,0.009797816658805686,0.029166184203574336,0.0034560896735054535,3.7691017170657863,6.111638989658647,1,1,1,1
7,40,163,93,0.23557926330928364,0.26415444458953274,0.0037077332705673007,0.006457138335449241,0.028575181280249107,0.00274940506488194,3.7691017170657863,6.208938649322981,1,1,1,1
7,41,145,111,0.1606372346785419,0.1124570222527778,0.005178566704588549,0.0022216004385136614,0.048180212425764105,0.0029569662660748875,3.7691017170657863,6.070449915059634,1,1,1,1
7,42,108,148,0.15483972959067427,0.15655961915761846,0.14821648074235355,0.1507980595966568,0.0017198895669441883,0.0025815788543032403,3.7691017170657863,6.086252178924144,1,1,1,1
7,43,84,172,0.3370262563796943,0.31273763028144796,0.0005206553025566558,0.00028309433666044096,0.024288626098246335,0.00023756096589621484,3.7691017170657863,6.322767834077663,1,1,1,1
7,44,136,120,0.26444999395975133,0.19967471641363685,0.0034938090817614445,0.004607382945256405,0.06477527754611448,0.001113573863494961,3.7691017170657863,6.038900791796482,1,1,0,1
7,45,117,139,0.23695696775287106,0.29453488830723334,0.0010212151810132344,0.0013163051597717516,0.05757792055436228,0.0002950899787585173,3.7691017170657863,6.046832986604354,1,1,0,1
7,46,129,127,0.24535934660689007,0.27872421446214946,0.0010797868736151478,0.0009109122334443863,0.033364867855259384,0.00016887464017076152,3.7691017170657863,6.030180503963651,1,1,1,1
7,47,152,104,0.24479767340716363,0.21956183751084507,0.0008042767774124084,0.002008162514220434,0.02523583589631856,0.0012038857368080256,3.7691017170657863,6.111638989658647,1,1,1,1
7,48,153,103,0.2856811392632842,0.3284416182369967,0.002800558683359601,0.0007000552497919096,0.04276047897371249,0.0021005034335676914,3.7691017170657863,6.118780416286548,1,1,1,1
7,49,116,140,0.37053988645207814,0.3281091658928706,0.0016773521941055108,0.002302054537006882,0.042430720559207546,0.0006247023429013713,3.7691017170657863,6.05004518830987,1,1,1,1
7,50,135,121,0.2098152088115828,0.234770011905686,0.003791043424411735,0.008151954477213307,0.024954803094103195,0.004360911052801572,3.7691017170657863,6.036820084753119,1,1,1,1
7,51,155,101,0.23418026565216477,0.23387731414324384,0.0017419706500452284,0.0012649312127314108,0.0003029515089209289,0.0004770394373138176,3.7691017170657863,6.134045657981252,1,1,1,1
7,52,136,120,0.16335435972167928,0.1980940167706255,0.0036415909734409035,0.0013317542297611774,0.034739657048946215,0.0023098367436797263,3.7691017170657863,6.038900791796482,1,1,1,1
7,53,159,97,0.15189322617612935,0.20454690984139928,0.001383019540877775,0.00015116121864644491,0.05265368366526993,0.0012318583222313301,3.7691017170657863,6.1686384860098045,1,1,0,1
7,54,148,108,0.22977399904195475,0.22126544961177108,0.0010036693311654056,0.0024720686149247192,0.00850854943018367,0.0014683992837593136,3.7691017170657863,6.086252178924144,1,1,1,1
7,55,114,142,0.1839230694247621,0.20236815327161672,0.0023418544890124625,0.0005335541638497033,0.018445083846854615,0.0018083003251627592,3.7691017170657863,6.057332078158741,1,1,1,1
7,56,142,114,0.22887546742386566,0.2567020229665249,0.0037524503657527276,0.0035653337585205124,0.027826555542659226,0.00018711660723221522,3.7691017170657863,6.057332078158741,1,1,1,1
7,57,119,137,0.17317146653298066,0.13582388195082634,0.002752743492205081,0.0008734004399786986,0.037347584582154314,0.0018793430522263824,3.7691017170657863,6.041262300784574,1,1,1,1
7,58,73,183,0.18923964058055498,0.1985620857972964,0.000961333890665115,0.0038377040570285476,0.009322445216741415,0.0028763701663634326,3.7691017170657863,6.513961890600119,1,1,1,1
7,59,62,194,0.18847972145803443,0.15094838182216586,0.003714549753368236,0.004720473367891617,0.03753133963586858,0.0010059236145233807,3.7691017170657863,6.781142607721815,1,1,1,1
7,60,115,141,0.17879678809317393,0.2278462735852392,0.006414627165059328,0.0006976863721192134,0.04904948549206528,0.005716940792940115,3.7691017170657863,6.053544246392822,1,1,1,1
7,61,131,125,0.1112681857057167,0.08289471862145563,0.0030082124013278296,0.004203548489877996,0.02837346708426107,0.0011953360885501667,3.7691017170657863,6.0312851293365455,1,1,1,1
7,62,142,114,0.45314754783767186,0.5094282699406827,0.11661637111305574,0.11177424944685128,0.05628072210301083,0.0048421216662044575,3.7691017170657863,6.057332078158741,1,1,0,1
7,63,76,180,0.34135091546198504,0.32502822467399,0.0001765277340911248,0.00044361631918846817,0.01632269078799503,0.00026708858509734337,3.7691017170657863,6.455297393433148,1,1,1,1
7,64,116,140,0.30276603823208514,0.30741703140812,0.00026981481958484287,0.0008319099052881002,0.0046509931760348455,0.0005620950857032573,3.7691017170657863,6.05004518830987,1,1,1,1
7,65,118,138,0.26656304893373933,0.26072646992173454,0.0032341394848669526,0.00021412106142400418,0.0058365790120047945,0.0030200184234429484,3.7691017170657863,6.043905888054216,1,1,1,1
7,66,117,139,0.24410242985023575,0.23782665438415834,0.005250117122573145,0.0069591470035808844,0.00627577546607741,0.0017090298810077398,3.7691017170657863,6.046832986604354,1,1,1,1
7,67,119,137,0.20973843557339178,0.23506151153656996,0.0030557361448090292,0.003497433218970364,0.025323075963178177,0.00044169707416133464,3.7691017170657863,6.041262300784574,1,1,1,1
7,68,172,84,0.2702233710441846,0.2291720329683124,0.0022566560534010537,0.006642997817249904,0.04105133807587219,0.004386341763848851,3.7691017170657863,6.322767834077663,1,1,1,1
7,69,158,98,0.24899127207687172,0.2560863918806876,0.0008606699595617058,0.0013508691547929987,0.007095119803815886,0.0004901991952312929,3.7691017170657863,6.159469695652374,1,1,1,1
7,70,157,99,0.2524940603206005,0.2519174361832515,0.00918382745831002,0.0018811286267604484,0.0005766241373489911,0.007302698831549572,3.7691017170657863,6.150651543650131,1,1,1,1
7,71,154,102,0.24800701093227118,0.27132417464601355,0.00034133900114180493,0.005302161581925988,0.023317163713742373,0.004960822580784183,3.7691017170657863,6.12624782574149,1,1,1,1
7,72,167,89,0.27533192869563744,0.26791082224019214,0.00478575196010721,0.0010943131972950618,0.007421106455445303,0.0036914387628121485,3.7691017170657863,6.255360296675076,1,1,1,1
7,73,167,89,0.19527896406884407,0.17959892041894002,0.001126667974470849,0.0008009706650546414,0.015680043649904052,0.0003256973094162077,3.7691017170657863,6.255360296675076,1,1,1,1
7,74,117,139,0.30493413053085094,0.29646271160128507,0.0025276208641776756,0.005423152666299941,0.008471418929565877,0.0028955318021222655,3.7691017170657863,6.046832986604354,1,1,1,1
7,75,85,171,0.22207551660579267,0.26336975480243086,0.006311271043961134,0.0026440901360236524,0.04129423819663819,0.003667180907937481,3.7691017170657863,6.308404000115543,1,1,1,1
7,76,87,169,0.2045401579270517,0.17931285035145833,0.003312320248742777,0.0036680253157525683,0.025227307575593383,0.0003557050670097914,3.7691017170657863,6.281019297930367,1,1,1,1
7,77,192,64,1.107272402255762,1.014391814134659,0.004137955800214487,0.006510031974758072,0.092880588121103,0.002372076174543585,3.7691017170657863,6.725638463564038,1,1,0,1
7,78,139,117,0.4075044084834129,0.4274461205630288,0.0004732093934863915,0.0036157407857273158,0.01994171207961587,0.0031425313922409243,3.7691017170657863,6.046832986604354,1,1,1,1
7,79,146,110,0.455070176113614,0.39346403191009516,0.0008077999727066874,0.002397039066029045,0.06160614420351884,0.0015892390933223578,3.7691017170657863,6.075415407643043,1,1,0,1
7,80,120,136,0.5730900789843405,0.6084019699984876,0.003289895904768355,0.007602959421297626,0.03531189101414711,0.004313063516529271,3.7691017170657863,6.038900791796482,1,1,1,1
7,81,143,113,0.2956129694101897,0.2692647956394092,0.00024900788354320223,0.0004767911794681338,0.026348173770780525,0.00022778329592493154,3.7691017170657863,6.0614107680064695,1,1,1,1
7,82,128,128,0.32372005671834364,0.3511725271329832,0.0008277157775543123,0.0012003643481899653,0.02745247041463955,0.00037264857063565304,3.7691017170657863,6.030042481101548,1,1,1,1
7,83,140,116,0.31645105662532214,0.33046531455877814,0.0017330867820675045,0.0008682060686085284,0.014014257933456009,0.0008648807134589761,3.7691017170657863,6.05004518830987,1,1,1,1
7,84,117,139,0.30758848703997627,0.3146883235570974,0.0015829977147543556,0.001053683988298141,0.00709983651712115,0.0005293137264562146,3.7691017170657863,6.046832986604354,1,1,1,1
7,85,142,114,0.3638867226167787,0.3111490198626743,0.005458481885000338,0.011984327800772708,0.05273770275410439,0.00652584591577237,3.7691017170657863,6.057332078158741,1,1,0,1
7,86,136,120,1.004575400871663,1.034264747047493,0.007409277786370171,0.0033574992355469187,0.029689346175830078,0.004051778550823252,3.7691017170657863,6.038900791796482,1,1,1,1
7,87,131,125,0.8271068227500651,0.7904735139157022,0.00047431875176260144,0.0024341871609481064,0.03663330883436289,0.001959868409185505,3.7691017170657863,6.0312851293365455,1,1,1,1
7,88,145,111,0.43373266609086053,0.3961695655662801,0.0007964608303942175,0.0010129511881688189,0.03756310052458045,0.00021649035777460135,3.7691017170657863,6.070449915059634,1,1,1,1
7,89,157,99,0.3004328550614691,0.3233413688631436,0.0025188153709646242,0.002960456340142817,0.02290851380167447,0.00044164096917819265,3.7691017170657863,6.150651543650131,1,1,1,1
7,90,160,96,0.28992513185124114,0.27746859696077586,0.0006898441417461055,0.0019261829252443935,0.012456534890465276,0.001236338783498288,3.7691017170657863,6.178163628679769,1,1,1,1
7,91,154,102,0.28004150332643163,0.2798781194342245,0.0016033073910000591,0.0032667285115493844,0.00016338389220710292,0.0016634211205493253,3.7691017170657863,6.12624782574149,1,1,1,1
7,92,194,62,0.25140502858612307,0.23124796012588397,0.0007261334969603447,0.0031291147445295583,0.020157068460239097,0.0024029812475692136,3.7691017170657863,6.781142607721815,1,1,1,1
7,93,157,99,0.2936381201060274,0.3214482964842167,0.0033600064314275487,0.006520130216980953,0.027810176378189277,0.0031601237855534044,3.7691017170657863,6.150651543650131,1,1,1,1
7,94,164,92,0.2407854219577805,0.23362917344055328,0.00143415418717497,0.00024221674794189935,0.0071562485172272094,0.0011919374392330706,3.7691017170657863,6.219952210379759,1,1,1,1
7,95,174,82,0.2210258317313104,0.1915144563001248,0.001294607575763879,0.0011842984888845096,0.029511375431185594,0.00011030908687936943,3.7691017170657863,6.3528913263242766,1,1,1,1
7,96,194,62,0.23751082082386993,0.26863844255615343,0.00834078431816411,0.009482233149894775,0.031127621732283506,0.001141448831730665,3.7691017170657863,6.781142607721815,1,1,1,1
7,97,156,100,0.21142548851257909,0.21910953917533627,0.0030295927078716565,0.0004096341353759386,0.00768405066275718,0.002619958572495718,3.7691017170657863,6.14217858989092,1,1,1,1
7,98,183,73,0.2731239999775851,0.2723661042545956,0.006272276411433294,0.0051345900555745064,0.0007578957229894545,0.0011376863558587875,3.7691017170657863,6.513961890600119,1,1,1,1
7,99,175,81,0.2964987657056835,0.28854073156862203,0.00048662910384257314,0.005129621985711066,0.007958034137061476,0.004642992881868493,3.7691017170657863,6.368673675858521,1,1,1,1
7,100,174,82,0.2888183889740906,0.25572925478793535,0.00364250517555617,0.0059015215057757545,0.03308913418615528,0.0022590163302195843,3.7691017170657863,6.3528913263242766,1,1,1,1
7,101,185,71,0.2785533787956984,0.295289729965287,0.000519391093141499,0.0008708813295938492,0.016736351169588604,0.0003514902364523502,3.7691017170657863,6.5561352412464995,1,1,1,1
7,102,200,56,0.2794485424399111,0.22928580148171915,0.007900348341051893,0.012088492240121138,0.050162740958191926,0.0041881438990692445,3.7691017170657863,6.9703006496262185,1,1,0,1
7,103,211,45,0.3289175463824182,0.3464867846297317,0.006805913243367039,0.006081636959942356,0.01756923824731349,0.0007242762834246824,3.7691017170657863,7.4332813024005375,1,1,1,1
7,104,211,45,0.2870917637719459,0.3210621663800295,0.002639849295420887,0.004114849381678998,0.033970402608083594,0.0014750000862581106,3.7691017170657863,7.4332813024005375,1,1,1,1
7,105,158,98,0.311796365665806,0.29440042175914677,0.021912025976736957,0.026544135409836495,0.017395943906659217,0.004632109433099538,3.7691017170657863,6.159469695652374,1,1,1,1
7,106,195,61,0.3301420290875157,0.3995531362217751,0.02072624457550866,0.025676383010452566,0.06941110713425935,0.004950138434943907,3.7691017170657863,6.810219719876228,1,1,0,1
7,107,148,108,0.3126053125000384,0.262056361820688,0.00893712894421571,0.011545629595245237,0.050548950679350446,0.002608500651029527,3.7691017170657863,6.086252178924144,1,1,0,1
7,108,138,118,0.41416670587397364,0.3459566042010503,0.004914999880714702,0.0009108968065300108,0.06821010167292335,0.0040041030741846916,3.7691017170657863,6.043905888054216,1,1,0,1
7,109,159,97,0.5663487367565211,0.6517596120390692,6.086164664429968e-05,0.002646813114598254,0.0854108752825481,0.0025859514679539546,3.7691017170657863,6.1686384860098045,1,1,0,1
7,110,156,100,0.6843802225743816,0.6976172443921902,0.009677637077685784,0.00011636812772138072,0.013237021817808614,0.009561268949964404,3.7691017170657863,6.14217858989092,1,1,1,1
7,111,184,72,0.840876176215466,0.9132163686628703,0.0019659041452122113,0.004430317790502628,0.0723401924474043,0.002464413645290417,3.7691017170657863,6.534729870106683,1,1,0,1
7,112,153,103,0.7582888046738894,0.6888209809853033,0.002073218338629897,0.00421589517066086,0.06946782368858606,0.0021426768320309633,3.7691017170657863,6.118780416286548,1,1,0,1
7,113,113,143,0.699478106463225,0.7213252610400414,0.003131602422570868,0.011501405754611484,0.021847154576816408,0.008369803332040616,3.7691017170657863,6.0614107680064695,1,1,1,1
7,114,116,140,0.6701446295134971,0.6949667271399798,0.0039992587308698355,0.004164135133542843,0.024822097626482686,0.00016487640267300735,3.7691017170657863,6.05004518830987,1,1,1,1
7,115,157,99,0.6196770078247791,0.6407808084838694,0.001164577684023933,0.00019974445131697854,0.021103800659090344,0.0009648332327069544,3.7691017170657863,6.150651543650131,1,1,1,1
7,116,122,134,0.6541345993412324,0.6747384242703113,0.0013718060498327743,0.00045587918165925726,0.020603824929078862,0.0009159268681735171,3.7691017170657863,6.035019058016614,1,1,1,1
7,117,95,161,0.6859276991448061,0.6665936540276532,0.002289929396698606,0.0006369111866469414,0.019334045117152865,0.0016530182100516645,3.7691017170657863,6.188051122252272,1,1,1,1
7,118,138,118,0.6844040870539316,0.6604880745368306,0.001078221497055821,0.0006393608954277999,0.02391601251710107,0.0004388606016280212,3.7691017170657863,6.043905888054216,1,1,1,1
7,119,144,112,0.7157452457093325,0.6762474327518367,0.006844571808116345,0.007264308875353481,0.03949781295749577,0.0004197370672371359,3.7691017170657863,6.065782570720993,1,1,1,1
7,120,124,132,0.7596512874419067,0.7826488125816534,0.0016962515383361076,0.004748898333162235,0.022997525139746733,0.0030526467948261277,3.7691017170657863,6.03225232233578,1,1,1,1
7,121,111,145,0.8155983966430047,0.8047736877899598,0.04059777053259003,0.04797106715620053,0.010824708853044873,0.007373296623610498,3.7691017170657863,6.070449915059634,1,1,1,1
7,122,137,119,0.7900418524423483,0.8392711243042597,0.0032281560170920034,0.006109942122105166,0.049229271861911394,0.002881786105013163,3.7691017170657863,6.041262300784574,1,1,1,1
7,123,117,139,0.79062168217731,0.7686625595488629,0.009998681841214531,0.00908359071858228,0.021959122628447125,0.0009150911226322514,3.7691017170657863,6.046832986604354,1,1,1,1
7,124,173,83,0.7282036618821968,0.7316300025293287,0.006584539588890555,0.012371860240714988,0.003426340647131987,0.005787320651824433,3.7691017170657863,6.337593250448081,1,1,1,1
7,125,167,89,0.7510389886066177,0.735087968417341,0.003177991827120141,0.003102504193212911,0.015951020189276632,7.548763390723004e-05,3.7691017170657863,6.255360296675076,1,1,1,1
7,126,113,143,0.7501929826392656,0.7532925638698981,0.0015921786814393716,0.0008182050606424466,0.0030995812306324755,0.000773973620796925,3.7691017170657863,6.0614107680064695,1,1,1,1
7,127,159,97,0.6931774250567718,0.7060429516432616,0.001554434942771763,0.0026418701617074974,0.012865526586489762,0.0010874352189357344,3.7691017170657863,6.1686384860098045,1,1,1,1
7,128,139,117,0.684715732895304,0.7048565563831237,0.10044933530451237,0.11703391004884336,0.02014082348781976,0.01658457474433099,3.7691017170657863,6.046832986604354,1,1,1,1
8,1,126,130,0.6931471805599453,0.6931471805599453,0.0,0.0,0.0,0.0,3.7691017170657863,6.030594646277397,1,1,1,1
8,2,157,99,0.5474233699826747,0.5446423020142123,0.0009221193422991412,0.0008804237881710961,0.0027810679684624473,4.169555412804511e-05,3.7691017170657863,6.150651543650131,1,1,1,1
8,3,110,146,0.44439667133906724,0.45513494733476767,0.0001023192511233255,0.0001213888202021376,0.01073827599570043,1.90695690788121e-05,3.7691017170657863,6.075415407643043,1,1,1,1
8,4,126,130,0.37357348213610014,0.36618933954599625,0.002579949275596285,0.0020731856698871214,0.007384142590103893,0.0005067636057091637,3.7691017170657863,6.030594646277397,1,1,1,1
8,5,143,113,0.2977613806000616,0.2892976613004059,0.0007959159287931512,0.0034357012116898386,0.00846371929965567,0.0026397852828966874,3.7691017170657863,6.0614107680064695,1,1,1,1
8,6,157,99,0.2877049810423248,0.2827292831464676,0.0016827649484950358,0.002902087354973007,0.004975697895857167,0.0012193224064779712,3.7691017170657863,6.150651543650131,1,1,1,1
8,7,109,147,0.2834015875947753,0.2891575777498179,0.0006792731397154421,0.0029483009743736435,0.0057559901550425785,0.0022690278346582013,3.7691017170657863,6.080681837163498,1,1,1,1
8,8,124,132,0.286406489587173,0.30445998701054466,0.00018366443930118272,0.0007304935407770946,0.018053497423371645,0.0005468291014759119,3.7691017170657863,6.03225232233578,1,1,1,1
8,9,136,120,0.22080424454688347,0.21453698953656786,0.002652952458464538,0.001516952727407552,0.006267255010315609,0.0011359997310569862,3.7691017170657863,6.038900791796482,1,1,1,1
8,10,143,113,0.21989492274677996,0.23410296874286476,0.0009290549294768994,0.0007895277170819337,0.0142080459960848,0.00013952721239496573,3.7691017170657863,6.0614107680064695,1,1,1,1
8,11,152,104,0.2403020438971774,0.24757057723732262,0.0035518289163940214,0.003401986293298539,0.007268533340145211,0.00014984262309548219,3.7691017170657863,6.111638989658647,1,1,1,1
8,12,115,141,0.21216064867737164,0.2268211997761228,0.0005606467228008497,0.0003002079720462803,0.014660551098751168,0.0002604387507545694,3.7691017170657863,6.053544246392822,1,1,1,1
8,13,116,140,0.25386651700702806,0.25419508717056777,0.0027835124050986544,0.007700726925952087,0.0003285701635397098,0.004917214520853433,3.7691017170657863,6.05004518830987,1,1,1,1
8,14,104,152,0.19851717459096835,0.21411343601717725,0.002361575039830855,0.0023249759890182162,0.015596261426208902,3.6599050812638825e-05,3.7691017170657863,6.111638989658647,1,1,1,1
8,15,135,121,0.2249968313555829,0.2169170732932122,0.008064436675683493,0.0061926066331434455,0.008079758062370712,0.0018718300425400475,3.7691017170657863,6.036820084753119,1,1,1,1
8,16,137,119,0.19337897625914902,0.18791836724016797,0.002162054358557511,0.026751000531359398,0.005460609018981044,0.024588946172801888,3.7691017170657863,6.041262300784574,1,1,1,1
8,17,111,145,0.26335491177983283,0.24175995004254597,0.0008957009652824839,0.0007307135968904039,0.021594961737286866,0.00016498736839207998,3.7691017170657863,6.070449915059634,1,1,1,1
8,18,153,103,0.2288491528978771,0.20660716018433437,0.004989164568633745,0.009712236405401187,0.02224199271354274,0.004723071836767442,3.7691017170657863,6.118780416286548,1,1,1,1
8,19,191,65,0.23736518746376106,0.2529204100677124,0.0003842338221999868,0.0003730003577738617,0.015555222603951313,1.1233464426125086e-05,3.7691017170657863,6.6991481967338915,1,1,1,1
8,20,155,101,0.25804563501266714,0.27409040037559856,0.00021673129378501483,0.001112499871040092,0.016044765362931424,0.0008957685772550771,3.7691017170657863,6.134045657981252,1,1,1,1
8,21,165,91,0.2243456319320359,0.21676786995579458,0.0019040440110845167,0.0002606807442851174,0.007577761976241326,0.0016433632667993993,3.7691017170657863,6.231355204389332,1,1,1,1
8,22,181,75,0.27926228731003244,0.3044168595900575,0.001382610464652313,0.00297930830973288,0.025154572280025045,0.001596697845080567,3.7691017170657863,6.474263226833822,1,1,1,1
8,23,169,87,0.2459091933061135,0.2872676890875719,0.002740739557986321,0.0015770888795425013,0.04135849578145839,0.0011636506784438198,3.7691017170657863,6.281019297930367,1,1,1,1
8,24,157,99,0.2040610410588914,0.19576475427380016,0.0015695402975265138,0.0011723425077201275,0.008296286785091228,0.00039719778980638627,3.7691017170657863,6.150651543650131,1,1,1,1
8,25,162,94,0.29472687787941215,0.2353720130595787,0.000545176736252824,0.0024190410598924766,0.05935486481983346,0.0018738643236396527,3.7691017170657863,6.198307261440859,1,1,0,1
8,26,160,96,0.33679265213058607,0.34542289463917486,0.0011082083534576144,0.000162417089481357,0.008630242508588792,0.0009457912639762574,3.7691017170657863,6.178163628679769,1,1,1,1
8,27,171,85,0.1835173032632268,0.2177570548093236,0.00043818156826079297,0.0031838159180080233,0.03423975154609682,0.0027456343497472306,3.7691017170657863,6.308404000115543,1,1,1,1
8,28,173,83,0.3204220791850621,0.3204529326703994,0.0005567169351398564,0.0017598603348459242,3.085348533732324e-05,0.001203143399706068,3.7691017170657863,6.337593250448081,1,1,1,1
8,29,175,81,0.2764516936045882,0.3365278594587555,0.0016925208219666578,0.0011161022238767016,0.06007616585416731,0.0005764185980899562,3.7691017170657863,6.368673675858521,1,1,0,1
8,30,154,102,0.2934700098251797,0.3285074900176379,0.004415135925206837,0.0023138651945352378,0.035037480192458226,0.0021012707306715993,3.7691017170657863,6.12624782574149,1,1,1,1
8,31,164,92,0.23404755203790673,0.24292117334364685,0.00033898429180138456,0.005651069145465962,0.008873621305740126,0.005312084853664577,3.7691017170657863,6.219952210379759,1,1,1,1
8,32,166,90,0.19706338918584146,0.1625591341995124,0.0018840398968274466,0.00020716573632662992,0.03450425498632906,0.0016768741605008167,3.7691017170657863,6.2431552412325795,1,1,1,1
8,33,174,82,0.23970994431697878,0.1949022528492788,0.00037667395956290787,0.0032652130155833474,0.04480769146769997,0.0028885390560204395,3.7691017170657863,6.3528913263242766,1,1,1,1
8,34,107,149,0.22943408798851514,0.3016700892819762,0.007032857553451434,0.0018208778014333709,0.07223600129346106,0.005211979752018063,3.7691017170657863,6.092129599724122,1,1,0,1
8,35,79,177,0.23867385450330048,0.23819678692919813,0.0016346180162543152,0.0023027463233392465,0.0004770675741023467,0.0006681283070849313,3.7691017170657863,6.401740511200117,1,1,1,1
8,36,45,211,0.29243272740720305,0.30080935623128124,0.008135107996622757,0.009495077133099968,0.008376628824078192,0.0013599691364772105,3.7691017170657863,7.4332813024005375,1,1,1,1
8,37,46,210,0.19436228357505608,0.1665791239901068,0.00750018960987197,0.012403128124613763,0.027783159584949285,0.004902938514741793,3.7691017170657863,7.383290657620538,1,1,1,1
8,38,63,193,0.20078629300525763,0.1729188207713977,0.00976693196139872,0.006867334049162704,0.027867472233859936,0.002899597912236016,3.7691017170657863,6.752959695389444,1,1,1,1
8,39,152,104,0.21907379049029083,0.17142606092135368,0.0130525314543239,0.008635387979191177,0.04764772956893715,0.004417143475132723,3.7691017170657863,6.111638989658647,1,1,1,1
8,40,157,99,0.2356680170096589,0.2922170610977407,0.003696817423415077,0.011145373198339963,0.05654904408808181,0.0074485557749248855,3.7691017170657863,6.150651543650131,1,1,0,1
8,41,136,120,0.16135112857543632,0.17079050771816706,0.005143006672238744,0.005868833514570007,0.009439379142730742,0.0007258268423312626,3.7691017170657863,6.038900791796482,1,1,1,1
8,42,113,143,0.1572867535598768,0.13183943220879568,0.1459413573359116,0.12457205700372379,0.02544732135108113,0.021369300332187813,3.7691017170657863,6.0614107680064695,1,1,1,1
8,43,65,191,0.33716510349048,0.3609623114692078,0.0005170381795052978,0.00026818302216278427,0.023797207978727808,0.00024885515734251356,3.7691017170657863,6.6991481967338915,1,1,1,1
8,44,126,130,0.26598518391042947,0.32945320884369655,0.003439882626734684,0.0038166096106701537,0.06346802493326709,0.00037672698393546953,3.7691017170657863,6.030594646277397,1,1,0,1
8,45,124,132,0.24147808119252484,0.3289663014919497,0.0009862985330558048,0.0015552957910991774,0.08748822029942488,0.0005689972580433726,3.7691017170657863,6.03225232233578,1,1,0,1
8,46,149,107,0.24977937858742835,0.2101588013030637,0.0010406856814983807,0.003371038689520229,0.03962057728436466,0.0023303530080218482,3.7691017170657863,6.092129599724122,1,1,1,1
8,47,140,116,0.24720275361172742,0.25524471198224613,0.0007851775799617034,0.0021239798124724034,0.008041958370518715,0.0013388022325107,3.7691017170657863,6.05004518830987,1,1,1,1
8,48,159,97,0.28704050853931706,0.34500388423495665,0.0027290017192083873,0.002978985548050561,0.057963375695639585,0.0002499838288421738,3.7691017170657863,6.1686384860098045,1,1,0,1
8,49,116,140,0.36950248990047485,0.35296961610960875,0.0016321024165304146,0.002424222334218439,0.0165328737908661,0.0007921199176880245,3.7691017170657863,6.05004518830987,1,1,1,1
8,50,127,129,0.21385769749741787,0.23045428165040469,0.0036827429635538046,0.002387366098866082,0.016596584152986815,0.0012953768646877225,3.7691017170657863,6.030180503963651,1,1,1,1
8,51,170,86,0.23683898571386963,0.21206562707082532,0.0017002878567751803,0.0046484301078386385,0.024773358643044308,0.002948142251063458,3.7691017170657863,6.294491181834042,1,1,1,1
8,52,149,107,0.16664236218274453,0.13255977829118185,0.0035660812096219695,0.0031008012318015487,0.034082583891562684,0.00046527997782042085,3.7691017170657863,6.092129599724122,1,1,1,1
8,53,167,89,0.15295554663456967,0.17084069499485605,0.0013691652427414908,0.006267264460379887,0.017885148360286374,0.004898099217638396,3.7691017170657863,6.255360296675076,1,1,1,1
8,54,129,127,0.22980483594647633,0.2570262905344052,0.0009958919545599025,0.002149272317421452,0.02722145458792885,0.0011533803628615493,3.7691017170657863,6.030180503963651,1,1,1,1
8,55,94,162,0.1846380945990811,0.17560153201259054,0.0023148902637752807,0.0014013725879419136,0.009036562586490549,0.0009135176758333671,3.7691017170657863,6.198307261440859,1,1,1,1
8,56,147,109,0.22896235367847353,0.20096833068515418,0.0037219296982458645,0.004205586166450347,0.02799402299331935,0.00048365646820448284,3.7691017170657863,6.080681837163498,1,1,1,1
8,57,134,122,0.172312774568274,0.1166471611518262,0.002751585990421455,0.004891230796781754,0.05566561341644781,0.0021396448063602993,3.7691017170657863,6.035019058016614,1,1,0,1
8,58,66,190,0.18837289434682153,0.16862006022065526,0.0009611057556161357,0.0006087928605994107,0.01975283412616627,0.00035231289501672504,3.7691017170657863,6.673459860799369,1,1,1,1
8,59,75,181,0.18732958639008251,0.17750085404276827,0.0037309832001698627,0.0010410965378625657,0.00982873234731424,0.002689886662307297,3.7691017170657863,6.474263226833822,1,1,1,1
8,60,111,145,0.17803663151320928,0.18749545292742012,0.0064187918776216196,0.0007636364132639084,0.009458821414210838,0.005655155464357711,3.7691017170657863,6.070449915059634,1,1,1,1
8,61,123,133,0.10920364927597173,0.09954389585784454,0.003027268005707187,0.014411222160976503,0.009659753418127193,0.011383954155269316,3.7691017170657863,6.033496742929528,1,1,1,1
8,62,141,115,0.4528776743461666,0.472040052237016,0.11800151943773142,0.10986441093182352,0.019162377890849402,0.008137108505907903,3.7691017170657863,6.053544246392822,1,1,1,1
8,63,95,161,0.3347023896623723,0.34737211858336636,0.0001791621977930381,0.0007330123735572916,0.01266972892099405,0.0005538501757642535,3.7691017170657863,6.188051122252272,1,1,1,1
8,64,124,132,0.30215009686210936,0.3168132660063834,0.0002596523319565065,0.0002718434845056096,0.014663169144274013,1.2191152549103062e-05,3.7691017170657863,6.03225232233578,1,1,1,1
8,65,124,132,0.26696559202618503,0.2783014073478947,0.00334094580668259,0.0015694228218301118,0.011335815321709686,0.0017715229848524784,3.7691017170657863,6.03225232233578,1,1,1,1
8,66,120,136,0.2460641900305256,0.23961038763771925,0.004895058259267011,0.007294948837027013,0.0064538023928063515,0.0023998905777600013,3.7691017170657863,6.038900791796482,1,1,1,1
8,67,129,127,0.21140661807559266,0.23769445426385702,0.00273346145965489,0.00471859552373971,0.026287836188264357,0.0019851340640848203,3.7691017170657863,6.030180503963651,1,1,1,1
8,68,182,74,0.27129472936694543,0.2708055623366685,0.0022418496245794296,0.005418264607885367,0.0004891670302769047,0.0031764149833059373,3.7691017170657863,6.493812348296622,1,1,1,1
8,69,167,89,0.2514573817284034,0.24427125095161362,0.0005795618619425062,0.0022458815597124543,0.007186130776789756,0.001666319697769948,3.7691017170657863,6.255360296675076,1,1,1,1
8,70,145,111,0.25393619290662417,0.29805891278617724,0.008742890500727324,0.009107834222817874,0.044122719879553074,0.00036494372209055007,3.7691017170657863,6.070449915059634,1,1,1,1
8,71,169,87,0.2507305552124116,0.2882869573016058,0.00016060594975012,0.0001599953699392906,0.037556402089194196,6.105798108294036e-07,3.7691017170657863,6.281019297930367,1,1,1,1
8,72,178,78,0.2774588625997063,0.22415808380366625,0.004165537495826266,0.005658920746777554,0.05330077879604006,0.0014933832509512884,3.7691017170657863,6.419051177986525,1,1,0,1
8,73,166,90,0.19687268956459658,0.17329301122926197,0.0013065357156816296,0.005237759666756707,0.023579678335334614,0.003931223951075077,3.7691017170657863,6.2431552412325795,1,1,1,1
8,74,126,130,0.3052186546368614,0.3051771055113659,0.0024816148364465306,0.005833710067445334,4.154912549547696e-05,0.0033520952309988032,3.7691017170657863,6.030594646277397,1,1,1,1
8,75,96,160,0.22292174937592493,0.19838398397809057,0.005790395505941057,0.010812347943945116,0.024537765397834366,0.00502195243800406,3.7691017170657863,6.178163628679769,1,1,1,1
8,76,88,168,0.20371139239286223,0.22912091553138855,0.0032017300211311522,0.0024293862976280008,0.02540952313852632,0.0007723437235031515,3.7691017170657863,6.2679787291947004,1,1,1,1
8,77,196,60,1.1034690304311114,1.147839656544085,0.004198918453329526,6.114439324134135e-05,0.04437062611297349,0.004137774060088185,3.7691017170657863,6.840225488568713,1,1,1,1
8,78,131,125,0.4077207495460675,0.3743746938513601,0.0003557870499487706,0.003608379682484484,0.033346055694707444,0.0032525926325357134,3.7691017170657863,6.0312851293365455,1,1,1,1
8,79,148,108,0.45433709206952594,0.44024592809773044,0.0011087400185029739,0.004397740823314476,0.014091163971795495,0.0032890008048115024,3.7691017170657863,6.086252178924144,1,1,1,1
8,80,130,126,0.5687760969566076,0.5011192413500049,0.0029965400569865637,0.0008542675459124113,0.06765685560660273,0.0021422725110741524,3.7691017170657863,6.030594646277397,1,1,0,1
8,81,147,109,0.2951169622280865,0.3147359291531875,0.0002543193013799438,0.002163774401016401,0.01961896692510101,0.001909455099636457,3.7691017170657863,6.080681837163498,1,1,1,1
8,82,138,118,0.324681439192525,0.29114989993880575,0.001010146714246249,0.0028021275853344473,0.03353153925371927,0.0017919808710881984,3.7691017170657863,6.043905888054216,1,1,1,1
8,83,157,99,0.3156786774535767,0.34396379003348565,0.001743403004468548,0.0007585667373717162,0.028285112579908955,0.0009848362670968318,3.7691017170657863,6.150651543650131,1,1,1,1
8,84,123,133,0.30723205040744617,0.29983509851586965,0.0015834078931677383,0.003276838724919598,0.00739695189157652,0.0016934308317518598,3.7691017170657863,6.033496742929528,1,1,1,1
8,85,141,115,0.36365062100843987,0.3041965329875419,0.005498844262709766,0.0048480419887392545,0.059454088020897966,0.0006508022739705119,3.7691017170657863,6.053544246392822,1,1,0,1
8,86,138,118,1.0091452186499859,1.0756477169753609,0.007406021736712929,0.003416298533592957,0.06650249832537503,0.003989723203119972,3.7691017170657863,6.043905888054216,1,1,0,1
8,87,141,115,0.826690933139129,0.8769636379575239,0.0003689763407613948,0.000986887692745464,0.05027270481839485,0.0006179113519840691,3.7691017170657863,6.053544246392822,1,1,0,1
8,88,142,114,0.4359897996041466,0.3723115833479082,0.0006100288833543674,0.0007627914060608365,0.06367821625623837,0.00015276252270646912,3.7691017170657863,6.057332078158741,1,1,0,1
8,89,169,87,0.3034819982732714,0.2869757760627202,0.0024582089185632037,0.004463546811309567,0.016506222210551202,0.002005337892746363,3.7691017170657863,6.281019297930367,1,1,1,1
8,90,157,99,0.2895783070774971,0.28369141030551087,0.000687705982336622,4.162625353648641e-05,0.0058868967719862275,0.0006460797288001356,3.7691017170657863,6.150651543650131,1,1,1,1
8,91,177,79,0.27999826260132593,0.24808844135528,0.0016029366060198564,0.003920845426155832,0.03190982124604594,0.0023179088201359757,3.7691017170657863,6.401740511200117,1,1,1,1
8,92,180,76,0.24971531165418942,0.2565071367845,0.000908689286155992,0.0010227446145366116,0.006791825130310569,0.00011405532838061963,3.7691017170657863,6.455297393433148,1,1,1,1
8,93,152,104,0.29342589715952916,0.2578122079057996,0.0035807383968980457,0.005775499853684377,0.03561368925372954,0.002194761456786331,3.7691017170657863,6.111638989658647,1,1,1,1
8,94,168,88,0.23813743829139075,0.2525424337015274,0.0019494498464784835,0.002099402257281821,0.01440499541013665,0.0001499524108033376,3.7691017170657863,6.2679787291947004,1,1,1,1
8,95,182,74,0.21950903500285246,0.21185759672462,0.0013382222683222577,0.00023010641309002215,0.0076514382782324475,0.0011081158552322355,3.7691017170657863,6.493812348296622,1,1,1,1
8,96,181,75,0.23706302143411065,0.2522592308783825,0.008601193465319321,0.011088503858462467,0.01519620944427183,0.002487310393143146,3.7691017170657863,6.474263226833822,1,1,1,1
8,97,180,76,0.21053735607378496,0.2587415399005409,0.003125724790977308,0.0010925196550181752,0.048204183826755925,0.0020332051359591326,3.7691017170657863,6.455297393433148,1,1,1,1
8,98,168,88,0.27333076191242045,0.2974038581656626,0.006245003479799397,0.007031693948370804,0.024073096253242166,0.000786690468571407,3.7691017170657863,6.2679787291947004,1,1,1,1
8,99,194,62,0.29685392019486867,0.3458836005985685,0.0004825232331475641,0.0031944284238699864,0.049029680403699816,0.0027119051907224224,3.7691017170657863,6.781142607721815,1,1,1,1
8,100,185,71,0.28982012936517443,0.3387923089362055,0.003633969968566948,0.0037347942231201418,0.04897217957103106,0.00010082425455319385,3.7691017170657863,6.5561352412464995,1,1,1,1
8,101,174,82,0.28050442882760634,0.31324409555834953,0.00027669526985098225,0.002723902068361494,0.03273966673074319,0.0024472067985105116,3.7691017170657863,6.3528913263242766,1,1,1,1
8,102,201,55,0.2814491944140455,0.31332610326915733,0.007796345531345535,0.008021028964015096,0.03187690885511185,0.00022468343266956146,3.7691017170657863,7.005545402643371,1,1,1,1
8,103,210,46,0.3292230350423451,0.3623413881307451,0.006768148992285523,0.008186221899440403,0.0331183530884,0.0014180729071548801,3.7691017170657863,7.383290657620538,1,1,1,1
8,104,206,50,0.2893848890990437,0.2570132090647079,0.002677328738077375,0.00035711302700087294,0.03237168003433577,0.002320215711076502,3.7691017170657863,7.200664946962764,1,1,1,1
8,105,155,101,0.312441619312799,0.2713111993464191,0.02154915133839013,0.019054511234736213,0.041130419966379894,0.002494640103653918,3.7691017170657863,6.134045657981252,1,1,1,1
8,106,179,77,0.33026570596833205,0.3891118962292436,0.020512870900443708,0.018640102171608233,0.058846190260911535,0.001872768728835475,3.7691017170657863,6.4368985483580925,1,1,0,1
8,107,148,108,0.31305935426340026,0.2963848766484274,0.008925975819092257,0.008625017743484861,0.01667447761497287,0.0003009580756073958,3.7691017170657863,6.086252178924144,1,1,1,1
8,108,144,112,0.41251787156277675,0.40518183711456823,0.004946487187816035,0.008679757516838874,0.007336034448208517,0.003733270329022839,3.7691017170657863,6.065782570720993,1,1,1,1
8,109,171,85,0.5594317038733542,0.617184626399657,5.628350991293226e-05,0.0034654271348327614,0.05775292252630282,0.0034091436249198293,3.7691017170657863,6.308404000115543,1,1,0,1
8,110,158,98,0.6776803231333897,0.6678355333721959,0.009066506382688105,0.0012395851452918355,0.00984478976119374,0.00782692123739627,3.7691017170657863,6.159469695652374,1,1,1,1
8,111,197,59,0.8340127848942459,0.8680170020668426,0.0020164015120832535,0.002371823918996846,0.03400421717259672,0.00035542240691359243,3.7691017170657863,6.871196453948448,1,1,1,1
8,112,179,77,0.756593082041605,0.7107736369234072,0.0020693346852267043,0.0017380957730744944,0.0458194451181978,0.00033123891215220986,3.7691017170657863,6.4368985483580925,1,1,1,1
8,113,127,129,0.6975179617564486,0.7620865001960968,0.0029211218941092368,0.004711942539097099,0.06456853843964816,0.001790820644987862,3.7691017170657863,6.030180503963651,1,1,0,1
8,114,126,130,0.6662702132915103,0.6742637504727063,0.004301486937473564,0.004723821386389826,0.007993537181195998,0.0004223344489162617,3.7691017170657863,6.030594646277397,1,1,1,1
8,115,160,96,0.619076687526994,0.6155224991335744,0.0012458915956940313,0.00136742520090136,0.0035541883934195884,0.00012153360520732875,3.7691017170657863,6.178163628679769,1,1,1,1
8,116,114,142,0.654535562615901,0.6730456714721994,0.0012908204362811933,0.0006897545776235687,0.018510108856298446,0.0006010658586576246,3.7691017170657863,6.057332078158741,1,1,1,1
8,117,82,174,0.6866478583752703,0.6932247904511345,0.0023565855261405196,0.0004788706797487982,0.006576932075864184,0.0018777148463917214,3.7691017170657863,6.3528913263242766,1,1,1,1
8,118,134,122,0.682858368768047,0.6859412816594228,0.0010143404376588543,0.00034911017882062164,0.0030829128913758552,0.0006652302588382327,3.7691017170657863,6.035019058016614,1,1,1,1
8,119,138,118,0.7101693802688804,0.7099358086175531,0.006502265018747542,0.005442387571181576,0.0002335716513273134,0.001059877447565966,3.7691017170657863,6.043905888054216,1,1,1,1
8,120,130,126,0.7463462523311288,0.7404182550550162,0.003123705629159146,0.003034492979501438,0.005927997276112595,8.921264965770781e-05,3.7691017170657863,6.030594646277397,1,1,1,1
8,121,107,149,0.8062421247543373,0.8090078452051213,0.04073829473032878,0.04916774229588022,0.0027657204507839372,0.008429447565551439,3.7691017170657863,6.092129599724122,1,1,1,1
8,122,149,107,0.7799809869255019,0.7719759890387076,0.003905106752393991,0.004025489021937764,0.008004997886794318,0.00012038226954377319,3.7691017170657863,6.092129599724122,1,1,1,1
8,123,125,131,0.7933847456558998,0.8119277988397967,0.010162740663653129,0.005673906909142079,0.01854305318389693,0.00448883375451105,3.7691017170657863,6.0312851293365455,1,1,1,1
8,124,177,79,0.7238406581139429,0.7330274238056926,0.0074788741217404475,0.009654129427681485,0.009186765691749699,0.0021752553059410373,3.7691017170657863,6.401740511200117,1,1,1,1
8,125,164,92,0.7439330793460364,0.7472420627363432,0.0025808838277371505,0.006957149985096708,0.00330898339030683,0.004376266157359558,3.7691017170657863,6.219952210379759,1,1,1,1
8,126,147,109,0.7403341414167159,0.7353813118107445,0.0016687582829035775,0.0034106185532066027,0.004952829605971432,0.0017418602703030252,3.7691017170657863,6.080681837163498,1,1,1,1
8,127,146,110,0.6932385554998017,0.689085278157401,0.0019675192395386676,0.0035734908067204096,0.004153277342400785,0.001605971567181742,3.7691017170657863,6.075415407643043,1,1,1,1
8,128,159,97,0.6854794848157039,0.6936492926050113,0.09720674375411478,0.11434284632429573,0.008169807789307426,0.017136102570180944,3.7691017170657863,6.1686384860098045,1,1,1,1
9,1,120,136,0.6931471805599453,0.6931471805599453,0.0,0.0,0.0,0.0,3.7691017170657863,6.038900791796482,1,1,1,1
9,2,157,99,0.5408739973720907,0.5422225265901528,0.0009268928238590594,0.0010259901129654053,0.0013485292180620556,9.909728910634588e-05,3.7691017170657863,6.150651543650131,1,1,1,1
9,3,120,136,0.44287540041137113,0.4480770740075296,0.00010173042051129328,0.0008089576880601782,0.005201673596158474,0.0007072272675488849,3.7691017170657863,6.038900791796482,1,1,1,1
9,4,128,128,0.3708268821111935,0.36762855965041474,0.002591606392011017,0.006996678612268763,0.0031983224607787797,0.0044050722202577455,3.7691017170657863,6.030042481101548,1,1,1,1
9,5,152,104,0.29669788065359093,0.2835546540591094,0.0007847902287683554,0.001122897313478274,0.013143226594481527,0.0003381070847099186,3.7691017170657863,6.111638989658647,1,1,1,1
9,6,142,114,0.2864235284792628,0.30724466127214556,0.0016695151964768746,0.0006347693180056512,0.02082113279288278,0.0010347458784712234,3.7691017170657863,6.057332078158741,1,1,1,1
9,7,118,138,0.2847583098143243,0.29062586747399755,0.0006685658441401617,0.0012526129956102784,0.005867557659673228,0.0005840471514701167,3.7691017170657863,6.043905888054216,1,1,1,1
9,8,134,122,0.2873390489391591,0.30575842823106625,0.00018536079942009813,0.0010906719800428807,0.018419379291907123,0.0009053111806227826,3.7691017170657863,6.035019058016614,1,1,1,1
9,9,148,108,0.22181244792113,0.21561403040979954,0.002614497887012568,0.0023359127703774856,0.006198417511330462,0.00027858511663508227,3.7691017170657863,6.086252178924144,1,1,1,1
9,10,133,123,0.22065763772002503,0.21384586988516552,0.0009163642963449566,7.761927043642808e-06,0.006811767834859511,0.0009086023693013138,3.7691017170657863,6.033496742929528,1,1,1,1
9,11,146,110,0.23997399331234343,0.22533088025428244,0.0035307008211809925,0.0049280826729545275,0.014643113058060986,0.001397381851773535,3.7691017170657863,6.075415407643043,1,1,1,1
9,12,114,142,0.21098176056473017,0.21063487000346628,0.0005604352137784296,0.0023835827617545175,0.00034689056126388507,0.001823147547976088,3.7691017170657863,6.057332078158741,1,1,1,1
9,13,120,136,0.2527773619786631,0.22979445698735895,0.002784726512001903,0.003470141221136437,0.02298290499130412,0.0006854147091345337,3.7691017170657863,6.038900791796482,1,1,1,1
9,14,108,148,0.19625382245646386,0.16397226048680788,0.002378480868693668,0.005597128597556605,0.03228156196965598,0.003218647728862937,3.7691017170657863,6.086252178924144,1,1,1,1
9,15,155,101,0.222353439910434,0.22198540232632535,0.008208666341281805,0.010822160384874963,0.00036803758410863807,0.002613494043593158,3.7691017170657863,6.134045657981252,1,1,1,1
9,16,142,114,0.18980604493033082,0.20489635642772708,0.002198386007350373,0.01733586855063842,0.015090311497396258,0.015137482543288047,3.7691017170657863,6.057332078158741,1,1,1,1
9,17,112,144,0.26229320065953043,0.26223344388995007,0.0008945568575995354,9.233140061089132e-05,5.97567695803658e-05,0.000802225456988644,3.7691017170657863,6.065782570720993,1,1,1,1
9,18,156,100,0.2286243852475425,0.258676868211394,0.004967793382683137,0.012098473326950545,0.030052482963851518,0.007130679944267408,3.7691017170657863,6.14217858989092,1,1,1,1
9,19,177,79,0.23878516955273044,0.22351213363323646,0.0003782356148945461,0.001900573988000543,0.015273035919493971,0.0015223383731059969,3.7691017170657863,6.401740511200117,1,1,1,1
9,20,162,94,0.25833306796357136,0.25058780790084606,0.00021474420295160827,0.003995974717234154,0.007745260062725301,0.003781230514282546,3.7691017170657863,6.198307261440859,1,1,1,1
9,21,179,77,0.2240565042471058,0.20836462056618954,0.001889732283402072,0.005605854771960855,0.015691883680916258,0.003716122488558783,3.7691017170657863,6.4368985483580925,1,1,1,1
9,22,185,71,0.27905013944256896,0.2704447761606883,0.0013741106161589468,9.8844336931853e-06,0.008605363281880662,0.0013642261824657615,3.7691017170657863,6.5561352412464995,1,1,1,1
9,23,177,79,0.24502494113751155,0.26180225277667946,0.0027438912977789586,0.0033260055070364492,0.016777311639167902,0.0005821142092574906,3.7691017170657863,6.401740511200117,1,1,1,1
9,24,167,89,0.2022839041387676,0.19365817065661986,0.0015757898317436294,0.001349604476959337,0.008625733482147735,0.0002261853547842925,3.7691017170657863,6.255360296675076,1,1,1,1
9,25,160,96,0.29433935353595414,0.32892929691788136,0.0005468854257919686,0.0008856189061271337,0.034589943381927224,0.0003387334803351651,3.7691017170657863,6.178163628679769,1,1,1,1
9,26,160,96,0.3367296912552295,0.3200596031404887,0.0011129376769578357,0.0035186579210851384,0.0166700881147408,0.0024057202441273027,3.7691017170657863,6.178163628679769,1,1,1,1
9,27,159,97,0.1836494717219323,0.18366443144913788,0.0004351884153275462,0.004782031042046938,1.4959727205582363e-05,0.004346842626719392,3.7691017170657863,6.1686384860098045,1,1,1,1
9,28,189,67,0.3204226566543541,0.3991281905670454,0.0005536300015708182,0.0014166759770731976,0.0787055339126913,0.0008630459755023794,3.7691017170657863,6.648545990797513,1,1,0,1
9,29,165,91,0.27686331471494374,0.1995322096190078,0.0016788890254027336,0.000706378462343567,0.07733110509593594,0.0009725105630591666,3.7691017170657863,6.231355204389332,1,1,0,1
9,30,160,96,0.29309112290059125,0.30205742127068635,0.004446971777434379,0.003510767224440957,0.008966298370095105,0.0009362045529934223,3.7691017170657863,6.178163628679769,1,1,1,1
9,31,184,72,0.23240327392754095,0.23234829810021682,0.00034395924399367056,0.006894748556283657,5.4975827324138526e-05,0.006550789312289987,3.7691017170657863,6.534729870106683,1,1,1,1
9,32,169,87,0.19484660800373216,0.19475645302753608,0.0018978621200608477,0.0016706374448631585,9.015497619607737e-05,0.00022722467519768925,3.7691017170657863,6.281019297930367,1,1,1,1
9,33,176,80,0.23898597067145644,0.30245690312310025,0.00037836646953459923,0.0020567955546064894,0.06347093245164381,0.00167842908507189,3.7691017170657863,6.3849524788219725,1,1,0,1
9,34,82,174,0.22992778400869404,0.27502805700974575,0.006949433785882671,0.008706247919502474,0.04510027300105171,0.0017568141336198034,3.7691017170657863,6.3528913263242766,1,1,1,1
9,35,70,186,0.2388233947227055,0.2756046352504444,0.0016184238273272088,0.0010274840428947795,0.03678124052773887,0.0005909397844324293,3.7691017170657863,6.578197955307224,1,1,1,1
9,36,54,202,0.29250788677077005,0.26561764065857685,0.00800400700351511,0.012594523014879962,0.026890246112193206,0.004590516011364851,3.7691017170657863,7.041975477148673,1,1,1,1
9,37,52,204,0.1945446239995861,0.23070188836080552,0.00739998233555458,0.01296826681030084,0.03615726436121941,0.005568284474746259,3.7691017170657863,7.118607203133873,1,1,1,1
9,38,71,185,0.2018713296354783,0.17474249789013846,0.009550015032104217,0.004116568980493842,0.027128831745339838,0.0054334460516103755,3.7691017170657863,6.5561352412464995,1,1,1,1
9,39,151,105,0.21977186249247638,0.1731874309224611,0.012779632358044218,0.015283799711226655,0.04658443157001527,0.0025041673531824363,3.7691017170657863,6.104819334981264,1,1,1,1
9,40,167,89,0.23609816942972417,0.21701388867711138,0.0036040465725784825,0.008938940918328895,0.019084280752612787,0.005334894345750412,3.7691017170657863,6.255360296675076,1,1,1,1
9,41,137,119,0.16109348290319764,0.18040809337969332,0.00507853441219453,0.013631532030707869,0.019314610476495686,0.008552997618513337,3.7691017170657863,6.041262300784574,1,1,1,1
9,42,116,140,0.15742576217130153,0.15486157156411479,0.1470251738143833,0.16445969555684414,0.0025641906071867393,0.01743452174246085,3.7691017170657863,6.05004518830987,1,1,1,1
9,43,84,172,0.3373032883154806,0.2817607395941195,0.0005166629060686573,0.000691655375724959,0.05554254872136111,0.0001749924696563017,3.7691017170657863,6.322767834077663,1,1,0,1
9,44,123,133,0.26501664677763653,0.28953901776333907,0.0034139839220253387,0.004254156032021676,0.024522370985702535,0.0008401721099963377,3.7691017170657863,6.033496742929528,1,1,1,1
9,45,127,129,0.23946816267776966,0.23958458767538315,0.0009736615973716682,0.0006448437910276274,0.00011642499761349567,0.0003288178063440408,3.7691017170657863,6.030180503963651,1,1,1,1
9,46,133,123,0.2463240032333977,0.2623580848956612,0.0010474594534731322,0.0025429036982242883,0.0160340816622635,0.001495444244751156,3.7691017170657863,6.033496742929528,1,1,1,1
9,47,158,98,0.24535225798608326,0.2621010564470544,0.0007807940479199426,5.6566755294260105e-05,0.01674879846097113,0.0007242272926256824,3.7691017170657863,6.159469695652374,1,1,1,1
9,48,151,105,0.2862593416484553,0.26073884128332964,0.002723059125781227,0.0015887964698952052,0.025520500365125653,0.0011342626558860217,3.7691017170657863,6.104819334981264,1,1,1,1
9,49,121,135,0.37056628687704163,0.2857298499007146,0.0016418749929150355,0.003335454467933159,0.08483643697632703,0.0016935794750181235,3.7691017170657863,6.036820084753119,1,1,0,1
9,50,134,122,0.2088674396396512,0.17475627910940497,0.003727914504905001,0.0003358454499753825,0.03411116053024624,0.0033920690549296187,3.7691017170657863,6.035019058016614,1,1,1,1
9,51,152,104,0.23259240550774035,0.19740520832008507,0.0017382656344285285,0.00745853712640205,0.035187197187655284,0.005720271491973522,3.7691017170657863,6.111638989658647,1,1,1,1
9,52,139,117,0.15995047197730575,0.1685324011309545,0.003625863316086263,0.005269280896025014,0.008581929153648749,0.001643417579938751,3.7691017170657863,6.046832986604354,1,1,1,1
9,53,161,95,0.14809225628533612,0.148049939328778,0.0013848608530159907,4.3107693599328246e-05,4.231695655812495e-05,0.0013417531594166624,3.7691017170657863,6.188051122252272,1,1,1,1
9,54,135,121,0.22769456481761277,0.20943334740557024,0.0010059340041373166,0.00038045155046805706,0.018261217412042535,0.0006254824536692595,3.7691017170657863,6.036820084753119,1,1,1,1
9,55,105,151,0.18062671431206953,0.2182891667400732,0.0023492800025007765,0.0015179847164247485,0.03766245242800367,0.000831295286076028,3.7691017170657863,6.104819334981264,1,1,1,1
9,56,141,115,0.2273769089208233,0.21805818885944128,0.0037423522142092207,0.004039869790408256,0.009318720061382013,0.0002975175761990353,3.7691017170657863,6.053544246392822,1,1,1,1
9,57,130,126,0.16988573363583362,0.15092525332736623,0.0027638252539958327,0.003589580337023476,0.018960480308467392,0.0008257550830276434,3.7691017170657863,6.030594646277397,1,1,1,1
9,58,69,187,0.18711708680183436,0.23477387631918334,0.000958759276290217,0.00606409126404344,0.047656789517348974,0.005105331987753222,3.7691017170657863,6.600939023932012,1,1,1,1
9,59,87,169,0.18702286436716586,0.19700716625722234,0.00370527069738433,0.0018968053530532642,0.009984301890056474,0.0018084653443310658,3.7691017170657863,6.281019297930367,1,1,1,1
9,60,112,144,0.177975011064051,0.1488984217986046,0.006282754994010941,0.005876090999580824,0.0290765892654464,0.00040666399443011706,3.7691017170657863,6.065782570720993,1,1,1,1
9,61,140,116,0.10826610684045257,0.08867207607172269,0.0029962513126587714,0.00719799908820817,0.019594030768729884,0.004201747775549399,3.7691017170657863,6.05004518830987,1,1,1,1
9,62,150,106,0.452688776050961,0.5134078645464131,0.11942150323728057,0.1820107347909966,0.0607190884954521,0.06258923155371604,3.7691017170657863,6.0983174631057295,1,1,0,0
9,63,100,156,0.3386015037940314,0.375915207984319,0.00017587583806594935,0.0003191842208404849,0.03731370419028757,0.00014330838277453557,3.7691017170657863,6.14217858989092,1,1,1,1
9,64,130,126,0.308891776651976,0.31827891358130206,0.0001551679547369695,0.0010908404292549918,0.009387136929326079,0.0009356724745180223,3.7691017170657863,6.030594646277397,1,1,1,1
9,65,117,139,0.27152701554192493,0.2823221156372544,0.003219568587913578,0.0028450312552444623,0.010795100095329468,0.00037453733266911565,3.7691017170657863,6.046832986604354,1,1,1,1
9,66,123,133,0.24956521820595676,0.25505510277089827,0.004624451377981197,0.00589404794263125,0.005489884564941511,0.0012695965646500537,3.7691017170657863,6.033496742929528,1,1,1,1
9,67,121,135,0.21528643716225315,0.22178650616609288,0.002559847975761795,0.0027914719331980364,0.006500069003839731,0.00023162395743624165,3.7691017170657863,6.036820084753119,1,1,1,1
9,68,182,74,0.2723809408178147,0.2727094097404545,0.0022175374638017213,0.005846000059138923,0.00032846892263976857,0.003628462595337202,3.7691017170657863,6.493812348296622,1,1,1,1
9,69,167,89,0.25249893612597135,0.2459222616615775,0.0007236904763639508,0.0009738207013819875,0.006576674464393861,0.00025013022501803664,3.7691017170657863,6.255360296675076,1,1,1,1
9,70,150,106,0.2547941711871675,0.26236368628916484,0.008621807853515413,0.008383599200860674,0.007569515101997326,0.00023820865265473945,3.7691017170657863,6.0983174631057295,1,1,1,1
9,71,162,94,0.25032825893406657,0.29536684928397994,0.00017724209552168885,0.0024508584439055514,0.045038590349913366,0.0022736163483838626,3.7691017170657863,6.198307261440859,1,1,1,1
9,72,154,102,0.27742415726579644,0.24673928091389158,0.00401963082859488,0.0020126621839446895,0.030684876351904866,0.0020069686446501905,3.7691017170657863,6.12624782574149,1,1,1,1
9,73,161,95,0.19759938930670706,0.19796693964802503,0.0013426012126702865,0.0012373623076220308,0.00036755034131796815,0.00010523890504825564,3.7691017170657863,6.188051122252272,1,1,1,1
9,74,125,131,0.305653589295906,0.27311576465773896,0.0023954711350783176,0.0020098359955834063,0.03253782463816707,0.00038563513949491134,3.7691017170657863,6.0312851293365455,1,1,1,1
9,75,96,160,0.22308558448803567,0.23995400292201577,0.005280951900497627,4.63083770427114e-05,0.016868418433980098,0.0052346435234549155,3.7691017170657863,6.178163628679769,1,1,1,1
9,76,95,161,0.20495176906368345,0.17227683663086452,0.002814944228544513,0.00015270570251892795,0.03267493243281894,0.002662238526025585,3.7691017170657863,6.188051122252272,1,1,1,1
9,77,182,74,1.10590350881689,1.0036771137641458,0.00420238066666407,0.00881103614581201,0.10222639505274422,0.00460865547914794,3.7691017170657863,6.493812348296622,1,1,0,1
9,78,118,138,0.40745475738283277,0.4284442231731471,0.0004425455625231638,0.0059747018863479575,0.020989465790314354,0.005532156323824793,3.7691017170657863,6.043905888054216,1,1,1,1
9,79,138,118,0.45509591196613264,0.5096602465178405,0.0008777240277279136,0.0002464905202690798,0.05456433455170784,0.0006312335074588338,3.7691017170657863,6.043905888054216,1,1,0,1
9,80,125,131,0.5684775317200755,0.5753445884529282,0.0029596060878890433,0.007486306361977491,0.0068670567328527055,0.004526700274088448,3.7691017170657863,6.0312851293365455,1,1,1,1
9,81,138,118,0.29839552693010934,0.26631701126166973,0.00025819044283547873,0.00021493874960025298,0.03207851566843961,4.3251693235225744e-05,3.7691017170657863,6.043905888054216,1,1,1,1
9,82,150,106,0.3251967732954524,0.3386758223433766,0.001044066075460686,0.0007366869867931752,0.01347904904792424,0.0003073790886675108,3.7691017170657863,6.0983174631057295,1,1,1,1
9,83,144,112,0.3173985520889087,0.3312560468932516,0.001549985942948676,0.005452027746452218,0.013857494804342896,0.0039020418035035417,3.7691017170657863,6.065782570720993,1,1,1,1
9,84,107,149,0.30848917137861565,0.3224960665340271,0.0015178139736985877,0.004810864050110553,0.01400689515541148,0.003293050076411965,3.7691017170657863,6.092129599724122,1,1,1,1
9,85,147,109,0.36418765340651893,0.45686749973957697,0.005720647903160996,0.004814663373827488,0.09267984633305804,0.0009059845293335079,3.7691017170657863,6.080681837163498,1,1,0,1
9,86,138,118,0.9772098047756783,0.9919442736438299,0.006415330294047679,0.00358868338426635,0.014734468868151551,0.0028266469097813288,3.7691017170657863,6.043905888054216,1,1,1,1
9,87,148,108,0.8107961900966889,0.727707627214644,0.001257927668543192,0.00034558402262886007,0.08308856288204491,0.0009123436459143319,3.7691017170657863,6.086252178924144,1,1,0,1
9,88,147,109,0.435427887188028,0.45091190215553173,0.00022003255294694712,0.0022614864259452045,0.015484014967503734,0.0020414538729982574,3.7691017170657863,6.080681837163498,1,1,1,1
9,89,143,113,0.3084840321328632,0.30276096903915584,0.00222780100055962,0.003927460295160945,0.005723063093707348,0.0016996592946013252,3.7691017170657863,6.0614107680064695,1,1,1,1
9,90,177,79,0.2941455951653319,0.2584155094298173,0.0007847883569670382,0.0007316506389279821,0.035730085735514616,5.313771803905614e-05,3.7691017170657863,6.401740511200117,1,1,1,1
9,91,156,100,0.2818387720364638,0.28832258637544833,0.0015822479108119382,0.00019465866574696657,0.006483814338984539,0.0013875892450649716,3.7691017170657863,6.14217858989092,1,1,1,1
9,92,188,68,0.2533447819959356,0.2605402515176318,6.404914789268079e-05,0.00040937470076152227,0.007195469521696252,0.0003453255528688415,3.7691017170657863,6.6243805877730475,1,1,1,1
9,93,146,110,0.2954312872291777,0.29541209662833223,0.002875388882874634,0.0007786323262986084,1.9190600845486738e-05,0.0020967565565760257,3.7691017170657863,6.075415407643043,1,1,1,1
9,94,178,78,0.2417679368478745,0.249095898753279,0.0007917264665692272,9.772828160437008e-05,0.007327961905404495,0.0006939981849648572,3.7691017170657863,6.419051177986525,1,1,1,1
9,95,181,75,0.22237062988610248,0.199707951815065,0.0012124903285652012,0.0006229937099665461,0.022662678071037473,0.0005894966185986551,3.7691017170657863,6.474263226833822,1,1,1,1
9,96,189,67,0.2386092416540203,0.2233065776288176,0.007911171500373217,0.012901727861801576,0.015302664025202722,0.00499055636142836,3.7691017170657863,6.648545990797513,1,1,1,1
9,97,174,82,0.2112163336191556,0.21130313623528918,0.0028193051079883156,0.0011654180192952994,8.680261613358553e-05,0.0016538870886930162,3.7691017170657863,6.3528913263242766,1,1,1,1
9,98,177,79,0.2729375203965106,0.2567663670585566,0.006428794867334612,0.00041445682708367987,0.016171153337953992,0.006014338040250932,3.7691017170657863,6.401740511200117,1,1,1,1
9,99,176,80,0.2962277906355544,0.2883809520847958,0.0005845102732832631,0.0004229601101769223,0.007846838550758573,0.00016155016310634082,3.7691017170657863,6.3849524788219725,1,1,1,1
9,100,188,68,0.2885617914550436,0.24770623568540734,0.0037406085405433066,0.0049568854815821295,0.04085555576963629,0.001216276941038823,3.7691017170657863,6.6243805877730475,1,1,1,1
9,101,183,73,0.2781924048234253,0.28678915555174556,0.0002019806431986411,0.004691767835960967,0.00859675072832028,0.0044897871927623255,3.7691017170657863,6.513961890600119,1,1,1,1
9,102,196,60,0.2791040001967755,0.2885452162318509,0.007954186817574446,0.019635059222530664,0.009441216035075417,0.011680872404956218,3.7691017170657863,6.840225488568713,1,1,1,1
9,103,215,41,0.32899299820621236,0.3629814431969516,0.007135855065713646,0.0023687902509018643,0.03398844499073922,0.004767064814811782,3.7691017170657863,7.6536101109886925,1,1,1,1
9,104,209,47,0.2874126716300629,0.2712533365772616,0.0028784791675531118,0.004910665077092535,0.016159335052801316,0.0020321859095394235,3.7691017170657863,7.335123293556505,1,1,1,1
9,105,167,89,0.31182266142174886,0.2865651885424199,0.021540009046583465,0.024956912866669578,0.025257472879328946,0.0034169038200861125,3.7691017170657863,6.255360296675076,1,1,1,1
9,106,184,72,0.33007382048974254,0.3211849050527713,0.02085872025240868,0.01713428155530034,0.008888915436971234,0.00372443869710834,3.7691017170657863,6.534729870106683,1,1,1,1
9,107,137,119,0.31225049817152045,0.23504537962366726,0.008684642622478365,0.00024942765897721306,0.0772051185478532,0.008435214963501152,3.7691017170657863,6.041262300784574,1,1,0,1
9,108,141,115,0.4160501593296547,0.4153262235774159,0.004721238800782375,0.0049865152242911485,0.0007239357522388357,0.00026527642350877324,3.7691017170657863,6.053544246392822,1,1,1,1
9,109,171,85,0.5679813605007433,0.5162343374900127,4.190579326570905e-05,0.0003771940107600829,0.05174702301073064,0.00033528821749437385,3.7691017170657863,6.308404000115543,1,1,0,1
9,110,147,109,0.6957786771036256,0.6178296670098817,0.00975799681189305,0.004547608396502749,0.07794901009374389,0.005210388415390302,3.7691017170657863,6.080681837163498,1,1,0,1
9,111,183,73,0.8653414188855424,0.9367902820590024,0.0019146031235737927,0.0012649534568931822,0.07144886317346,0.0006496496666806104,3.7691017170657863,6.513961890600119,1,1,0,1
9,112,165,91,0.7756298773677035,0.7142780192454136,0.002125515354687327,0.006281952413493155,0.06135185812228994,0.004156437058805828,3.7691017170657863,6.231355204389332,1,1,0,1
9,113,126,130,0.7102052650649919,0.7304664341488419,0.003031667220832231,0.004253549669528664,0.020261169083850006,0.001221882448696433,3.7691017170657863,6.030594646277397,1,1,1,1
9,114,119,137,0.6772172627808194,0.699135736917548,0.004707833038093932,0.005782367975239851,0.02191847413672865,0.0010745349371459184,3.7691017170657863,6.041262300784574,1,1,1,1
9,115,155,101,0.621863757987011,0.6024624801328043,0.0013151843897374234,0.0012695744834740072,0.019401277854206644,4.560990626341615e-05,3.7691017170657863,6.134045657981252,1,1,1,1
9,116,110,146,0.6600904918380688,0.6525529913132405,0.0012500504008142793,0.003895759907563398,0.007537500524828267,0.002645709506749119,3.7691017170657863,6.075415407643043,1,1,1,1
9,117,88,168,0.6954215624244562,0.7489108447028778,0.002553806721411334,0.0023303841581278004,0.053489282278421646,0.00022342256328353356,3.7691017170657863,6.2679787291947004,1,1,0,1
9,118,113,143,0.6851946816441863,0.7213510651361361,0.0009718412182352215,0.0010058755728673593,0.03615638349194983,3.4034354632137736e-05,3.7691017170657863,6.0614107680064695,1,1,1,1
9,119,135,121,0.7086822270034068,0.7024014956430842,0.006698443962951994,4.059172381633801e-05,0.006280731360322589,0.006657852239135656,3.7691017170657863,6.036820084753119,1,1,1,1
9,120,116,140,0.7463763275248881,0.7125047874814763,0.004642306520668903,0.004129302908550639,0.03387154004341186,0.0005130036121182638,3.7691017170657863,6.05004518830987,1,1,1,1
9,121,118,138,0.8147183847563114,0.7901530591009315,0.04086417894612888,0.030751935700943117,0.024565325655379944,0.01011224324518576,3.7691017170657863,6.043905888054216,1,1,1,1
9,122,138,118,0.7910341407838626,0.789193977665069,0.0041631252252073625,0.0070083005011703815,0.0018401631187935363,0.002845175275963019,3.7691017170657863,6.043905888054216,1,1,1,1
9,123,121,135,0.8039701861018922,0.7954378203303212,0.010621626427478093,0.0005784022994738477,0.008532365771571016,0.010043224128004246,3.7691017170657863,6.036820084753119,1,1,1,1
9,124,168,88,0.7325728109662593,0.7355064182337492,0.007851420588913936,0.008243771883729024,0.002933607267489924,0.0003923512948150881,3.7691017170657863,6.2679787291947004,1,1,1,1
9,125,177,79,0.7555064215604028,0.7326631311276225,0.002595559691850078,0.00887969609854767,0.022843290432780328,0.0062841364066975915,3.7691017170657863,6.401740511200117,1,1,1,1
9,126,126,130,0.7567423994833553,0.7448847731935568,0.0017485487719437606,0.0039945277126450605,0.011857626289798473,0.0022459789407013,3.7691017170657863,6.030594646277397,1,1,1,1
9,127,149,107,0.6952619415308385,0.6951142054180519,0.001891146765413504,0.002250988503329684,0.0001477361127866228,0.00035984173791618005,3.7691017170657863,6.092129599724122,1,1,1,1
9,128,140,116,0.6889884223761248,0.7186747566017415,0.10141150346792631,0.10069717632150138,0.02968633422561673,0.0007143271464249284,3.7691017170657863,6.05004518830987,1,1,1,1
