batch,seed,sample_fraction,pool_size_age40plus,sample_count,population_positive_rate,interval_rate_lower,interval_rate_upper,interval_query_lower,interval_query_upper,interval_query_width,query_point,oracle_floor,blind_left,blind_right,adaptive_left,adaptive_right,blind_coverage,adaptive_coverage,blind_excess,adaptive_excess,adaptive_better
1,0,0.5,124,62,0.04032258064516129,0.04032258064516129,0.5403225806451613,0.17100869199831692,1.9267916715434743,1.7557829795451574,0.02898492970212799,0.0003144992598188542,0.023194827400008056,0.02898492970212799,0.14324949233625833,0.2103778876086851,0.0020407170581389356,0.05775986290325741,0.0017262177983200814,0.05744536364343855,0
1,1,0.5,124,62,0.04032258064516129,0.008064516129032258,0.5080645161290323,0.05773237073733903,1.8135153502824966,1.7557829795451576,0.02898492970212799,0.0003144992598188542,0.023194827400008056,0.02898492970212799,0.12954706608426259,0.18910977040631227,0.0020407170581389356,0.046586897641021724,0.0017262177983200814,0.04627239838120287,0
1,2,0.5,124,62,0.04032258064516129,0.016129032258064516,0.5161290322580645,0.08605145105258351,1.841834430597741,1.7557829795451574,0.02898492970212799,0.0003144992598188542,0.023194827400008056,0.02898492970212799,0.13298870607012728,0.19444077755247868,0.0020407170581389356,0.04933158296714982,0.0017262177983200814,0.04901708370733096,0
1,3,0.5,124,62,0.04032258064516129,0.016129032258064516,0.5161290322580645,0.08605145105258351,1.841834430597741,1.7557829795451574,0.02898492970212799,0.0003144992598188542,0.023194827400008056,0.02898492970212799,0.13298870607012728,0.19444077755247868,0.0020407170581389356,0.04933158296714982,0.0017262177983200814,0.04901708370733096,0
1,4,0.5,124,62,0.04032258064516129,0.03225806451612903,0.532258064516129,0.14268961168307245,1.8984725912282299,1.7557829795451574,0.02898492970212799,0.0003144992598188542,0.023194827400008056,0.02898492970212799,0.13983921424653606,0.20507392106522873,0.0020407170581389356,0.05491902205075794,0.0017262177983200814,0.05460452279093908,0
1,0,0.8,124,100,0.04032258064516129,0.024193548387096774,0.21774193548387097,0.11437053136782797,0.7940284589336954,0.6796579275658675,0.02898492970212799,0.0003144992598188542,0.023194827400008056,0.02898492970212799,0.06839240129662146,0.09577670649709767,0.0020407170581389356,0.007184075912444937,0.0017262177983200814,0.006869576652626083,0
1,1,0.8,124,100,0.04032258064516129,0.016129032258064516,0.20967741935483872,0.08605145105258351,0.765709378618451,0.6796579275658675,0.02898492970212799,0.0003144992598188542,0.023194827400008056,0.02898492970212799,0.06456043013095827,0.09002925761278883,0.0020407170581389356,0.005569743340291505,0.0017262177983200814,0.005255244080472651,0
1,2,0.8,124,100,0.04032258064516129,0.024193548387096774,0.21774193548387097,0.11437053136782797,0.7940284589336954,0.6796579275658675,0.02898492970212799,0.0003144992598188542,0.023194827400008056,0.02898492970212799,0.06839240129662146,0.09577670649709767,0.0020407170581389356,0.007184075912444937,0.0017262177983200814,0.006869576652626083,0
1,3,0.8,124,100,0.04032258064516129,0.03225806451612903,0.22580645161290322,0.14268961168307245,0.8223475392489399,0.6796579275658674,0.02898492970212799,0.0003144992598188542,0.023194827400008056,0.02898492970212799,0.0721879632168687,0.10148283007245323,0.0020407170581389356,0.008924099959873616,0.0017262177983200814,0.008609600700054761,0
1,4,0.8,124,100,0.04032258064516129,0.016129032258064516,0.20967741935483872,0.08605145105258351,0.765709378618451,0.6796579275658675,0.02898492970212799,0.0003144992598188542,0.023194827400008056,0.02898492970212799,0.06456043013095827,0.09002925761278883,0.0020407170581389356,0.005569743340291505,0.0017262177983200814,0.005255244080472651,0
1,0,0.95,124,118,0.04032258064516129,0.04032258064516129,0.08870967741935484,0.17100869199831692,0.34092317388978377,0.16991448189146685,0.02898492970212799,0.0003144992598188542,0.023194827400008056,0.02898492970212799,0.040599975956703706,0.05442604926244794,0.0020407170581389356,0.0009363585285508448,0.0017262177983200814,0.0006218592687319907,1
1,1,0.95,124,118,0.04032258064516129,0.04032258064516129,0.08870967741935484,0.17100869199831692,0.34092317388978377,0.16991448189146685,0.02898492970212799,0.0003144992598188542,0.023194827400008056,0.02898492970212799,0.040599975956703706,0.05442604926244794,0.0020407170581389356,0.0009363585285508448,0.0017262177983200814,0.0006218592687319907,1
1,2,0.95,124,118,0.04032258064516129,0.03225806451612903,0.08064516129032258,0.14268961168307245,0.31260409357453933,0.16991448189146688,0.02898492970212799,0.0003144992598188542,0.023194827400008056,0.02898492970212799,0.0363965986630682,0.048245940036112545,0.0020407170581389356,0.0006967804209790937,0.0017262177983200814,0.00038228116116023955,1
1,3,0.95,124,118,0.04032258064516129,0.04032258064516129,0.08870967741935484,0.17100869199831692,0.34092317388978377,0.16991448189146685,0.02898492970212799,0.0003144992598188542,0.023194827400008056,0.02898492970212799,0.040599975956703706,0.05442604926244794,0.0020407170581389356,0.0009363585285508448,0.0017262177983200814,0.0006218592687319907,1
1,4,0.95,124,118,0.04032258064516129,0.03225806451612903,0.08064516129032258,0.14268961168307245,0.31260409357453933,0.16991448189146688,0.02898492970212799,0.0003144992598188542,0.023194827400008056,0.02898492970212799,0.0363965986630682,0.048245940036112545,0.0020407170581389356,0.0006967804209790937,0.0017262177983200814,0.00038228116116023955,1
2,0,0.5,102,51,0.0196078431372549,0.00980392156862745,0.5098039215686274,0.06384040766807803,1.8196233872132355,1.7557829795451574,0.02898492970212799,3.496588463452461e-05,0.023194827400008056,0.02898492970212799,0.1302903622449711,0.19026048397315343,0.00029945140760076483,0.08031032163333823,0.0002644855229662402,0.0802753557487037,0
2,1,0.5,102,51,0.0196078431372549,0.00980392156862745,0.5098039215686274,0.06384040766807803,1.8196233872132355,1.7557829795451574,0.02898492970212799,3.496588463452461e-05,0.023194827400008056,0.02898492970212799,0.1302903622449711,0.19026048397315343,0.00029945140760076483,0.08031032163333823,0.0002644855229662402,0.0802753557487037,0
2,2,0.5,102,51,0.0196078431372549,0.00980392156862745,0.5098039215686274,0.06384040766807803,1.8196233872132355,1.7557829795451574,0.02898492970212799,3.496588463452461e-05,0.023194827400008056,0.02898492970212799,0.1302903622449711,0.19026048397315343,0.00029945140760076483,0.08031032163333823,0.0002644855229662402,0.0802753557487037,0
2,3,0.5,102,51,0.0196078431372549,0.00980392156862745,0.5098039215686274,0.06384040766807803,1.8196233872132355,1.7557829795451574,0.02898492970212799,3.496588463452461e-05,0.023194827400008056,0.02898492970212799,0.1302903622449711,0.19026048397315343,0.00029945140760076483,0.08031032163333823,0.0002644855229662402,0.0802753557487037,0
2,4,0.5,102,51,0.0196078431372549,0.00980392156862745,0.5098039215686274,0.06384040766807803,1.8196233872132355,1.7557829795451574,0.02898492970212799,3.496588463452461e-05,0.023194827400008056,0.02898492970212799,0.1302903622449711,0.19026048397315343,0.00029945140760076483,0.08031032163333823,0.0002644855229662402,0.0802753557487037,0
2,0,0.8,102,82,0.0196078431372549,0.00980392156862745,0.20588235294117646,0.06384040766807803,0.7523827525877477,0.6885423449196697,0.02898492970212799,3.496588463452461e-05,0.023194827400008056,0.02898492970212799,0.06213613534831147,0.0864002817498671,0.00029945140760076483,0.020862632925397417,0.0002644855229662402,0.020827667040762894,0
2,1,0.8,102,82,0.0196078431372549,0.0196078431372549,0.21568627450980393,0.0982675249140615,0.7868098698337311,0.6885423449196696,0.02898492970212799,3.496588463452461e-05,0.023194827400008056,0.02898492970212799,0.06681910356952725,0.09341531516396359,0.00029945140760076483,0.02434548557182961,0.0002644855229662402,0.024310519687195088,0
2,2,0.8,102,82,0.0196078431372549,0.0196078431372549,0.21568627450980393,0.0982675249140615,0.7868098698337311,0.6885423449196696,0.02898492970212799,3.496588463452461e-05,0.023194827400008056,0.02898492970212799,0.06681910356952725,0.09341531516396359,0.00029945140760076483,0.02434548557182961,0.0002644855229662402,0.024310519687195088,0
2,3,0.8,102,82,0.0196078431372549,0.00980392156862745,0.20588235294117646,0.06384040766807803,0.7523827525877477,0.6885423449196697,0.02898492970212799,3.496588463452461e-05,0.023194827400008056,0.02898492970212799,0.06213613534831147,0.0864002817498671,0.00029945140760076483,0.020862632925397417,0.0002644855229662402,0.020827667040762894,0
2,4,0.8,102,82,0.0196078431372549,0.00980392156862745,0.20588235294117646,0.06384040766807803,0.7523827525877477,0.6885423449196697,0.02898492970212799,3.496588463452461e-05,0.023194827400008056,0.02898492970212799,0.06213613534831147,0.0864002817498671,0.00029945140760076483,0.020862632925397417,0.0002644855229662402,0.020827667040762894,0
2,0,0.95,102,97,0.0196078431372549,0.0196078431372549,0.06862745098039216,0.0982675249140615,0.2704031111439789,0.17213558622991743,0.02898492970212799,3.496588463452461e-05,0.023194827400008056,0.02898492970212799,0.02980707890009237,0.03860234548799591,0.00029945140760076483,0.0020405754036022378,0.0002644855229662402,0.002005609518967713,0
2,1,0.95,102,97,0.0196078431372549,0.0196078431372549,0.06862745098039216,0.0982675249140615,0.2704031111439789,0.17213558622991743,0.02898492970212799,3.496588463452461e-05,0.023194827400008056,0.02898492970212799,0.02980707890009237,0.03860234548799591,0.00029945140760076483,0.0020405754036022378,0.0002644855229662402,0.002005609518967713,0
2,2,0.95,102,97,0.0196078431372549,0.0196078431372549,0.06862745098039216,0.0982675249140615,0.2704031111439789,0.17213558622991743,0.02898492970212799,3.496588463452461e-05,0.023194827400008056,0.02898492970212799,0.02980707890009237,0.03860234548799591,0.00029945140760076483,0.0020405754036022378,0.0002644855229662402,0.002005609518967713,0
2,3,0.95,102,97,0.0196078431372549,0.0196078431372549,0.06862745098039216,0.0982675249140615,0.2704031111439789,0.17213558622991743,0.02898492970212799,3.496588463452461e-05,0.023194827400008056,0.02898492970212799,0.02980707890009237,0.03860234548799591,0.00029945140760076483,0.0020405754036022378,0.0002644855229662402,0.002005609518967713,0
2,4,0.95,102,97,0.0196078431372549,0.0196078431372549,0.06862745098039216,0.0982675249140615,0.2704031111439789,0.17213558622991743,0.02898492970212799,3.496588463452461e-05,0.023194827400008056,0.02898492970212799,0.02980707890009237,0.03860234548799591,0.00029945140760076483,0.0020405754036022378,0.0002644855229662402,0.002005609518967713,0
3,0,0.5,138,69,0.043478260869565216,0.014492753623188406,0.5144927536231884,0.08030555069876578,1.8360885302439232,1.7557829795451574,0.02898492970212799,0.00037867065497922315,0.023194827400008056,0.02898492970212799,0.13229132901093935,0.19335995816897603,0.003245158535260667,0.044830405539073664,0.002866487880281444,0.04445173488409444,0
3,1,0.5,138,69,0.043478260869565216,0.014492753623188406,0.5144927536231884,0.08030555069876578,1.8360885302439232,1.7557829795451574,0.02898492970212799,0.00037867065497922315,0.023194827400008056,0.02898492970212799,0.13229132901093935,0.19335995816897603,0.003245158535260667,0.044830405539073664,0.002866487880281444,0.04445173488409444,0
3,2,0.5,138,69,0.043478260869565216,0.021739130434782608,0.5217391304347826,0.1057516808371014,1.861534660382259,1.7557829795451574,0.02898492970212799,0.00037867065497922315,0.023194827400008056,0.02898492970212799,0.13537626227434865,0.19814338854230115,0.003245158535260667,0.047234913057514566,0.002866487880281444,0.046856242402535345,0
3,3,0.5,138,69,0.043478260869565216,0.014492753623188406,0.5144927536231884,0.08030555069876578,1.8360885302439232,1.7557829795451574,0.02898492970212799,0.00037867065497922315,0.023194827400008056,0.02898492970212799,0.13229132901093935,0.19335995816897603,0.003245158535260667,0.044830405539073664,0.002866487880281444,0.04445173488409444,0
3,4,0.5,138,69,0.043478260869565216,0.021739130434782608,0.5217391304347826,0.1057516808371014,1.861534660382259,1.7557829795451574,0.02898492970212799,0.00037867065497922315,0.023194827400008056,0.02898492970212799,0.13537626227434865,0.19814338854230115,0.003245158535260667,0.047234913057514566,0.002866487880281444,0.046856242402535345,0
3,0,0.8,138,111,0.043478260869565216,0.028985507246376812,0.2246376811594203,0.131197810975437,0.8182433247104987,0.6870455137350616,0.02898492970212799,0.00037867065497922315,0.023194827400008056,0.02898492970212799,0.07114628206458438,0.09991550654852947,0.003245158535260667,0.006664023283579984,0.002866487880281444,0.006285352628600761,0
3,1,0.8,138,111,0.043478260869565216,0.043478260869565216,0.2391304347826087,0.18209007125210824,0.8691355849871699,0.6870455137350617,0.02898492970212799,0.00037867065497922315,0.023194827400008056,0.02898492970212799,0.07789989674183657,0.11009405947357495,0.003245158535260667,0.009701322920101452,0.002866487880281444,0.009322652265122229,0
3,2,0.8,138,111,0.043478260869565216,0.043478260869565216,0.2391304347826087,0.18209007125210824,0.8691355849871699,0.6870455137350617,0.02898492970212799,0.00037867065497922315,0.023194827400008056,0.02898492970212799,0.07789989674183657,0.11009405947357495,0.003245158535260667,0.009701322920101452,0.002866487880281444,0.009322652265122229,0
3,3,0.8,138,111,0.043478260869565216,0.043478260869565216,0.2391304347826087,0.18209007125210824,0.8691355849871699,0.6870455137350617,0.02898492970212799,0.00037867065497922315,0.023194827400008056,0.02898492970212799,0.07789989674183657,0.11009405947357495,0.003245158535260667,0.009701322920101452,0.002866487880281444,0.009322652265122229,0
3,4,0.8,138,111,0.043478260869565216,0.036231884057971016,0.2318840579710145,0.15664394111377264,0.8436894548488342,0.6870455137350615,0.02898492970212799,0.00037867065497922315,0.023194827400008056,0.02898492970212799,0.07453609317454583,0.10501938536354635,0.003245158535260667,0.008137479339917403,0.002866487880281444,0.00775880868493818,0
3,0,0.95,138,132,0.043478260869565216,0.043478260869565216,0.08695652173913043,0.18209007125210824,0.3347668520821219,0.15267678083001368,0.02898492970212799,0.00037867065497922315,0.023194827400008056,0.02898492970212799,0.04096200296715088,0.05495932231292461,0.003245158535260667,0.0009586456277378597,0.002866487880281444,0.0005799749727586365,1
3,1,0.95,138,132,0.043478260869565216,0.043478260869565216,0.08695652173913043,0.18209007125210824,0.3347668520821219,0.15267678083001368,0.02898492970212799,0.00037867065497922315,0.023194827400008056,0.02898492970212799,0.04096200296715088,0.05495932231292461,0.003245158535260667,0.0009586456277378597,0.002866487880281444,0.0005799749727586365,1
3,2,0.95,138,132,0.043478260869565216,0.043478260869565216,0.08695652173913043,0.18209007125210824,0.3347668520821219,0.15267678083001368,0.02898492970212799,0.00037867065497922315,0.023194827400008056,0.02898492970212799,0.04096200296715088,0.05495932231292461,0.003245158535260667,0.0009586456277378597,0.002866487880281444,0.0005799749727586365,1
3,3,0.95,138,132,0.043478260869565216,0.043478260869565216,0.08695652173913043,0.18209007125210824,0.3347668520821219,0.15267678083001368,0.02898492970212799,0.00037867065497922315,0.023194827400008056,0.02898492970212799,0.04096200296715088,0.05495932231292461,0.003245158535260667,0.0009586456277378597,0.002866487880281444,0.0005799749727586365,1
3,4,0.95,138,132,0.043478260869565216,0.036231884057971016,0.07971014492753623,0.15664394111377264,0.3093207219437863,0.15267678083001365,0.02898492970212799,0.00037867065497922315,0.023194827400008056,0.02898492970212799,0.037194396493921415,0.0494172607061727,0.003245158535260667,0.0007395352006686053,0.002866487880281444,0.0003608645456893821,1
4,0,0.5,134,67,0.029850746268656716,0.022388059701492536,0.5223880597014925,0.10803043875993742,1.8638134183050947,1.7557829795451574,0.02898492970212799,0.00014112674528475767,0.023194827400008056,0.02898492970212799,0.13565209743716036,0.19857137992550522,0.00017410347011600333,0.06683701739335654,3.297672483124566e-05,0.06669589064807178,0
4,1,0.5,134,67,0.029850746268656716,0.007462686567164179,0.5074626865671642,0.055619006534708845,1.8114019860798662,1.7557829795451574,0.02898492970212799,0.00014112674528475767,0.023194827400008056,0.02898492970212799,0.1292897589562141,0.1887115090451993,0.00017410347011600333,0.06115599767269983,3.297672483124566e-05,0.061014870927415074,0
4,2,0.5,134,67,0.029850746268656716,0.022388059701492536,0.5223880597014925,0.10803043875993742,1.8638134183050947,1.7557829795451574,0.02898492970212799,0.00014112674528475767,0.023194827400008056,0.02898492970212799,0.13565209743716036,0.19857137992550522,0.00017410347011600333,0.06683701739335654,3.297672483124566e-05,0.06669589064807178,0
4,3,0.5,134,67,0.029850746268656716,0.014925373134328358,0.5149253731343284,0.08182472264732313,1.8376077021924808,1.7557829795451576,0.02898492970212799,0.00014112674528475767,0.023194827400008056,0.02898492970212799,0.13247575518143095,0.19364575872360826,0.00017410347011600333,0.06398568569364968,3.297672483124566e-05,0.06384455894836492,0
4,4,0.5,134,67,0.029850746268656716,0.029850746268656716,0.5298507462686567,0.13423615487255172,1.890019134417709,1.7557829795451574,0.02898492970212799,0.00014112674528475767,0.023194827400008056,0.02898492970212799,0.1388193610806547,0.20348911687270138,0.00017410347011600333,0.06970954627134887,3.297672483124566e-05,0.06956841952606412,0
4,0,0.8,134,108,0.029850746268656716,0.022388059701492536,0.21641791044776118,0.10803043875993742,0.789379057687909,0.6813486189279715,0.02898492970212799,0.00014112674528475767,0.023194827400008056,0.02898492970212799,0.06765181998583608,0.09466486987286052,0.00017410347011600333,0.014134406294897955,3.297672483124566e-05,0.013993279549613198,0
4,1,0.8,134,108,0.029850746268656716,0.022388059701492536,0.21641791044776118,0.10803043875993742,0.789379057687909,0.6813486189279715,0.02898492970212799,0.00014112674528475767,0.023194827400008056,0.02898492970212799,0.06765181998583608,0.09466486987286052,0.00017410347011600333,0.014134406294897955,3.297672483124566e-05,0.013993279549613198,0
4,2,0.8,134,108,0.029850746268656716,0.029850746268656716,0.22388059701492538,0.13423615487255172,0.8155847738005233,0.6813486189279716,0.02898492970212799,0.00014112674528475767,0.023194827400008056,0.02898492970212799,0.07117167978817794,0.0999537086456592,0.00017410347011600333,0.016289854600532644,3.297672483124566e-05,0.016148727855247885,0
4,3,0.8,134,108,0.029850746268656716,0.029850746268656716,0.22388059701492538,0.13423615487255172,0.8155847738005233,0.6813486189279716,0.02898492970212799,0.00014112674528475767,0.023194827400008056,0.02898492970212799,0.07117167978817794,0.0999537086456592,0.00017410347011600333,0.016289854600532644,3.297672483124566e-05,0.016148727855247885,0
4,4,0.8,134,108,0.029850746268656716,0.029850746268656716,0.22388059701492538,0.13423615487255172,0.8155847738005233,0.6813486189279716,0.02898492970212799,0.00014112674528475767,0.023194827400008056,0.02898492970212799,0.07117167978817794,0.0999537086456592,0.00017410347011600333,0.016289854600532644,3.297672483124566e-05,0.016148727855247885,0
4,0,0.95,134,128,0.029850746268656716,0.029850746268656716,0.07462686567164178,0.13423615487255172,0.2914704515482374,0.1572342966756857,0.02898492970212799,0.00014112674528475767,0.023194827400008056,0.02898492970212799,0.0341693390907221,0.04498011736289817,0.00017410347011600333,0.0005841569520823075,3.297672483124566e-05,0.0004430302067975498,0
4,1,0.95,134,128,0.029850746268656716,0.022388059701492536,0.06716417910447761,0.10803043875993742,0.2652647354356232,0.15723429667568575,0.02898492970212799,0.00014112674528475767,0.023194827400008056,0.02898492970212799,0.030164403745967378,0.039123814925072005,0.00017410347011600333,0.0004066031784303831,3.297672483124566e-05,0.00026547643314562544,0
4,2,0.95,134,128,0.029850746268656716,0.029850746268656716,0.07462686567164178,0.13423615487255172,0.2914704515482374,0.1572342966756857,0.02898492970212799,0.00014112674528475767,0.023194827400008056,0.02898492970212799,0.0341693390907221,0.04498011736289817,0.00017410347011600333,0.0005841569520823075,3.297672483124566e-05,0.0004430302067975498,0
4,3,0.95,134,128,0.029850746268656716,0.029850746268656716,0.07462686567164178,0.13423615487255172,0.2914704515482374,0.1572342966756857,0.02898492970212799,0.00014112674528475767,0.023194827400008056,0.02898492970212799,0.0341693390907221,0.04498011736289817,0.00017410347011600333,0.0005841569520823075,3.297672483124566e-05,0.0004430302067975498,0
4,4,0.95,134,128,0.029850746268656716,0.029850746268656716,0.07462686567164178,0.13423615487255172,0.2914704515482374,0.1572342966756857,0.02898492970212799,0.00014112674528475767,0.023194827400008056,0.02898492970212799,0.0341693390907221,0.04498011736289817,0.00017410347011600333,0.0005841569520823075,3.297672483124566e-05,0.0004430302067975498,0
5,0,0.5,118,59,0.03389830508474576,0.01694915254237288,0.5169491525423728,0.08893135752532023,1.8447143370704775,1.7557829795451572,0.02898492970212799,0.00020073090058039686,0.023194827400008056,0.02898492970212799,0.13333806563363296,0.19498234143173376,0.0004071778023052308,0.058513590223900014,0.00020644690172483396,0.058312859323319616,0
5,1,0.5,118,59,0.03389830508474576,0.025423728813559324,0.5254237288135594,0.11869039107693308,1.8744733706220906,1.7557829795451576,0.02898492970212799,0.00020073090058039686,0.023194827400008056,0.02898492970212799,0.13694153949237448,0.2005727253728829,0.0004071778023052308,0.061634951968550344,0.00020644690172483396,0.061434221067969946,0
5,2,0.5,118,59,0.03389830508474576,0.00847457627118644,0.5084745762711864,0.05917232397370739,1.8149553035188646,1.7557829795451572,0.02898492970212799,0.00020073090058039686,0.023194827400008056,0.02898492970212799,0.12972234579514982,0.18938109334559922,0.0004071778023052308,0.05542330285133429,0.00020644690172483396,0.05522257195075389,0
5,3,0.5,118,59,0.03389830508474576,0.00847457627118644,0.5084745762711864,0.05917232397370739,1.8149553035188646,1.7557829795451572,0.02898492970212799,0.00020073090058039686,0.023194827400008056,0.02898492970212799,0.12972234579514982,0.18938109334559922,0.0004071778023052308,0.05542330285133429,0.00020644690172483396,0.05522257195075389,0
5,4,0.5,118,59,0.03389830508474576,0.00847457627118644,0.5084745762711864,0.05917232397370739,1.8149553035188646,1.7557829795451572,0.02898492970212799,0.00020073090058039686,0.023194827400008056,0.02898492970212799,0.12972234579514982,0.18938109334559922,0.0004071778023052308,0.05542330285133429,0.00020644690172483396,0.05522257195075389,0
5,0,0.8,118,95,0.03389830508474576,0.025423728813559324,0.22033898305084745,0.11869039107693308,0.8031481627640283,0.6844577716870952,0.02898492970212799,0.00020073090058039686,0.023194827400008056,0.02898492970212799,0.0692962329265946,0.09713431274208717,0.0004071778023052308,0.011824552485762585,0.00020644690172483396,0.011623821585182189,0
5,1,0.8,118,95,0.03389830508474576,0.025423728813559324,0.22033898305084745,0.11869039107693308,0.8031481627640283,0.6844577716870952,0.02898492970212799,0.00020073090058039686,0.023194827400008056,0.02898492970212799,0.0692962329265946,0.09713431274208717,0.0004071778023052308,0.011824552485762585,0.00020644690172483396,0.011623821585182189,0
5,2,0.8,118,95,0.03389830508474576,0.03389830508474576,0.2288135593220339,0.1484494246285459,0.8329071963156413,0.6844577716870953,0.02898492970212799,0.00020073090058039686,0.023194827400008056,0.02898492970212799,0.07327522888559539,0.10311977206285493,0.0004071778023052308,0.014071125614396995,0.00020644690172483396,0.013870394713816599,0
5,3,0.8,118,95,0.03389830508474576,0.01694915254237288,0.211864406779661,0.08893135752532023,0.7733891292124154,0.6844577716870952,0.02898492970212799,0.00020073090058039686,0.023194827400008056,0.02898492970212799,0.06527775973833348,0.09110411326815582,0.0004071778023052308,0.009687278056245224,0.00020644690172483396,0.009486547155664828,0
5,4,0.8,118,95,0.03389830508474576,0.01694915254237288,0.211864406779661,0.08893135752532023,0.7733891292124154,0.6844577716870952,0.02898492970212799,0.00020073090058039686,0.023194827400008056,0.02898492970212799,0.06527775973833348,0.09110411326815582,0.0004071778023052308,0.009687278056245224,0.00020644690172483396,0.009486547155664828,0
5,0,0.95,118,113,0.03389830508474576,0.03389830508474576,0.07627118644067797,0.1484494246285459,0.2972445923866101,0.1487951677580642,0.02898492970212799,0.00020073090058039686,0.023194827400008056,0.02898492970212799,0.03567644611318103,0.04718929844543205,0.0004071778023052308,0.000659279885003089,0.00020644690172483396,0.0004585489844226921,0
5,1,0.95,118,113,0.03389830508474576,0.03389830508474576,0.07627118644067797,0.1484494246285459,0.2972445923866101,0.1487951677580642,0.02898492970212799,0.00020073090058039686,0.023194827400008056,0.02898492970212799,0.03567644611318103,0.04718929844543205,0.0004071778023052308,0.000659279885003089,0.00020644690172483396,0.0004585489844226921,0
5,2,0.95,118,113,0.03389830508474576,0.03389830508474576,0.07627118644067797,0.1484494246285459,0.2972445923866101,0.1487951677580642,0.02898492970212799,0.00020073090058039686,0.023194827400008056,0.02898492970212799,0.03567644611318103,0.04718929844543205,0.0004071778023052308,0.000659279885003089,0.00020644690172483396,0.0004585489844226921,0
5,3,0.95,118,113,0.03389830508474576,0.025423728813559324,0.06779661016949153,0.11869039107693308,0.26748555883499725,0.14879516775806417,0.02898492970212799,0.00020073090058039686,0.023194827400008056,0.02898492970212799,0.031156163090798293,0.040572061445600334,0.0004071778023052308,0.0004475832367244559,0.00020644690172483396,0.000246852336144059,0
5,4,0.95,118,113,0.03389830508474576,0.03389830508474576,0.07627118644067797,0.1484494246285459,0.2972445923866101,0.1487951677580642,0.02898492970212799,0.00020073090058039686,0.023194827400008056,0.02898492970212799,0.03567644611318103,0.04718929844543205,0.0004071778023052308,0.000659279885003089,0.00020644690172483396,0.0004585489844226921,0
6,0,0.5,108,54,0.009259259259259259,0.009259259259259259,0.5092592592592593,0.06192779004330117,1.8177107695884587,1.7557829795451576,0.02898492970212799,0.0,0.023194827400008056,0.02898492970212799,0.13005767208206703,0.1899002134624857,0.005503262587781249,0.10432736681646085,0.005503262587781249,0.10432736681646085,0
6,1,0.5,108,54,0.009259259259259259,0.009259259259259259,0.5092592592592593,0.06192779004330117,1.8177107695884587,1.7557829795451576,0.02898492970212799,0.0,0.023194827400008056,0.02898492970212799,0.13005767208206703,0.1899002134624857,0.005503262587781249,0.10432736681646085,0.005503262587781249,0.10432736681646085,0
6,2,0.5,108,54,0.009259259259259259,0.009259259259259259,0.5092592592592593,0.06192779004330117,1.8177107695884587,1.7557829795451576,0.02898492970212799,0.0,0.023194827400008056,0.02898492970212799,0.13005767208206703,0.1899002134624857,0.005503262587781249,0.10432736681646085,0.005503262587781249,0.10432736681646085,0
6,3,0.5,108,54,0.009259259259259259,0.0,0.5,0.029413290422094555,1.7851962699672521,1.7557829795451576,0.02898492970212799,0.0,0.023194827400008056,0.02898492970212799,0.12609350848783066,0.1837678580483093,0.005503262587781249,0.10010961572183968,0.005503262587781249,0.10010961572183968,0
6,4,0.5,108,54,0.009259259259259259,0.0,0.5,0.029413290422094555,1.7851962699672521,1.7557829795451576,0.02898492970212799,0.0,0.023194827400008056,0.02898492970212799,0.12609350848783066,0.1837678580483093,0.005503262587781249,0.10010961572183968,0.005503262587781249,0.10010961572183968,0
6,0,0.8,108,87,0.009259259259259259,0.009259259259259259,0.2037037037037037,0.06192779004330117,0.7447322820886401,0.6828044920453389,0.02898492970212799,0.0,0.023194827400008056,0.02898492970212799,0.06148101077698417,0.08542058077965639,0.005503262587781249,0.036091250755046614,0.005503262587781249,0.036091250755046614,0
6,1,0.8,108,87,0.009259259259259259,0.009259259259259259,0.2037037037037037,0.06192779004330117,0.7447322820886401,0.6828044920453389,0.02898492970212799,0.0,0.023194827400008056,0.02898492970212799,0.06148101077698417,0.08542058077965639,0.005503262587781249,0.036091250755046614,0.005503262587781249,0.036091250755046614,0
6,2,0.8,108,87,0.009259259259259259,0.009259259259259259,0.2037037037037037,0.06192779004330117,0.7447322820886401,0.6828044920453389,0.02898492970212799,0.0,0.023194827400008056,0.02898492970212799,0.06148101077698417,0.08542058077965639,0.005503262587781249,0.036091250755046614,0.005503262587781249,0.036091250755046614,0
6,3,0.8,108,87,0.009259259259259259,0.009259259259259259,0.2037037037037037,0.06192779004330117,0.7447322820886401,0.6828044920453389,0.02898492970212799,0.0,0.023194827400008056,0.02898492970212799,0.06148101077698417,0.08542058077965639,0.005503262587781249,0.036091250755046614,0.005503262587781249,0.036091250755046614,0
6,4,0.8,108,87,0.009259259259259259,0.009259259259259259,0.2037037037037037,0.06192779004330117,0.7447322820886401,0.6828044920453389,0.02898492970212799,0.0,0.023194827400008056,0.02898492970212799,0.06148101077698417,0.08542058077965639,0.005503262587781249,0.036091250755046614,0.005503262587781249,0.036091250755046614,0
6,0,0.95,108,103,0.009259259259259259,0.009259259259259259,0.05555555555555555,0.06192779004330117,0.22450028814933426,0.16257249810603308,0.02898492970212799,0.0,0.023194827400008056,0.02898492970212799,0.023329069230341767,0.02917955067576924,0.005503262587781249,0.005585994743151808,0.005503262587781249,0.005585994743151808,0
6,1,0.95,108,103,0.009259259259259259,0.009259259259259259,0.05555555555555555,0.06192779004330117,0.22450028814933426,0.16257249810603308,0.02898492970212799,0.0,0.023194827400008056,0.02898492970212799,0.023329069230341767,0.02917955067576924,0.005503262587781249,0.005585994743151808,0.005503262587781249,0.005585994743151808,0
6,2,0.95,108,103,0.009259259259259259,0.009259259259259259,0.05555555555555555,0.06192779004330117,0.22450028814933426,0.16257249810603308,0.02898492970212799,0.0,0.023194827400008056,0.02898492970212799,0.023329069230341767,0.02917955067576924,0.005503262587781249,0.005585994743151808,0.005503262587781249,0.005585994743151808,0
6,3,0.95,108,103,0.009259259259259259,0.009259259259259259,0.05555555555555555,0.06192779004330117,0.22450028814933426,0.16257249810603308,0.02898492970212799,0.0,0.023194827400008056,0.02898492970212799,0.023329069230341767,0.02917955067576924,0.005503262587781249,0.005585994743151808,0.005503262587781249,0.005585994743151808,0
6,4,0.95,108,103,0.009259259259259259,0.009259259259259259,0.05555555555555555,0.06192779004330117,0.22450028814933426,0.16257249810603308,0.02898492970212799,0.0,0.023194827400008056,0.02898492970212799,0.023329069230341767,0.02917955067576924,0.005503262587781249,0.005585994743151808,0.005503262587781249,0.005585994743151808,0
7,0,0.5,137,69,0.043795620437956206,0.021897810218978103,0.5182481751824818,0.1063088953656781,1.8492759407535717,1.7429670453878936,0.02898492970212799,0.0003854186525752489,0.023194827400008056,0.02898492970212799,0.13466773354049516,0.19704423653848585,0.003379823785656322,0.04629017225187759,0.002994405133081073,0.04590475359930234,0
7,1,0.5,137,69,0.043795620437956206,0.014598540145985401,0.5109489051094891,0.08067702705115025,1.823644072439044,1.7429670453878936,0.02898492970212799,0.0003854186525752489,0.023194827400008056,0.02898492970212799,0.13155818144587647,0.19222402882800685,0.003379823785656322,0.0438833554917189,0.002994405133081073,0.04349793683914365,0
7,2,0.5,137,69,0.043795620437956206,0.021897810218978103,0.5182481751824818,0.1063088953656781,1.8492759407535717,1.7429670453878936,0.02898492970212799,0.0003854186525752489,0.023194827400008056,0.02898492970212799,0.13466773354049516,0.19704423653848585,0.003379823785656322,0.04629017225187759,0.002994405133081073,0.04590475359930234,0
7,3,0.5,137,69,0.043795620437956206,0.021897810218978103,0.5182481751824818,0.1063088953656781,1.8492759407535717,1.7429670453878936,0.02898492970212799,0.0003854186525752489,0.023194827400008056,0.02898492970212799,0.13466773354049516,0.19704423653848585,0.003379823785656322,0.04629017225187759,0.002994405133081073,0.04590475359930234,0
7,4,0.5,137,69,0.043795620437956206,0.029197080291970802,0.5255474452554745,0.13194076368020594,1.8749078090680995,1.7429670453878936,0.02898492970212799,0.0003854186525752489,0.023194827400008056,0.02898492970212799,0.13776843202034833,0.20185668350222694,0.003379823785656322,0.04872568933838978,0.002994405133081073,0.04834027068581453,0
7,0,0.8,137,110,0.043795620437956206,0.0364963503649635,0.23357664233576642,0.15757263199473379,0.8496330764869856,0.6920604444922518,0.02898492970212799,0.0003854186525752489,0.023194827400008056,0.02898492970212799,0.07499181064986356,0.10570631092296015,0.003379823785656322,0.008161165265274994,0.002994405133081073,0.007775746612699745,0
7,1,0.8,137,110,0.043795620437956206,0.029197080291970802,0.22627737226277372,0.13194076368020594,0.8240012081724578,0.6920604444922519,0.02898492970212799,0.0003854186525752489,0.023194827400008056,0.02898492970212799,0.07158079671287015,0.10056916341713894,0.003379823785656322,0.006680376376234531,0.002994405133081073,0.006294957723659282,0
7,2,0.8,137,110,0.043795620437956206,0.0364963503649635,0.23357664233576642,0.15757263199473379,0.8496330764869856,0.6920604444922518,0.02898492970212799,0.0003854186525752489,0.023194827400008056,0.02898492970212799,0.07499181064986356,0.10570631092296015,0.003379823785656322,0.008161165265274994,0.002994405133081073,0.007775746612699745,0
7,3,0.8,137,110,0.043795620437956206,0.043795620437956206,0.24087591240875914,0.18320450030926166,0.8752649448015135,0.6920604444922518,0.02898492970212799,0.0003854186525752489,0.023194827400008056,0.02898492970212799,0.07837666851662117,0.11081411147713975,0.003379823785656322,0.009733134584776842,0.002994405133081073,0.009347715932201593,0
7,4,0.8,137,110,0.043795620437956206,0.0364963503649635,0.23357664233576642,0.15757263199473379,0.8496330764869856,0.6920604444922518,0.02898492970212799,0.0003854186525752489,0.023194827400008056,0.02898492970212799,0.07499181064986356,0.10570631092296015,0.003379823785656322,0.008161165265274994,0.002994405133081073,0.007775746612699745,0
7,0,0.95,137,131,0.043795620437956206,0.043795620437956206,0.08759124087591241,0.18320450030926166,0.33699571019642877,0.1537912098871671,0.02898492970212799,0.0003854186525752489,0.023194827400008056,0.02898492970212799,0.0412074558856417,0.05532096748890379,0.003379823785656322,0.0009739053028542729,0.002994405133081073,0.000588486650279024,1
7,1,0.95,137,131,0.043795620437956206,0.0364963503649635,0.08029197080291971,0.15757263199473379,0.31136384188190086,0.15379120988716707,0.02898492970212799,0.0003854186525752489,0.023194827400008056,0.02898492970212799,0.037416079047708994,0.04974287310925979,0.003379823785656322,0.000751641390350228,0.002994405133081073,0.0003662227377749791,1
7,2,0.95,137,131,0.043795620437956206,0.0364963503649635,0.08029197080291971,0.15757263199473379,0.31136384188190086,0.15379120988716707,0.02898492970212799,0.0003854186525752489,0.023194827400008056,0.02898492970212799,0.037416079047708994,0.04974287310925979,0.003379823785656322,0.000751641390350228,0.002994405133081073,0.0003662227377749791,1
7,3,0.95,137,131,0.043795620437956206,0.0364963503649635,0.08029197080291971,0.15757263199473379,0.31136384188190086,0.15379120988716707,0.02898492970212799,0.0003854186525752489,0.023194827400008056,0.02898492970212799,0.037416079047708994,0.04974287310925979,0.003379823785656322,0.000751641390350228,0.002994405133081073,0.0003662227377749791,1
7,4,0.95,137,131,0.043795620437956206,0.043795620437956206,0.08759124087591241,0.18320450030926166,0.33699571019642877,0.1537912098871671,0.02898492970212799,0.0003854186525752489,0.023194827400008056,0.02898492970212799,0.0412074558856417,0.05532096748890379,0.003379823785656322,0.0009739053028542729,0.002994405133081073,0.000588486650279024,1
8,0,0.5,133,67,0.07518796992481203,0.045112781954887216,0.5413533834586466,0.18782979985474033,1.930411403613844,1.7425816037591038,0.02898492970212799,0.0012999222332774876,0.023194827400008056,0.02898492970212799,0.1444780027914864,0.21229027927757818,0.02658435943079912,0.022915187443656837,0.025284437197521634,0.02161526521037935,1
8,1,0.5,133,67,0.07518796992481203,0.022556390977443608,0.518796992481203,0.10862154513841744,1.8512031488975211,1.7425816037591038,0.02898492970212799,0.0012999222332774876,0.023194827400008056,0.02898492970212799,0.1349245108276722,0.19744254339898348,0.02658435943079912,0.01778892540812138,0.025284437197521634,0.016489003174843895,1
8,2,0.5,133,67,0.07518796992481203,0.022556390977443608,0.518796992481203,0.10862154513841744,1.8512031488975211,1.7425816037591038,0.02898492970212799,0.0012999222332774876,0.023194827400008056,0.02898492970212799,0.1349245108276722,0.19744254339898348,0.02658435943079912,0.01778892540812138,0.025284437197521634,0.016489003174843895,1
8,3,0.5,133,67,0.07518796992481203,0.03759398496240601,0.5338345864661654,0.16142704828263268,1.9040086520417365,1.7425816037591038,0.02898492970212799,0.0012999222332774876,0.023194827400008056,0.02898492970212799,0.1413019171626824,0.2073479907262224,0.02658435943079912,0.021159531995584846,0.025284437197521634,0.01985960976230736,1
8,4,0.5,133,67,0.07518796992481203,0.06015037593984962,0.556390977443609,0.24063530299895558,1.9832169067580592,1.7425816037591035,0.02898492970212799,0.0012999222332774876,0.023194827400008056,0.02898492970212799,0.15080758251227475,0.22215745351564273,0.02658435943079912,0.026558976190839023,0.025284437197521634,0.025259053957561537,1
8,0,0.8,133,107,0.07518796992481203,0.06015037593984962,0.2556390977443609,0.24063530299895558,0.927106843873754,0.6864715408747983,0.02898492970212799,0.0012999222332774876,0.023194827400008056,0.02898492970212799,0.08551184029280687,0.12161291393084264,0.02658435943079912,0.0057020380244063714,0.025284437197521634,0.004402115791128884,1
8,1,0.8,133,107,0.07518796992481203,0.06015037593984962,0.2556390977443609,0.24063530299895558,0.927106843873754,0.6864715408747983,0.02898492970212799,0.0012999222332774876,0.023194827400008056,0.02898492970212799,0.08551184029280687,0.12161291393084264,0.02658435943079912,0.0057020380244063714,0.025284437197521634,0.004402115791128884,1
8,2,0.8,133,107,0.07518796992481203,0.06015037593984962,0.2556390977443609,0.24063530299895558,0.927106843873754,0.6864715408747983,0.02898492970212799,0.0012999222332774876,0.023194827400008056,0.02898492970212799,0.08551184029280687,0.12161291393084264,0.02658435943079912,0.0057020380244063714,0.025284437197521634,0.004402115791128884,1
8,3,0.8,133,107,0.07518796992481203,0.05263157894736842,0.24812030075187969,0.21423255142684797,0.9007040923016463,0.6864715408747983,0.02898492970212799,0.0012999222332774876,0.023194827400008056,0.02898492970212799,0.08207679372181635,0.11640882139607368,0.02658435943079912,0.005195064193217266,0.025284437197521634,0.0038951419599397782,1
8,4,0.8,133,107,0.07518796992481203,0.045112781954887216,0.24060150375939848,0.18782979985474033,0.8743013407295387,0.6864715408747983,0.02898492970212799,0.0012999222332774876,0.023194827400008056,0.02898492970212799,0.07861748762092659,0.11117788597639766,0.02658435943079912,0.004708359607408014,0.025284437197521634,0.0034084373741305263,1
8,0,0.95,133,127,0.07518796992481203,0.07518796992481203,0.12030075187969924,0.29344080614317086,0.4518573155758166,0.15841650943264574,0.02898492970212799,0.0012999222332774876,0.023194827400008056,0.02898492970212799,0.057248073717545464,0.07910060310096058,0.02658435943079912,0.0022323804700186104,0.025284437197521634,0.0009324582367411227,1
8,1,0.95,133,127,0.07518796992481203,0.07518796992481203,0.12030075187969924,0.29344080614317086,0.4518573155758166,0.15841650943264574,0.02898492970212799,0.0012999222332774876,0.023194827400008056,0.02898492970212799,0.057248073717545464,0.07910060310096058,0.02658435943079912,0.0022323804700186104,0.025284437197521634,0.0009324582367411227,1
8,2,0.95,133,127,0.07518796992481203,0.07518796992481203,0.12030075187969924,0.29344080614317086,0.4518573155758166,0.15841650943264574,0.02898492970212799,0.0012999222332774876,0.023194827400008056,0.02898492970212799,0.057248073717545464,0.07910060310096058,0.02658435943079912,0.0022323804700186104,0.025284437197521634,0.0009324582367411227,1
8,3,0.95,133,127,0.07518796992481203,0.07518796992481203,0.12030075187969924,0.29344080614317086,0.4518573155758166,0.15841650943264574,0.02898492970212799,0.0012999222332774876,0.023194827400008056,0.02898492970212799,0.057248073717545464,0.07910060310096058,0.02658435943079912,0.0022323804700186104,0.025284437197521634,0.0009324582367411227,1
8,4,0.95,133,127,0.07518796992481203,0.07518796992481203,0.12030075187969924,0.29344080614317086,0.4518573155758166,0.15841650943264574,0.02898492970212799,0.0012999222332774876,0.023194827400008056,0.02898492970212799,0.057248073717545464,0.07910060310096058,0.02658435943079912,0.0022323804700186104,0.025284437197521634,0.0009324582367411227,1
9,0,0.5,120,60,0.025,0.0,0.5,0.029413290422094555,1.7851962699672521,1.7557829795451576,0.02898492970212799,8.260376225471469e-05,0.023194827400008056,0.02898492970212799,0.12609350848783066,0.1837678580483093,0.00017410347011600333,0.06627378948559885,9.149970786128864e-05,0.06619118572334413,0
9,1,0.5,120,60,0.025,0.016666666666666666,0.5166666666666667,0.08793938974026647,1.843722369285424,1.7557829795451576,0.02898492970212799,8.260376225471469e-05,0.023194827400008056,0.02898492970212799,0.13321774365660688,0.19479581429574505,0.00017410347011600333,0.07288070167463308,9.149970786128864e-05,0.07279809791237836,0
9,2,0.5,120,60,0.025,0.016666666666666666,0.5166666666666667,0.08793938974026647,1.843722369285424,1.7557829795451576,0.02898492970212799,8.260376225471469e-05,0.023194827400008056,0.02898492970212799,0.13321774365660688,0.19479581429574505,0.00017410347011600333,0.07288070167463308,9.149970786128864e-05,0.07279809791237836,0
9,3,0.5,120,60,0.025,0.016666666666666666,0.5166666666666667,0.08793938974026647,1.843722369285424,1.7557829795451576,0.02898492970212799,8.260376225471469e-05,0.023194827400008056,0.02898492970212799,0.13321774365660688,0.19479581429574505,0.00017410347011600333,0.07288070167463308,9.149970786128864e-05,0.07279809791237836,0
9,4,0.5,120,60,0.025,0.008333333333333333,0.5083333333333333,0.058676340081180514,1.8144593196263379,1.7557829795451574,0.02898492970212799,8.260376225471469e-05,0.023194827400008056,0.02898492970212799,0.12966197514407604,0.1892876408406162,0.00017410347011600333,0.0695655292791915,9.149970786128864e-05,0.06948292551693679,0
9,0,0.8,120,96,0.025,0.016666666666666666,0.21666666666666667,0.08793938974026647,0.7902525815583294,0.702313191818063,0.02898492970212799,8.260376225471469e-05,0.023194827400008056,0.02898492970212799,0.06635339722730278,0.09271676769326852,0.00017410347011600333,0.017853008736038553,9.149970786128864e-05,0.01777040497378384,0
9,1,0.8,120,96,0.025,0.016666666666666666,0.21666666666666667,0.08793938974026647,0.7902525815583294,0.702313191818063,0.02898492970212799,8.260376225471469e-05,0.023194827400008056,0.02898492970212799,0.06635339722730278,0.09271676769326852,0.00017410347011600333,0.017853008736038553,9.149970786128864e-05,0.01777040497378384,0
9,2,0.8,120,96,0.025,0.008333333333333333,0.20833333333333334,0.058676340081180514,0.7609895318992436,0.7023131918180631,0.02898492970212799,8.260376225471469e-05,0.023194827400008056,0.02898492970212799,0.06237168983404439,0.08675264118249491,0.00017410347011600333,0.015250870407716041,9.149970786128864e-05,0.015168266645461326,0
9,3,0.8,120,96,0.025,0.025,0.225,0.11720243939935243,0.8195156312174154,0.702313191818063,0.02898492970212799,8.260376225471469e-05,0.023194827400008056,0.02898492970212799,0.07029455909062078,0.09863471997470259,0.00017410347011600333,0.020534959210198087,9.149970786128864e-05,0.020452355447943372,0
9,4,0.8,120,96,0.025,0.016666666666666666,0.21666666666666667,0.08793938974026647,0.7902525815583294,0.702313191818063,0.02898492970212799,8.260376225471469e-05,0.023194827400008056,0.02898492970212799,0.06635339722730278,0.09271676769326852,0.00017410347011600333,0.017853008736038553,9.149970786128864e-05,0.01777040497378384,0
9,0,0.95,120,114,0.025,0.025,0.075,0.11720243939935243,0.29278073735386817,0.17557829795451574,0.02898492970212799,8.260376225471469e-05,0.023194827400008056,0.02898492970212799,0.03297616636354195,0.043233175959778984,0.00017410347011600333,0.0010862395333306324,9.149970786128864e-05,0.0010036357710759176,0
9,1,0.95,120,114,0.025,0.025,0.075,0.11720243939935243,0.29278073735386817,0.17557829795451574,0.02898492970212799,8.260376225471469e-05,0.023194827400008056,0.02898492970212799,0.03297616636354195,0.043233175959778984,0.00017410347011600333,0.0010862395333306324,9.149970786128864e-05,0.0010036357710759176,0
9,2,0.95,120,114,0.025,0.025,0.075,0.11720243939935243,0.29278073735386817,0.17557829795451574,0.02898492970212799,8.260376225471469e-05,0.023194827400008056,0.02898492970212799,0.03297616636354195,0.043233175959778984,0.00017410347011600333,0.0010862395333306324,9.149970786128864e-05,0.0010036357710759176,0
9,3,0.95,120,114,0.025,0.025,0.075,0.11720243939935243,0.29278073735386817,0.17557829795451574,0.02898492970212799,8.260376225471469e-05,0.023194827400008056,0.02898492970212799,0.03297616636354195,0.043233175959778984,0.00017410347011600333,0.0010862395333306324,9.149970786128864e-05,0.0010036357710759176,0
9,4,0.95,120,114,0.025,0.025,0.075,0.11720243939935243,0.29278073735386817,0.17557829795451574,0.02898492970212799,8.260376225471469e-05,0.023194827400008056,0.02898492970212799,0.03297616636354195,0.043233175959778984,0.00017410347011600333,0.0010862395333306324,9.149970786128864e-05,0.0010036357710759176,0
10,0,0.5,116,58,0.017241379310344827,0.008620689655172414,0.5086206896551724,0.05968541075908003,1.8154683903042375,1.7557829795451574,0.02898492970212799,2.0169645527846386e-05,0.023194827400008056,0.02898492970212799,0.129784794359576,0.1894777648480868,0.0008574672312735843,0.08472319284211408,0.0008372975857457379,0.08470302319658624,0
10,1,0.5,116,58,0.017241379310344827,0.008620689655172414,0.5086206896551724,0.05968541075908003,1.8154683903042375,1.7557829795451574,0.02898492970212799,2.0169645527846386e-05,0.023194827400008056,0.02898492970212799,0.129784794359576,0.1894777648480868,0.0008574672312735843,0.08472319284211408,0.0008372975857457379,0.08470302319658624,0
10,2,0.5,116,58,0.017241379310344827,0.0,0.5,0.029413290422094555,1.7851962699672521,1.7557829795451576,0.02898492970212799,2.0169645527846386e-05,0.023194827400008056,0.02898492970212799,0.12609350848783066,0.1837678580483093,0.0008574672312735843,0.0810608166690629,0.0008372975857457379,0.08104064702353506,0
10,3,0.5,116,58,0.017241379310344827,0.008620689655172414,0.5086206896551724,0.05968541075908003,1.8154683903042375,1.7557829795451574,0.02898492970212799,2.0169645527846386e-05,0.023194827400008056,0.02898492970212799,0.129784794359576,0.1894777648480868,0.0008574672312735843,0.08472319284211408,0.0008372975857457379,0.08470302319658624,0
10,4,0.5,116,58,0.017241379310344827,0.0,0.5,0.029413290422094555,1.7851962699672521,1.7557829795451576,0.02898492970212799,2.0169645527846386e-05,0.023194827400008056,0.02898492970212799,0.12609350848783066,0.1837678580483093,0.0008574672312735843,0.0810608166690629,0.0008372975857457379,0.08104064702353506,0
10,0,0.8,116,93,0.017241379310344827,0.017241379310344827,0.21551724137931033,0.0899575310960655,0.7862162988467314,0.6962587677506659,0.02898492970212799,2.0169645527846386e-05,0.023194827400008056,0.02898492970212799,0.06621679107861078,0.09251190031922411,0.0008574672312735843,0.027037493287773245,0.0008372975857457379,0.0270173236422454,0
10,1,0.8,116,93,0.017241379310344827,0.017241379310344827,0.21551724137931033,0.0899575310960655,0.7862162988467314,0.6962587677506659,0.02898492970212799,2.0169645527846386e-05,0.023194827400008056,0.02898492970212799,0.06621679107861078,0.09251190031922411,0.0008574672312735843,0.027037493287773245,0.0008372975857457379,0.0270173236422454,0
10,2,0.8,116,93,0.017241379310344827,0.017241379310344827,0.21551724137931033,0.0899575310960655,0.7862162988467314,0.6962587677506659,0.02898492970212799,2.0169645527846386e-05,0.023194827400008056,0.02898492970212799,0.06621679107861078,0.09251190031922411,0.0008574672312735843,0.027037493287773245,0.0008372975857457379,0.0270173236422454,0
10,3,0.8,116,93,0.017241379310344827,0.017241379310344827,0.21551724137931033,0.0899575310960655,0.7862162988467314,0.6962587677506659,0.02898492970212799,2.0169645527846386e-05,0.023194827400008056,0.02898492970212799,0.06621679107861078,0.09251190031922411,0.0008574672312735843,0.027037493287773245,0.0008372975857457379,0.0270173236422454,0
10,4,0.8,116,93,0.017241379310344827,0.017241379310344827,0.21551724137931033,0.0899575310960655,0.7862162988467314,0.6962587677506659,0.02898492970212799,2.0169645527846386e-05,0.023194827400008056,0.02898492970212799,0.06621679107861078,0.09251190031922411,0.0008574672312735843,0.027037493287773245,0.0008372975857457379,0.0270173236422454,0
10,0,0.95,116,111,0.017241379310344827,0.017241379310344827,0.0603448275862069,0.0899575310960655,0.24131813278099287,0.15136060168492738,0.02898492970212799,2.0169645527846386e-05,0.023194827400008056,0.02898492970212799,0.026891880068284982,0.03435455310267278,0.0008574672312735843,0.0020341942796566065,0.0008372975857457379,0.00201402463412876,0
10,1,0.95,116,111,0.017241379310344827,0.017241379310344827,0.0603448275862069,0.0899575310960655,0.24131813278099287,0.15136060168492738,0.02898492970212799,2.0169645527846386e-05,0.023194827400008056,0.02898492970212799,0.026891880068284982,0.03435455310267278,0.0008574672312735843,0.0020341942796566065,0.0008372975857457379,0.00201402463412876,0
10,2,0.95,116,111,0.017241379310344827,0.017241379310344827,0.0603448275862069,0.0899575310960655,0.24131813278099287,0.15136060168492738,0.02898492970212799,2.0169645527846386e-05,0.023194827400008056,0.02898492970212799,0.026891880068284982,0.03435455310267278,0.0008574672312735843,0.0020341942796566065,0.0008372975857457379,0.00201402463412876,0
10,3,0.95,116,111,0.017241379310344827,0.017241379310344827,0.0603448275862069,0.0899575310960655,0.24131813278099287,0.15136060168492738,0.02898492970212799,2.0169645527846386e-05,0.023194827400008056,0.02898492970212799,0.026891880068284982,0.03435455310267278,0.0008574672312735843,0.0020341942796566065,0.0008372975857457379,0.00201402463412876,0
10,4,0.95,116,111,0.017241379310344827,0.017241379310344827,0.0603448275862069,0.0899575310960655,0.24131813278099287,0.15136060168492738,0.02898492970212799,2.0169645527846386e-05,0.023194827400008056,0.02898492970212799,0.026891880068284982,0.03435455310267278,0.0008574672312735843,0.0020341942796566065,0.0008372975857457379,0.00201402463412876,0
11,0,0.5,112,56,0.03571428571428571,0.026785714285714284,0.5267857142857143,0.12347309289772798,1.8792560724428855,1.7557829795451576,0.02898492970212799,0.00023054752171164405,0.023194827400008056,0.02898492970212799,0.1375195833780237,0.2014702395564263,0.000750256718576342,0.059439807448804644,0.000519709196864698,0.059209259927093,0
11,1,0.5,112,56,0.03571428571428571,0.026785714285714284,0.5267857142857143,0.12347309289772798,1.8792560724428855,1.7557829795451576,0.02898492970212799,0.00023054752171164405,0.023194827400008056,0.02898492970212799,0.1375195833780237,0.2014702395564263,0.000750256718576342,0.059439807448804644,0.000519709196864698,0.059209259927093,0
11,2,0.5,112,56,0.03571428571428571,0.026785714285714284,0.5267857142857143,0.12347309289772798,1.8792560724428855,1.7557829795451576,0.02898492970212799,0.00023054752171164405,0.023194827400008056,0.02898492970212799,0.1375195833780237,0.2014702395564263,0.000750256718576342,0.059439807448804644,0.000519709196864698,0.059209259927093,0
11,3,0.5,112,56,0.03571428571428571,0.017857142857142856,0.5178571428571429,0.09211982540585018,1.8479028049510078,1.7557829795451576,0.02898492970212799,0.00023054752171164405,0.023194827400008056,0.02898492970212799,0.13372472287077344,0.19558181141421677,0.000750256718576342,0.0562057077852747,0.000519709196864698,0.055975160263563056,0
11,4,0.5,112,56,0.03571428571428571,0.008928571428571428,0.5089285714285714,0.06076655791397237,1.8165495374591296,1.7557829795451572,0.02898492970212799,0.00023054752171164405,0.023194827400008056,0.02898492970212799,0.12991636966521533,0.1896814538795084,0.000750256718576342,0.053007641484886486,0.000519709196864698,0.05277709396317484,0
11,0,0.8,112,90,0.03571428571428571,0.026785714285714284,0.22321428571428573,0.12347309289772798,0.8132449777190399,0.6897718848213119,0.02898492970212799,0.00023054752171164405,0.023194827400008056,0.02898492970212799,0.07029455909062078,0.09863471997470259,0.000750256718576342,0.011031848307408193,0.000519709196864698,0.01080130078569655,0
11,1,0.8,112,90,0.03571428571428571,0.03571428571428571,0.23214285714285715,0.1548263603896058,0.8445982452109176,0.6897718848213119,0.02898492970212799,0.00023054752171164405,0.023194827400008056,0.02898492970212799,0.07447579398314584,0.10492850701826054,0.000750256718576342,0.013314822202752707,0.000519709196864698,0.013084274681041064,0
11,2,0.8,112,90,0.03571428571428571,0.026785714285714284,0.22321428571428573,0.12347309289772798,0.8132449777190399,0.6897718848213119,0.02898492970212799,0.00023054752171164405,0.023194827400008056,0.02898492970212799,0.07029455909062078,0.09863471997470259,0.000750256718576342,0.011031848307408193,0.000519709196864698,0.01080130078569655,0
11,3,0.8,112,90,0.03571428571428571,0.03571428571428571,0.23214285714285715,0.1548263603896058,0.8445982452109176,0.6897718848213119,0.02898492970212799,0.00023054752171164405,0.023194827400008056,0.02898492970212799,0.07447579398314584,0.10492850701826054,0.000750256718576342,0.013314822202752707,0.000519709196864698,0.013084274681041064,0
11,4,0.8,112,90,0.03571428571428571,0.03571428571428571,0.23214285714285715,0.1548263603896058,0.8445982452109176,0.6897718848213119,0.02898492970212799,0.00023054752171164405,0.023194827400008056,0.02898492970212799,0.07447579398314584,0.10492850701826054,0.000750256718576342,0.013314822202752707,0.000519709196864698,0.013084274681041064,0
11,0,0.95,112,107,0.03571428571428571,0.03571428571428571,0.08035714285714286,0.1548263603896058,0.3115926978489949,0.15676633745938912,0.02898492970212799,0.00023054752171164405,0.023194827400008056,0.02898492970212799,0.03722830614453677,0.04946706405144248,0.000750256718576342,0.0007413806555006186,0.000519709196864698,0.0005108331337889745,1
11,1,0.95,112,107,0.03571428571428571,0.03571428571428571,0.08035714285714286,0.1548263603896058,0.3115926978489949,0.15676633745938912,0.02898492970212799,0.00023054752171164405,0.023194827400008056,0.02898492970212799,0.03722830614453677,0.04946706405144248,0.000750256718576342,0.0007413806555006186,0.000519709196864698,0.0005108331337889745,1
11,2,0.95,112,107,0.03571428571428571,0.03571428571428571,0.08035714285714286,0.1548263603896058,0.3115926978489949,0.15676633745938912,0.02898492970212799,0.00023054752171164405,0.023194827400008056,0.02898492970212799,0.03722830614453677,0.04946706405144248,0.000750256718576342,0.0007413806555006186,0.000519709196864698,0.0005108331337889745,1
11,3,0.95,112,107,0.03571428571428571,0.03571428571428571,0.08035714285714286,0.1548263603896058,0.3115926978489949,0.15676633745938912,0.02898492970212799,0.00023054752171164405,0.023194827400008056,0.02898492970212799,0.03722830614453677,0.04946706405144248,0.000750256718576342,0.0007413806555006186,0.000519709196864698,0.0005108331337889745,1
11,4,0.95,112,107,0.03571428571428571,0.03571428571428571,0.08035714285714286,0.1548263603896058,0.3115926978489949,0.15676633745938912,0.02898492970212799,0.00023054752171164405,0.023194827400008056,0.02898492970212799,0.03722830614453677,0.04946706405144248,0.000750256718576342,0.0007413806555006186,0.000519709196864698,0.0005108331337889745,1
12,0,0.5,142,71,0.028169014084507043,0.014084507042253521,0.5140845070422535,0.07887196590223984,1.8346549454473973,1.7557829795451574,0.02898492970212799,0.00011921160675160974,0.023194827400008056,0.02898492970212799,0.13211726319724704,0.19309023233561856,0.00017410347011600333,0.06640437853961836,5.4891863364393595e-05,0.06628516693286675,0
12,1,0.5,142,71,0.028169014084507043,0.014084507042253521,0.5140845070422535,0.07887196590223984,1.8346549454473973,1.7557829795451574,0.02898492970212799,0.00011921160675160974,0.023194827400008056,0.02898492970212799,0.13211726319724704,0.19309023233561856,0.00017410347011600333,0.06640437853961836,5.4891863364393595e-05,0.06628516693286675,0
12,2,0.5,142,71,0.028169014084507043,0.014084507042253521,0.5140845070422535,0.07887196590223984,1.8346549454473973,1.7557829795451574,0.02898492970212799,0.00011921160675160974,0.023194827400008056,0.02898492970212799,0.13211726319724704,0.19309023233561856,0.00017410347011600333,0.06640437853961836,5.4891863364393595e-05,0.06628516693286675,0
12,3,0.5,142,71,0.028169014084507043,0.014084507042253521,0.5140845070422535,0.07887196590223984,1.8346549454473973,1.7557829795451574,0.02898492970212799,0.00011921160675160974,0.023194827400008056,0.02898492970212799,0.13211726319724704,0.19309023233561856,0.00017410347011600333,0.06640437853961836,5.4891863364393595e-05,0.06628516693286675,0
12,4,0.5,142,71,0.028169014084507043,0.014084507042253521,0.5140845070422535,0.07887196590223984,1.8346549454473973,1.7557829795451574,0.02898492970212799,0.00011921160675160974,0.023194827400008056,0.02898492970212799,0.13211726319724704,0.19309023233561856,0.00017410347011600333,0.06640437853961836,5.4891863364393595e-05,0.06628516693286675,0
12,0,0.8,142,114,0.028169014084507043,0.028169014084507043,0.22535211267605634,0.12833064138238512,0.8207520981044191,0.6924214567220339,0.02898492970212799,0.00011921160675160974,0.023194827400008056,0.02898492970212799,0.07112231377943468,0.09987945507897338,0.00017410347011600333,0.017841926050399165,5.4891863364393595e-05,0.017722714443647557,0
12,1,0.8,142,114,0.028169014084507043,0.02112676056338028,0.21830985915492956,0.10360130364231249,0.7960227603643464,0.6924214567220339,0.02898492970212799,0.00011921160675160974,0.023194827400008056,0.02898492970212799,0.0678011707551955,0.09488904992173706,0.00017410347011600333,0.015720492348695325,5.4891863364393595e-05,0.015601280741943715,0
12,2,0.8,142,114,0.028169014084507043,0.028169014084507043,0.22535211267605634,0.12833064138238512,0.8207520981044191,0.6924214567220339,0.02898492970212799,0.00011921160675160974,0.023194827400008056,0.02898492970212799,0.07112231377943468,0.09987945507897338,0.00017410347011600333,0.017841926050399165,5.4891863364393595e-05,0.017722714443647557,0
12,3,0.8,142,114,0.028169014084507043,0.028169014084507043,0.22535211267605634,0.12833064138238512,0.8207520981044191,0.6924214567220339,0.02898492970212799,0.00011921160675160974,0.023194827400008056,0.02898492970212799,0.07112231377943468,0.09987945507897338,0.00017410347011600333,0.017841926050399165,5.4891863364393595e-05,0.017722714443647557,0
12,4,0.8,142,114,0.028169014084507043,0.02112676056338028,0.21830985915492956,0.10360130364231249,0.7960227603643464,0.6924214567220339,0.02898492970212799,0.00011921160675160974,0.023194827400008056,0.02898492970212799,0.0678011707551955,0.09488904992173706,0.00017410347011600333,0.015720492348695325,5.4891863364393595e-05,0.015601280741943715,0
12,0,0.95,142,135,0.028169014084507043,0.02112676056338028,0.07042253521126761,0.10360130364231249,0.27670666782282094,0.17310536418050845,0.02898492970212799,0.00011921160675160974,0.023194827400008056,0.02898492970212799,0.030704988062413827,0.03991305576812976,0.00017410347011600333,0.000428696530664699,5.4891863364393595e-05,0.0003094849239130892,0
12,1,0.95,142,135,0.028169014084507043,0.028169014084507043,0.07746478873239436,0.12833064138238512,0.30143600556289357,0.17310536418050845,0.02898492970212799,0.00011921160675160974,0.023194827400008056,0.02898492970212799,0.034476335976288616,0.045429892120760304,0.00017410347011600333,0.0006363126091715743,5.4891863364393595e-05,0.0005171010024199646,0
12,2,0.95,142,135,0.028169014084507043,0.02112676056338028,0.07042253521126761,0.10360130364231249,0.27670666782282094,0.17310536418050845,0.02898492970212799,0.00011921160675160974,0.023194827400008056,0.02898492970212799,0.030704988062413827,0.03991305576812976,0.00017410347011600333,0.000428696530664699,5.4891863364393595e-05,0.0003094849239130892,0
12,3,0.95,142,135,0.028169014084507043,0.028169014084507043,0.07746478873239436,0.12833064138238512,0.30143600556289357,0.17310536418050845,0.02898492970212799,0.00011921160675160974,0.023194827400008056,0.02898492970212799,0.034476335976288616,0.045429892120760304,0.00017410347011600333,0.0006363126091715743,5.4891863364393595e-05,0.0005171010024199646,0
12,4,0.95,142,135,0.028169014084507043,0.028169014084507043,0.07746478873239436,0.12833064138238512,0.30143600556289357,0.17310536418050845,0.02898492970212799,0.00011921160675160974,0.023194827400008056,0.02898492970212799,0.034476335976288616,0.045429892120760304,0.00017410347011600333,0.0006363126091715743,5.4891863364393595e-05,0.0005171010024199646,0
13,0,0.5,136,68,0.07352941176470588,0.051470588235294115,0.5514705882352942,0.21015565596350783,1.9659386355086654,1.7557829795451576,0.02898492970212799,0.0012400358476604629,0.023194827400008056,0.02898492970212799,0.14794886379825248,0.2176981006210803,0.024942454661997182,0.02616833195491064,0.02370241881433672,0.024928296107250177,0
13,1,0.5,136,68,0.07352941176470588,0.058823529411764705,0.5588235294117647,0.23597599389799542,1.9917589734431531,1.7557829795451576,0.02898492970212799,0.0012400358476604629,0.023194827400008056,0.02898492970212799,0.15103975305991138,0.2225198271953702,0.024942454661997182,0.02801497369822059,0.02370241881433672,0.026774937850560128,0
13,2,0.5,136,68,0.07352941176470588,0.029411764705882353,0.5294117647058824,0.13269464216004498,1.8884776217052026,1.7557829795451576,0.02898492970212799,0.0012400358476604629,0.023194827400008056,0.02898492970212799,0.13863329276541325,0.2032000434967086,0.024942454661997182,0.020876039899616172,0.02370241881433672,0.01963600405195571,1
13,3,0.5,136,68,0.07352941176470588,0.051470588235294115,0.5514705882352942,0.21015565596350783,1.9659386355086654,1.7557829795451576,0.02898492970212799,0.0012400358476604629,0.023194827400008056,0.02898492970212799,0.14794886379825248,0.2176981006210803,0.024942454661997182,0.02616833195491064,0.02370241881433672,0.024928296107250177,0
13,4,0.5,136,68,0.07352941176470588,0.03676470588235294,0.5367647058823529,0.1585149800945326,1.91429795963969,1.7557829795451574,0.02898492970212799,0.0012400358476604629,0.023194827400008056,0.02898492970212799,0.14174611724974973,0.20803884518393198,0.024942454661997182,0.022597460875401154,0.02370241881433672,0.02135742502774069,1
13,0,0.8,136,109,0.07352941176470588,0.0661764705882353,0.2647058823529412,0.2617963318324831,0.9589454560636486,0.6971491242311655,0.02898492970212799,0.0012400358476604629,0.023194827400008056,0.02898492970212799,0.08893662330469292,0.12681099736643342,0.024942454661997182,0.0062309904987469895,0.02370241881433672,0.004990954651086526,1
13,1,0.8,136,109,0.07352941176470588,0.0661764705882353,0.2647058823529412,0.2617963318324831,0.9589454560636486,0.6971491242311655,0.02898492970212799,0.0012400358476604629,0.023194827400008056,0.02898492970212799,0.08893662330469292,0.12681099736643342,0.024942454661997182,0.0062309904987469895,0.02370241881433672,0.004990954651086526,1
13,2,0.8,136,109,0.07352941176470588,0.058823529411764705,0.25735294117647056,0.23597599389799542,0.9331251181291608,0.6971491242311654,0.02898492970212799,0.0012400358476604629,0.023194827400008056,0.02898492970212799,0.08559993559454793,0.12174650519463442,0.024942454661997182,0.005715350261899795,0.02370241881433672,0.004475314414239332,1
13,3,0.8,136,109,0.07352941176470588,0.058823529411764705,0.25735294117647056,0.23597599389799542,0.9331251181291608,0.6971491242311654,0.02898492970212799,0.0012400358476604629,0.023194827400008056,0.02898492970212799,0.08559993559454793,0.12174650519463442,0.024942454661997182,0.005715350261899795,0.02370241881433672,0.004475314414239332,1
13,4,0.8,136,109,0.07352941176470588,0.058823529411764705,0.25735294117647056,0.23597599389799542,0.9331251181291608,0.6971491242311654,0.02898492970212799,0.0012400358476604629,0.023194827400008056,0.02898492970212799,0.08559993559454793,0.12174650519463442,0.024942454661997182,0.005715350261899795,0.02370241881433672,0.004475314414239332,1
13,0,0.95,136,130,0.07352941176470588,0.07352941176470588,0.11764705882352941,0.28761666976697065,0.4425386973738963,0.15492202760692564,0.02898492970212799,0.0012400358476604629,0.023194827400008056,0.02898492970212799,0.05619532751309177,0.0775315750451942,0.024942454661997182,0.002134008284041813,0.02370241881433672,0.0008939724363813499,1
13,1,0.95,136,130,0.07352941176470588,0.07352941176470588,0.11764705882352941,0.28761666976697065,0.4425386973738963,0.15492202760692564,0.02898492970212799,0.0012400358476604629,0.023194827400008056,0.02898492970212799,0.05619532751309177,0.0775315750451942,0.024942454661997182,0.002134008284041813,0.02370241881433672,0.0008939724363813499,1
13,2,0.95,136,130,0.07352941176470588,0.07352941176470588,0.11764705882352941,0.28761666976697065,0.4425386973738963,0.15492202760692564,0.02898492970212799,0.0012400358476604629,0.023194827400008056,0.02898492970212799,0.05619532751309177,0.0775315750451942,0.024942454661997182,0.002134008284041813,0.02370241881433672,0.0008939724363813499,1
13,3,0.95,136,130,0.07352941176470588,0.0661764705882353,0.11029411764705882,0.2617963318324831,0.41671835943940866,0.15492202760692558,0.02898492970212799,0.0012400358476604629,0.023194827400008056,0.02898492970212799,0.05257921932036441,0.07215071060575737,0.024942454661997182,0.0018129899179316939,0.02370241881433672,0.000572954070271231,1
13,4,0.95,136,130,0.07352941176470588,0.0661764705882353,0.11029411764705882,0.2617963318324831,0.41671835943940866,0.15492202760692558,0.02898492970212799,0.0012400358476604629,0.023194827400008056,0.02898492970212799,0.05257921932036441,0.07215071060575737,0.024942454661997182,0.0018129899179316939,0.02370241881433672,0.000572954070271231,1
14,0,0.5,141,71,0.0425531914893617,0.028368794326241134,0.524822695035461,0.1290321828785574,1.872362800866657,1.7433306179880996,0.02898492970212799,0.00035930627824450853,0.023194827400008056,0.02898492970212799,0.13743897543565395,0.20134506936627292,0.002866504009161691,0.05003280312730912,0.0025071977309171828,0.049673496849064615,0
14,1,0.5,141,71,0.0425531914893617,0.02127659574468085,0.5177304964539007,0.10412745976444168,1.8474580777525413,1.7433306179880996,0.02898492970212799,0.00035930627824450853,0.023194827400008056,0.02898492970212799,0.1344254696881689,0.19666848001415876,0.002866504009161691,0.04763703507763034,0.0025071977309171828,0.04727772879938583,0
14,2,0.5,141,71,0.0425531914893617,0.02127659574468085,0.5177304964539007,0.10412745976444168,1.8474580777525413,1.7433306179880996,0.02898492970212799,0.00035930627824450853,0.023194827400008056,0.02898492970212799,0.1344254696881689,0.19666848001415876,0.002866504009161691,0.04763703507763034,0.0025071977309171828,0.04727772879938583,0
14,3,0.5,141,71,0.0425531914893617,0.02127659574468085,0.5177304964539007,0.10412745976444168,1.8474580777525413,1.7433306179880996,0.02898492970212799,0.00035930627824450853,0.023194827400008056,0.02898492970212799,0.1344254696881689,0.19666848001415876,0.002866504009161691,0.04763703507763034,0.0025071977309171828,0.04727772879938583,0
14,4,0.5,141,71,0.0425531914893617,0.02127659574468085,0.5177304964539007,0.10412745976444168,1.8474580777525413,1.7433306179880996,0.02898492970212799,0.00035930627824450853,0.023194827400008056,0.02898492970212799,0.1344254696881689,0.19666848001415876,0.002866504009161691,0.04763703507763034,0.0025071977309171828,0.04727772879938583,0
14,0,0.8,141,113,0.0425531914893617,0.028368794326241134,0.22695035460992907,0.1290321828785574,0.8263644300737972,0.6973322471952399,0.02898492970212799,0.00035930627824450853,0.023194827400008056,0.02898492970212799,0.07154436235508023,0.10051434732928652,0.002866504009161691,0.007330101318963167,0.0025071977309171828,0.006970795040718659,0
14,1,0.8,141,113,0.0425531914893617,0.03546099290780142,0.23404255319148937,0.1539369059926731,0.851269153187913,0.6973322471952399,0.02898492970212799,0.00035930627824450853,0.023194827400008056,0.02898492970212799,0.07485925835345876,0.10550648954082624,0.002866504009161691,0.008827299655497362,0.0025071977309171828,0.008467993377252852,0
14,2,0.8,141,113,0.0425531914893617,0.03546099290780142,0.23404255319148937,0.1539369059926731,0.851269153187913,0.6973322471952399,0.02898492970212799,0.00035930627824450853,0.023194827400008056,0.02898492970212799,0.07485925835345876,0.10550648954082624,0.002866504009161691,0.008827299655497362,0.0025071977309171828,0.008467993377252852,0
14,3,0.8,141,113,0.0425531914893617,0.03546099290780142,0.23404255319148937,0.1539369059926731,0.851269153187913,0.6973322471952399,0.02898492970212799,0.00035930627824450853,0.023194827400008056,0.02898492970212799,0.07485925835345876,0.10550648954082624,0.002866504009161691,0.008827299655497362,0.0025071977309171828,0.008467993377252852,0
14,4,0.8,141,113,0.0425531914893617,0.03546099290780142,0.23404255319148937,0.1539369059926731,0.851269153187913,0.6973322471952399,0.02898492970212799,0.00035930627824450853,0.023194827400008056,0.02898492970212799,0.07485925835345876,0.10550648954082624,0.002866504009161691,0.008827299655497362,0.0025071977309171828,0.008467993377252852,0
14,0,0.95,141,134,0.0425531914893617,0.03546099290780142,0.0851063829787234,0.1539369059926731,0.32826996779148304,0.17433306179880995,0.02898492970212799,0.00035930627824450853,0.023194827400008056,0.02898492970212799,0.03840338171509413,0.05119377815667963,0.002866504009161691,0.0008067520928533435,0.0025071977309171828,0.00044744581460883496,1
14,1,0.95,141,134,0.0425531914893617,0.0425531914893617,0.09219858156028368,0.1788416291067888,0.3531746909055988,0.17433306179880997,0.02898492970212799,0.00035930627824450853,0.023194827400008056,0.02898492970212799,0.042073021725871525,0.05659683912487177,0.002866504009161691,0.0010286787226282267,0.0025071977309171828,0.0006693724443837181,1
14,2,0.95,141,134,0.0425531914893617,0.0425531914893617,0.09219858156028368,0.1788416291067888,0.3531746909055988,0.17433306179880997,0.02898492970212799,0.00035930627824450853,0.023194827400008056,0.02898492970212799,0.042073021725871525,0.05659683912487177,0.002866504009161691,0.0010286787226282267,0.0025071977309171828,0.0006693724443837181,1
14,3,0.95,141,134,0.0425531914893617,0.0425531914893617,0.09219858156028368,0.1788416291067888,0.3531746909055988,0.17433306179880997,0.02898492970212799,0.00035930627824450853,0.023194827400008056,0.02898492970212799,0.042073021725871525,0.05659683912487177,0.002866504009161691,0.0010286787226282267,0.0025071977309171828,0.0006693724443837181,1
14,4,0.95,141,134,0.0425531914893617,0.0425531914893617,0.09219858156028368,0.1788416291067888,0.3531746909055988,0.17433306179880997,0.02898492970212799,0.00035930627824450853,0.023194827400008056,0.02898492970212799,0.042073021725871525,0.05659683912487177,0.002866504009161691,0.0010286787226282267,0.0025071977309171828,0.0006693724443837181,1
15,0,0.5,114,57,0.05263157894736842,0.043859649122807015,0.543859649122807,0.18342934125938906,1.9392123208045466,1.7557829795451576,0.02898492970212799,0.0005942853757110352,0.023194827400008056,0.02898492970212799,0.14474232184839056,0.2127018552799851,0.008040500793616151,0.04365767584466579,0.007446215417905116,0.04306339046895476,0
15,1,0.5,114,57,0.05263157894736842,0.03508771929824561,0.5350877192982456,0.15262613109193016,1.9084091106370875,1.7557829795451574,0.02898492970212799,0.0005942853757110352,0.023194827400008056,0.02898492970212799,0.14103687934270734,0.20693583980783736,0.008040500793616151,0.040926954711382024,0.007446215417905116,0.04033266933567099,0
15,2,0.5,114,57,0.05263157894736842,0.008771929824561403,0.5087719298245614,0.060216500589553454,1.815999480134711,1.7557829795451576,0.02898492970212799,0.0005942853757110352,0.023194827400008056,0.02898492970212799,0.12984943000074656,0.18957782458761166,0.008040500793616151,0.033017526774222816,0.007446215417905116,0.032423241398511785,0
15,3,0.5,114,57,0.05263157894736842,0.02631578947368421,0.5263157894736842,0.12182292092447126,1.8776059004696286,1.7557829795451574,0.02898492970212799,0.0005942853757110352,0.023194827400008056,0.02898492970212799,0.13732017443141453,0.20116059920203103,0.008040500793616151,0.03824215416979332,0.007446215417905116,0.03764786879408229,0
15,4,0.5,114,57,0.05263157894736842,0.03508771929824561,0.5350877192982456,0.15262613109193016,1.9084091106370875,1.7557829795451574,0.02898492970212799,0.0005942853757110352,0.023194827400008056,0.02898492970212799,0.14103687934270734,0.20693583980783736,0.008040500793616151,0.040926954711382024,0.007446215417905116,0.04033266933567099,0
15,0,0.8,114,92,0.05263157894736842,0.05263157894736842,0.24561403508771928,0.21423255142684797,0.8919031751109439,0.6776706236840959,0.02898492970212799,0.0005942853757110352,0.023194827400008056,0.02898492970212799,0.08150196958081239,0.11553891484934638,0.008040500793616151,0.006303077183969497,0.007446215417905116,0.005708791808258461,1
15,1,0.8,114,92,0.05263157894736842,0.03508771929824561,0.22807017543859648,0.15262613109193016,0.830296754776026,0.6776706236840959,0.02898492970212799,0.0005942853757110352,0.023194827400008056,0.02898492970212799,0.07337943444630571,0.10327671464917068,0.008040500793616151,0.004016952710733563,0.007446215417905116,0.003422667335022528,1
15,2,0.8,114,92,0.05263157894736842,0.043859649122807015,0.23684210526315788,0.18342934125938906,0.8610999649434848,0.6776706236840958,0.02898492970212799,0.0005942853757110352,0.023194827400008056,0.02898492970212799,0.07745871733264519,0.10942793456683626,0.008040500793616151,0.0048198926247996765,0.007446215417905116,0.004225607249088641,1
15,3,0.8,114,92,0.05263157894736842,0.02631578947368421,0.21929824561403508,0.12182292092447126,0.799493544608567,0.6776706236840958,0.02898492970212799,0.0005942853757110352,0.023194827400008056,0.02898492970212799,0.06926115945929176,0.09708161649604713,0.008040500793616151,0.003511885020459605,0.007446215417905116,0.00291759964474857,1
15,4,0.8,114,92,0.05263157894736842,0.03508771929824561,0.22807017543859648,0.15262613109193016,0.830296754776026,0.6776706236840959,0.02898492970212799,0.0005942853757110352,0.023194827400008056,0.02898492970212799,0.07337943444630571,0.10327671464917068,0.008040500793616151,0.004016952710733563,0.007446215417905116,0.003422667335022528,1
15,0,0.95,114,109,0.05263157894736842,0.043859649122807015,0.08771929824561403,0.18342934125938906,0.33744539209668356,0.1540160508372945,0.02898492970212799,0.0005942853757110352,0.023194827400008056,0.02898492970212799,0.041256947607528516,0.05539389615652946,0.008040500793616151,0.0009769967737397825,0.007446215417905116,0.0003827113980287473,1
15,1,0.95,114,109,0.05263157894736842,0.05263157894736842,0.09649122807017543,0.21423255142684797,0.36824860226414247,0.1540160508372945,0.02898492970212799,0.0005942853757110352,0.023194827400008056,0.02898492970212799,0.04573729651241741,0.06200768324628957,0.008040500793616151,0.0012771543620164415,0.007446215417905116,0.0006828689863054064,1
15,2,0.95,114,109,0.05263157894736842,0.043859649122807015,0.08771929824561403,0.18342934125938906,0.33744539209668356,0.1540160508372945,0.02898492970212799,0.0005942853757110352,0.023194827400008056,0.02898492970212799,0.041256947607528516,0.05539389615652946,0.008040500793616151,0.0009769967737397825,0.007446215417905116,0.0003827113980287473,1
15,3,0.95,114,109,0.05263157894736842,0.05263157894736842,0.09649122807017543,0.21423255142684797,0.36824860226414247,0.1540160508372945,0.02898492970212799,0.0005942853757110352,0.023194827400008056,0.02898492970212799,0.04573729651241741,0.06200768324628957,0.008040500793616151,0.0012771543620164415,0.007446215417905116,0.0006828689863054064,1
15,4,0.95,114,109,0.05263157894736842,0.05263157894736842,0.09649122807017543,0.21423255142684797,0.36824860226414247,0.1540160508372945,0.02898492970212799,0.0005942853757110352,0.023194827400008056,0.02898492970212799,0.04573729651241741,0.06200768324628957,0.008040500793616151,0.0012771543620164415,0.007446215417905116,0.0006828689863054064,1
16,0,0.5,115,58,0.02608695652173913,0.008695652173913044,0.5043478260869565,0.059948646588097294,1.8004639480502533,1.740515301462156,0.02898492970212799,9.44602870230264e-05,0.023194827400008056,0.02898492970212799,0.12888733111862682,0.18808871341479158,0.00017410347011600333,0.06696668341833124,7.964318309297693e-05,0.06687222313130822,0
16,1,0.5,115,58,0.02608695652173913,0.0,0.4956521739130435,0.029413290422094555,1.7699285918842507,1.7405153014621562,0.02898492970212799,9.44602870230264e-05,0.023194827400008056,0.02898492970212799,0.12516040878435306,0.18232586811084045,0.00017410347011600333,0.06357428827973814,7.964318309297693e-05,0.06347982799271512,0
16,2,0.5,115,58,0.02608695652173913,0.017391304347826087,0.5130434782608696,0.09048400275410003,1.8309993042162562,1.7405153014621562,0.02898492970212799,9.44602870230264e-05,0.023194827400008056,0.02898492970212799,0.13260022450271913,0.1938386577009819,0.00017410347011600333,0.07038573505149164,7.964318309297693e-05,0.07029127476446861,0
16,3,0.5,115,58,0.02608695652173913,0.008695652173913044,0.5043478260869565,0.059948646588097294,1.8004639480502533,1.740515301462156,0.02898492970212799,9.44602870230264e-05,0.023194827400008056,0.02898492970212799,0.12888733111862682,0.18808871341479158,0.00017410347011600333,0.06696668341833124,7.964318309297693e-05,0.06687222313130822,0
16,4,0.5,115,58,0.02608695652173913,0.017391304347826087,0.5130434782608696,0.09048400275410003,1.8309993042162562,1.7405153014621562,0.02898492970212799,9.44602870230264e-05,0.023194827400008056,0.02898492970212799,0.13260022450271913,0.1938386577009819,0.00017410347011600333,0.07038573505149164,7.964318309297693e-05,0.07029127476446861,0
16,0,0.8,115,92,0.02608695652173913,0.017391304347826087,0.21739130434782608,0.09048400275410003,0.792797194572163,0.702313191818063,0.02898492970212799,9.44602870230264e-05,0.023194827400008056,0.02898492970212799,0.06669766871252512,0.09323314657448423,0.00017410347011600333,0.016992986422900966,7.964318309297693e-05,0.016898526135877938,0
16,1,0.8,115,92,0.02608695652173913,0.017391304347826087,0.21739130434782608,0.09048400275410003,0.792797194572163,0.702313191818063,0.02898492970212799,9.44602870230264e-05,0.023194827400008056,0.02898492970212799,0.06669766871252512,0.09323314657448423,0.00017410347011600333,0.016992986422900966,7.964318309297693e-05,0.016898526135877938,0
16,2,0.8,115,92,0.02608695652173913,0.02608695652173913,0.22608695652173913,0.12101935892010277,0.8233325507381657,0.702313191818063,0.02898492970212799,9.44602870230264e-05,0.023194827400008056,0.02898492970212799,0.07080580294651982,0.09940342939307914,0.00017410347011600333,0.019730097787783632,7.964318309297693e-05,0.019635637500760604,0
16,3,0.8,115,92,0.02608695652173913,0.017391304347826087,0.21739130434782608,0.09048400275410003,0.792797194572163,0.702313191818063,0.02898492970212799,9.44602870230264e-05,0.023194827400008056,0.02898492970212799,0.06669766871252512,0.09323314657448423,0.00017410347011600333,0.016992986422900966,7.964318309297693e-05,0.016898526135877938,0
16,4,0.8,115,92,0.02608695652173913,0.02608695652173913,0.22608695652173913,0.12101935892010277,0.8233325507381657,0.702313191818063,0.02898492970212799,9.44602870230264e-05,0.023194827400008056,0.02898492970212799,0.07080580294651982,0.09940342939307914,0.00017410347011600333,0.019730097787783632,7.964318309297693e-05,0.019635637500760604,0
16,0,0.95,115,110,0.02608695652173913,0.02608695652173913,0.06956521739130435,0.12101935892010277,0.2736961397501165,0.1526767808300137,0.02898492970212799,9.44602870230264e-05,0.023194827400008056,0.02898492970212799,0.031810898136782666,0.04152887803681446,0.00017410347011600333,0.000565867481164703,7.964318309297693e-05,0.00047140719414167655,0
16,1,0.95,115,110,0.02608695652173913,0.02608695652173913,0.06956521739130435,0.12101935892010277,0.2736961397501165,0.1526767808300137,0.02898492970212799,9.44602870230264e-05,0.023194827400008056,0.02898492970212799,0.031810898136782666,0.04152887803681446,0.00017410347011600333,0.000565867481164703,7.964318309297693e-05,0.00047140719414167655,0
16,2,0.95,115,110,0.02608695652173913,0.02608695652173913,0.06956521739130435,0.12101935892010277,0.2736961397501165,0.1526767808300137,0.02898492970212799,9.44602870230264e-05,0.023194827400008056,0.02898492970212799,0.031810898136782666,0.04152887803681446,0.00017410347011600333,0.000565867481164703,7.964318309297693e-05,0.00047140719414167655,0
16,3,0.95,115,110,0.02608695652173913,0.02608695652173913,0.06956521739130435,0.12101935892010277,0.2736961397501165,0.1526767808300137,0.02898492970212799,9.44602870230264e-05,0.023194827400008056,0.02898492970212799,0.031810898136782666,0.04152887803681446,0.00017410347011600333,0.000565867481164703,7.964318309297693e-05,0.00047140719414167655,0
16,4,0.95,115,110,0.02608695652173913,0.02608695652173913,0.06956521739130435,0.12101935892010277,0.2736961397501165,0.1526767808300137,0.02898492970212799,9.44602870230264e-05,0.023194827400008056,0.02898492970212799,0.031810898136782666,0.04152887803681446,0.00017410347011600333,0.000565867481164703,7.964318309297693e-05,0.00047140719414167655,0
17,0,0.5,143,72,0.055944055944055944,0.02097902097902098,0.5174825174825175,0.1030825063470662,1.8465872832380616,1.7435047768909955,0.02898492970212799,0.0006827486258130644,0.023194827400008056,0.02898492970212799,0.13430940106169628,0.19648846793212538,0.010206108381412365,0.03281440284587964,0.0095233597555993,0.03213165422006657,0
17,1,0.5,143,72,0.055944055944055944,0.03496503496503497,0.5314685314685315,0.15219531696371397,1.8957000938547095,1.7435047768909955,0.02898492970212799,0.0006827486258130644,0.023194827400008056,0.02898492970212799,0.14024512960585417,0.20570486979217464,0.010206108381412365,0.03689040724276926,0.0095233597555993,0.0362076586169562,0
17,2,0.5,143,72,0.055944055944055944,0.04195804195804196,0.5384615384615384,0.17675172227203784,1.9202564991630333,1.7435047768909955,0.02898492970212799,0.0006827486258130644,0.023194827400008056,0.02898492970212799,0.1432018603428108,0.2103037581488919,0.010206108381412365,0.03897546337855895,0.0095233597555993,0.038292714752745885,0
17,3,0.5,143,72,0.055944055944055944,0.027972027972027972,0.5244755244755245,0.1276389116553901,1.8711436885463855,1.7435047768909953,0.02898492970212799,0.0006827486258130644,0.023194827400008056,0.02898492970212799,0.13728112524999653,0.20109996684495315,0.010206108381412365,0.03483639243089709,0.0095233597555993,0.034153643805084025,0
17,4,0.5,143,72,0.055944055944055944,0.027972027972027972,0.5244755244755245,0.1276389116553901,1.8711436885463855,1.7435047768909953,0.02898492970212799,0.0006827486258130644,0.023194827400008056,0.02898492970212799,0.13728112524999653,0.20109996684495315,0.010206108381412365,0.03483639243089709,0.0095233597555993,0.034153643805084025,0
17,0,0.8,143,115,0.055944055944055944,0.03496503496503497,0.23076923076923078,0.15219531696371397,0.8397746655967826,0.6875793486330686,0.02898492970212799,0.0006827486258130644,0.023194827400008056,0.02898492970212799,0.07398085783440782,0.10418269754118044,0.010206108381412365,0.004093550169226705,0.0095233597555993,0.0034108015434136407,1
17,1,0.8,143,115,0.055944055944055944,0.04895104895104895,0.24475524475524477,0.2013081275803617,0.8888874762134303,0.6875793486330686,0.02898492970212799,0.0006827486258130644,0.023194827400008056,0.02898492970212799,0.08045911623339103,0.11396142359739303,0.010206108381412365,0.004964487060390508,0.0095233597555993,0.004281738434577444,1
17,2,0.8,143,115,0.055944055944055944,0.04195804195804196,0.23776223776223776,0.17675172227203784,0.8643310709051065,0.6875793486330687,0.02898492970212799,0.0006827486258130644,0.023194827400008056,0.02898492970212799,0.07723148318166691,0.10908490496539325,0.010206108381412365,0.004520072330806761,0.0095233597555993,0.003837323704993697,1
17,3,0.8,143,115,0.055944055944055944,0.03496503496503497,0.23076923076923078,0.15219531696371397,0.8397746655967826,0.6875793486330686,0.02898492970212799,0.0006827486258130644,0.023194827400008056,0.02898492970212799,0.07398085783440782,0.10418269754118044,0.010206108381412365,0.004093550169226705,0.0095233597555993,0.0034108015434136407,1
17,4,0.8,143,115,0.055944055944055944,0.04895104895104895,0.24475524475524477,0.2013081275803617,0.8888874762134303,0.6875793486330686,0.02898492970212799,0.0006827486258130644,0.023194827400008056,0.02898492970212799,0.08045911623339103,0.11396142359739303,0.010206108381412365,0.004964487060390508,0.0095233597555993,0.004281738434577444,1
17,0,0.95,143,136,0.055944055944055944,0.04195804195804196,0.09090909090909091,0.17675172227203784,0.348646559430305,0.17189483715826714,0.02898492970212799,0.0006827486258130644,0.023194827400008056,0.02898492970212799,0.04158859939454879,0.05588267692353815,0.010206108381412365,0.0009978396117092882,0.0095233597555993,0.0003150909858962238,1
17,1,0.95,143,136,0.055944055944055944,0.055944055944055944,0.1048951048951049,0.2258645328886856,0.3977593700469527,0.17189483715826712,0.02898492970212799,0.0006827486258130644,0.023194827400008056,0.02898492970212799,0.0486883720845077,0.06637636517199791,0.010206108381412365,0.0014967901345493146,0.0095233597555993,0.0008140415087362502,1
17,2,0.95,143,136,0.055944055944055944,0.055944055944055944,0.1048951048951049,0.2258645328886856,0.3977593700469527,0.17189483715826712,0.02898492970212799,0.0006827486258130644,0.023194827400008056,0.02898492970212799,0.0486883720845077,0.06637636517199791,0.010206108381412365,0.0014967901345493146,0.0095233597555993,0.0008140415087362502,1
17,3,0.95,143,136,0.055944055944055944,0.04895104895104895,0.0979020979020979,0.2013081275803617,0.3732029647386289,0.1718948371582672,0.02898492970212799,0.0006827486258130644,0.023194827400008056,0.02898492970212799,0.04516195464767794,0.061157093852743205,0.010206108381412365,0.0012363630546453604,0.0095233597555993,0.000553614428832296,1
17,4,0.95,143,136,0.055944055944055944,0.04895104895104895,0.0979020979020979,0.2013081275803617,0.3732029647386289,0.1718948371582672,0.02898492970212799,0.0006827486258130644,0.023194827400008056,0.02898492970212799,0.04516195464767794,0.061157093852743205,0.010206108381412365,0.0012363630546453604,0.0095233597555993,0.000553614428832296,1
18,0,0.5,102,51,0.0392156862745098,0.029411764705882353,0.5294117647058824,0.13269464216004498,1.8884776217052026,1.7557829795451576,0.02898492970212799,0.00029326535940234157,0.023194827400008056,0.02898492970212799,0.13863329276541325,0.2032000434967086,0.0016782633197535701,0.05542628638037794,0.0013849979603512285,0.0551330210209756,0
18,1,0.5,102,51,0.0392156862745098,0.0196078431372549,0.5196078431372549,0.0982675249140615,1.854050504459219,1.7557829795451576,0.02898492970212799,0.00029326535940234157,0.023194827400008056,0.02898492970212799,0.13446984558500788,0.1967373052777581,0.0016782633197535701,0.05198926399694584,0.0013849979603512285,0.0516959986375435,0
18,2,0.5,102,51,0.0392156862745098,0.0,0.5,0.029413290422094555,1.7851962699672521,1.7557829795451576,0.02898492970212799,0.00029326535940234157,0.023194827400008056,0.02898492970212799,0.12609350848783066,0.1837678580483093,0.0016782633197535701,0.045257994953167346,0.0013849979603512285,0.044964729593765004,0
18,3,0.5,102,51,0.0392156862745098,0.029411764705882353,0.5294117647058824,0.13269464216004498,1.8884776217052026,1.7557829795451576,0.02898492970212799,0.00029326535940234157,0.023194827400008056,0.02898492970212799,0.13863329276541325,0.2032000434967086,0.0016782633197535701,0.05542628638037794,0.0013849979603512285,0.0551330210209756,0
18,4,0.5,102,51,0.0392156862745098,0.00980392156862745,0.5098039215686274,0.06384040766807803,1.8196233872132355,1.7557829795451574,0.02898492970212799,0.00029326535940234157,0.023194827400008056,0.02898492970212799,0.1302903622449711,0.19026048397315343,0.0016782633197535701,0.04859919590509665,0.0013849979603512285,0.048305930545694306,0
18,0,0.8,102,82,0.0392156862745098,0.0392156862745098,0.23529411764705882,0.16712175940602847,0.8556641043256981,0.6885423449196696,0.02898492970212799,0.00029326535940234157,0.023194827400008056,0.02898492970212799,0.07602322997705345,0.10726168922883332,0.0016782633197535701,0.011571831825564538,0.0013849979603512285,0.011278566466162196,0
18,1,0.8,102,82,0.0392156862745098,0.0392156862745098,0.23529411764705882,0.16712175940602847,0.8556641043256981,0.6885423449196696,0.02898492970212799,0.00029326535940234157,0.023194827400008056,0.02898492970212799,0.07602322997705345,0.10726168922883332,0.0016782633197535701,0.011571831825564538,0.0013849979603512285,0.011278566466162196,0
18,2,0.8,102,82,0.0392156862745098,0.0392156862745098,0.23529411764705882,0.16712175940602847,0.8556641043256981,0.6885423449196696,0.02898492970212799,0.00029326535940234157,0.023194827400008056,0.02898492970212799,0.07602322997705345,0.10726168922883332,0.0016782633197535701,0.011571831825564538,0.0013849979603512285,0.011278566466162196,0
18,3,0.8,102,82,0.0392156862745098,0.0392156862745098,0.23529411764705882,0.16712175940602847,0.8556641043256981,0.6885423449196696,0.02898492970212799,0.00029326535940234157,0.023194827400008056,0.02898492970212799,0.07602322997705345,0.10726168922883332,0.0016782633197535701,0.011571831825564538,0.0013849979603512285,0.011278566466162196,0
18,4,0.8,102,82,0.0392156862745098,0.0392156862745098,0.23529411764705882,0.16712175940602847,0.8556641043256981,0.6885423449196696,0.02898492970212799,0.00029326535940234157,0.023194827400008056,0.02898492970212799,0.07602322997705345,0.10726168922883332,0.0016782633197535701,0.011571831825564538,0.0013849979603512285,0.011278566466162196,0
18,0,0.95,102,97,0.0392156862745098,0.0392156862745098,0.08823529411764706,0.16712175940602847,0.3392573456359459,0.17213558622991743,0.02898492970212799,0.00029326535940234157,0.023194827400008056,0.02898492970212799,0.04019116490045365,0.05382404928203377,0.0016782633197535701,0.0009115064380463844,0.0013849979603512285,0.0006182410786440428,1
18,1,0.95,102,97,0.0392156862745098,0.0392156862745098,0.08823529411764706,0.16712175940602847,0.3392573456359459,0.17213558622991743,0.02898492970212799,0.00029326535940234157,0.023194827400008056,0.02898492970212799,0.04019116490045365,0.05382404928203377,0.0016782633197535701,0.0009115064380463844,0.0013849979603512285,0.0006182410786440428,1
18,2,0.95,102,97,0.0392156862745098,0.0392156862745098,0.08823529411764706,0.16712175940602847,0.3392573456359459,0.17213558622991743,0.02898492970212799,0.00029326535940234157,0.023194827400008056,0.02898492970212799,0.04019116490045365,0.05382404928203377,0.0016782633197535701,0.0009115064380463844,0.0013849979603512285,0.0006182410786440428,1
18,3,0.95,102,97,0.0392156862745098,0.0392156862745098,0.08823529411764706,0.16712175940602847,0.3392573456359459,0.17213558622991743,0.02898492970212799,0.00029326535940234157,0.023194827400008056,0.02898492970212799,0.04019116490045365,0.05382404928203377,0.0016782633197535701,0.0009115064380463844,0.0013849979603512285,0.0006182410786440428,1
18,4,0.95,102,97,0.0392156862745098,0.0392156862745098,0.08823529411764706,0.16712175940602847,0.3392573456359459,0.17213558622991743,0.02898492970212799,0.00029326535940234157,0.023194827400008056,0.02898492970212799,0.04019116490045365,0.05382404928203377,0.0016782633197535701,0.0009115064380463844,0.0013849979603512285,0.0006182410786440428,1
19,0,0.5,70,35,0.04285714285714286,0.0,0.5,0.029413290422094555,1.7851962699672521,1.7557829795451576,0.02898492970212799,0.000365618592263585,0.023194827400008056,0.02898492970212799,0.12609350848783066,0.1837678580483093,0.002988623265164164,0.04083081640252417,0.002623004672900579,0.04046519781026059,0
19,1,0.5,70,35,0.04285714285714286,0.02857142857142857,0.5285714285714286,0.12974374639610356,1.8855267259412611,1.7557829795451576,0.02898492970212799,0.000365618592263585,0.023194827400008056,0.02898492970212799,0.13827702217044482,0.2026466047926082,0.002988623265164164,0.0503157131735851,0.002623004672900579,0.04995009458132152,0
19,2,0.5,70,35,0.04285714285714286,0.02857142857142857,0.5285714285714286,0.12974374639610356,1.8855267259412611,1.7557829795451576,0.02898492970212799,0.000365618592263585,0.023194827400008056,0.02898492970212799,0.13827702217044482,0.2026466047926082,0.002988623265164164,0.0503157131735851,0.002623004672900579,0.04995009458132152,0
19,3,0.5,70,35,0.04285714285714286,0.02857142857142857,0.5285714285714286,0.12974374639610356,1.8855267259412611,1.7557829795451576,0.02898492970212799,0.000365618592263585,0.023194827400008056,0.02898492970212799,0.13827702217044482,0.2026466047926082,0.002988623265164164,0.0503157131735851,0.002623004672900579,0.04995009458132152,0
19,4,0.5,70,35,0.04285714285714286,0.014285714285714285,0.5142857142857142,0.07957851840909905,1.8353614979542563,1.7557829795451572,0.02898492970212799,0.000365618592263585,0.023194827400008056,0.02898492970212799,0.13220305640550176,0.19322317188965496,0.002988623265164164,0.045517978149344385,0.002623004672900579,0.0451523595570808,0
19,0,0.8,70,56,0.04285714285714286,0.02857142857142857,0.22857142857142856,0.12974374639610356,0.8320569382141665,0.702313191818063,0.02898492970212799,0.000365618592263585,0.023194827400008056,0.02898492970212799,0.07197200674320423,0.1011578201501877,0.002988623265164164,0.007349515355385083,0.002623004672900579,0.006983896763121498,0
19,1,0.8,70,56,0.04285714285714286,0.04285714285714286,0.24285714285714285,0.17990897438310807,0.8822221662011711,0.7023131918180631,0.02898492970212799,0.000365618592263585,0.023194827400008056,0.02898492970212799,0.07861748762092667,0.11117788597639773,0.002988623265164164,0.010443131062222166,0.002623004672900579,0.010077512469958581,0
19,2,0.8,70,56,0.04285714285714286,0.02857142857142857,0.22857142857142856,0.12974374639610356,0.8320569382141665,0.702313191818063,0.02898492970212799,0.000365618592263585,0.023194827400008056,0.02898492970212799,0.07197200674320423,0.1011578201501877,0.002988623265164164,0.007349515355385083,0.002623004672900579,0.006983896763121498,0
19,3,0.8,70,56,0.04285714285714286,0.02857142857142857,0.22857142857142856,0.12974374639610356,0.8320569382141665,0.702313191818063,0.02898492970212799,0.000365618592263585,0.023194827400008056,0.02898492970212799,0.07197200674320423,0.1011578201501877,0.002988623265164164,0.007349515355385083,0.002623004672900579,0.006983896763121498,0
19,4,0.8,70,56,0.04285714285714286,0.04285714285714286,0.24285714285714285,0.17990897438310807,0.8822221662011711,0.7023131918180631,0.02898492970212799,0.000365618592263585,0.023194827400008056,0.02898492970212799,0.07861748762092667,0.11117788597639773,0.002988623265164164,0.010443131062222166,0.002623004672900579,0.010077512469958581,0
19,0,0.95,70,67,0.04285714285714286,0.04285714285714286,0.08571428571428572,0.17990897438310807,0.3304046583441216,0.1504956839610135,0.02898492970212799,0.000365618592263585,0.023194827400008056,0.02898492970212799,0.0404809074727504,0.05425069293527394,0.002988623265164164,0.000929085720362371,0.002623004672900579,0.0005634671280987859,1
19,1,0.95,70,67,0.04285714285714286,0.02857142857142857,0.07142857142857142,0.12974374639610356,0.280239430357117,0.15049568396101345,0.02898492970212799,0.000365618592263585,0.023194827400008056,0.02898492970212799,0.03297616636354195,0.043233175959778984,0.002988623265164164,0.0005279042207651563,0.002623004672900579,0.00016228562850157128,1
19,2,0.95,70,67,0.04285714285714286,0.04285714285714286,0.08571428571428572,0.17990897438310807,0.3304046583441216,0.1504956839610135,0.02898492970212799,0.000365618592263585,0.023194827400008056,0.02898492970212799,0.0404809074727504,0.05425069293527394,0.002988623265164164,0.000929085720362371,0.002623004672900579,0.0005634671280987859,1
19,3,0.95,70,67,0.04285714285714286,0.04285714285714286,0.08571428571428572,0.17990897438310807,0.3304046583441216,0.1504956839610135,0.02898492970212799,0.000365618592263585,0.023194827400008056,0.02898492970212799,0.0404809074727504,0.05425069293527394,0.002988623265164164,0.000929085720362371,0.002623004672900579,0.0005634671280987859,1
19,4,0.95,70,67,0.04285714285714286,0.04285714285714286,0.08571428571428572,0.17990897438310807,0.3304046583441216,0.1504956839610135,0.02898492970212799,0.000365618592263585,0.023194827400008056,0.02898492970212799,0.0404809074727504,0.05425069293527394,0.002988623265164164,0.000929085720362371,0.002623004672900579,0.0005634671280987859,1
20,0,0.5,94,47,0.0425531914893617,0.010638297872340425,0.5106382978723404,0.06677037509326812,1.8225533546384254,1.7557829795451572,0.02898492970212799,0.00035930627824450853,0.023194827400008056,0.02898492970212799,0.13064671991851656,0.19081229328299387,0.002866504009161691,0.04467962566516856,0.0025071977309171828,0.04432031938692405,0
20,1,0.5,94,47,0.0425531914893617,0.031914893617021274,0.5319148936170213,0.14148454443561523,1.8972675239807726,1.7557829795451574,0.02898492970212799,0.00035930627824450853,0.023194827400008056,0.02898492970212799,0.13969388444889816,0.20484804683695174,0.002866504009161691,0.05184655136854005,0.0025071977309171828,0.05148724509029554,0
20,2,0.5,94,47,0.0425531914893617,0.031914893617021274,0.5319148936170213,0.14148454443561523,1.8972675239807726,1.7557829795451574,0.02898492970212799,0.00035930627824450853,0.023194827400008056,0.02898492970212799,0.13969388444889816,0.20484804683695174,0.002866504009161691,0.05184655136854005,0.0025071977309171828,0.05148724509029554,0
20,3,0.5,94,47,0.0425531914893617,0.0,0.5,0.029413290422094555,1.7851962699672521,1.7557829795451576,0.02898492970212799,0.00035930627824450853,0.023194827400008056,0.02898492970212799,0.12609350848783066,0.1837678580483093,0.002866504009161691,0.04118760788841819,0.0025071977309171828,0.04082830161017368,0
20,4,0.5,94,47,0.0425531914893617,0.031914893617021274,0.5319148936170213,0.14148454443561523,1.8972675239807726,1.7557829795451574,0.02898492970212799,0.00035930627824450853,0.023194827400008056,0.02898492970212799,0.13969388444889816,0.20484804683695174,0.002866504009161691,0.05184655136854005,0.0025071977309171828,0.05148724509029554,0
20,0,0.8,94,76,0.0425531914893617,0.02127659574468085,0.2127659574468085,0.10412745976444168,0.7765549838455659,0.6724275240811242,0.02898492970212799,0.00035930627824450853,0.023194827400008056,0.02898492970212799,0.06652190864391912,0.09296950715746695,0.002866504009161691,0.005262071030168097,0.0025071977309171828,0.004902764751923589,0
20,1,0.8,94,76,0.0425531914893617,0.031914893617021274,0.22340425531914893,0.14148454443561523,0.8139120685167394,0.6724275240811242,0.02898492970212799,0.00035930627824450853,0.023194827400008056,0.02898492970212799,0.07154436235508023,0.10051434732928652,0.002866504009161691,0.007330101318963167,0.0025071977309171828,0.006970795040718659,0
20,2,0.8,94,76,0.0425531914893617,0.031914893617021274,0.22340425531914893,0.14148454443561523,0.8139120685167394,0.6724275240811242,0.02898492970212799,0.00035930627824450853,0.023194827400008056,0.02898492970212799,0.07154436235508023,0.10051434732928652,0.002866504009161691,0.007330101318963167,0.0025071977309171828,0.006970795040718659,0
20,3,0.8,94,76,0.0425531914893617,0.02127659574468085,0.2127659574468085,0.10412745976444168,0.7765549838455659,0.6724275240811242,0.02898492970212799,0.00035930627824450853,0.023194827400008056,0.02898492970212799,0.06652190864391912,0.09296950715746695,0.002866504009161691,0.005262071030168097,0.0025071977309171828,0.004902764751923589,0
20,4,0.8,94,76,0.0425531914893617,0.0425531914893617,0.23404255319148937,0.1788416291067888,0.851269153187913,0.6724275240811242,0.02898492970212799,0.00035930627824450853,0.023194827400008056,0.02898492970212799,0.07650732479612118,0.10799202162980953,0.002866504009161691,0.009607770212896743,0.0025071977309171828,0.009248463934652234,0
20,0,0.95,94,90,0.0425531914893617,0.0425531914893617,0.0851063829787234,0.1788416291067888,0.32826996779148304,0.14942833868469424,0.02898492970212799,0.00035930627824450853,0.023194827400008056,0.02898492970212799,0.04024513248669786,0.053903508556470144,0.002866504009161691,0.0009147680391379061,0.0025071977309171828,0.0005554617608933975,1
20,1,0.95,94,90,0.0425531914893617,0.0425531914893617,0.0851063829787234,0.1788416291067888,0.32826996779148304,0.14942833868469424,0.02898492970212799,0.00035930627824450853,0.023194827400008056,0.02898492970212799,0.04024513248669786,0.053903508556470144,0.002866504009161691,0.0009147680391379061,0.0025071977309171828,0.0005554617608933975,1
20,2,0.95,94,90,0.0425531914893617,0.0425531914893617,0.0851063829787234,0.1788416291067888,0.32826996779148304,0.14942833868469424,0.02898492970212799,0.00035930627824450853,0.023194827400008056,0.02898492970212799,0.04024513248669786,0.053903508556470144,0.002866504009161691,0.0009147680391379061,0.0025071977309171828,0.0005554617608933975,1
20,3,0.95,94,90,0.0425531914893617,0.0425531914893617,0.0851063829787234,0.1788416291067888,0.32826996779148304,0.14942833868469424,0.02898492970212799,0.00035930627824450853,0.023194827400008056,0.02898492970212799,0.04024513248669786,0.053903508556470144,0.002866504009161691,0.0009147680391379061,0.0025071977309171828,0.0005554617608933975,1
20,4,0.95,94,90,0.0425531914893617,0.0425531914893617,0.0851063829787234,0.1788416291067888,0.32826996779148304,0.14942833868469424,0.02898492970212799,0.00035930627824450853,0.023194827400008056,0.02898492970212799,0.04024513248669786,0.053903508556470144,0.002866504009161691,0.0009147680391379061,0.0025071977309171828,0.0005554617608933975,1
21,0,0.5,86,43,0.03488372093023256,0.023255813953488372,0.5232558139534884,0.11107761505210187,1.8668605945972594,1.7557829795451576,0.02898492970212799,0.0002166777555600023,0.023194827400008056,0.02898492970212799,0.13602083959690645,0.19914360093354616,0.0005811708010624028,0.0593689729561257,0.0003644930455024005,0.0591522952005657,0
21,1,0.5,86,43,0.03488372093023256,0.03488372093023256,0.5348837209302325,0.15190977736710554,1.9076927569122628,1.7557829795451574,0.02898492970212799,0.0002166777555600023,0.023194827400008056,0.02898492970212799,0.14095057557831667,0.20680164100368073,0.0005811708010624028,0.06364965061308758,0.0003644930455024005,0.06343297285752758,0
21,2,0.5,86,43,0.03488372093023256,0.023255813953488372,0.5232558139534884,0.11107761505210187,1.8668605945972594,1.7557829795451576,0.02898492970212799,0.0002166777555600023,0.023194827400008056,0.02898492970212799,0.13602083959690645,0.19914360093354616,0.0005811708010624028,0.0593689729561257,0.0003644930455024005,0.0591522952005657,0
21,3,0.5,86,43,0.03488372093023256,0.023255813953488372,0.5232558139534884,0.11107761505210187,1.8668605945972594,1.7557829795451576,0.02898492970212799,0.0002166777555600023,0.023194827400008056,0.02898492970212799,0.13602083959690645,0.19914360093354616,0.0005811708010624028,0.0593689729561257,0.0003644930455024005,0.0591522952005657,0
21,4,0.5,86,43,0.03488372093023256,0.023255813953488372,0.5232558139534884,0.11107761505210187,1.8668605945972594,1.7557829795451576,0.02898492970212799,0.0002166777555600023,0.023194827400008056,0.02898492970212799,0.13602083959690645,0.19914360093354616,0.0005811708010624028,0.0593689729561257,0.0003644930455024005,0.0591522952005657,0
21,0,0.8,86,69,0.03488372093023256,0.023255813953488372,0.22093023255813954,0.11107761505210187,0.8052243744071641,0.6941467593550622,0.02898492970212799,0.0002166777555600023,0.023194827400008056,0.02898492970212799,0.06892413604584986,0.09657531174877554,0.0005811708010624028,0.01089990048162226,0.0003644930455024005,0.010683222726062258,0
21,1,0.8,86,69,0.03488372093023256,0.03488372093023256,0.23255813953488372,0.15190977736710554,0.8460565367221677,0.6941467593550622,0.02898492970212799,0.0002166777555600023,0.023194827400008056,0.02898492970212799,0.07437901746925364,0.10478265949541625,0.0005811708010624028,0.013913838120425903,0.0003644930455024005,0.013697160364865901,0
21,2,0.8,86,69,0.03488372093023256,0.03488372093023256,0.23255813953488372,0.15190977736710554,0.8460565367221677,0.6941467593550622,0.02898492970212799,0.0002166777555600023,0.023194827400008056,0.02898492970212799,0.07437901746925364,0.10478265949541625,0.0005811708010624028,0.013913838120425903,0.0003644930455024005,0.013697160364865901,0
21,3,0.8,86,69,0.03488372093023256,0.011627906976744186,0.20930232558139536,0.07024545273709822,0.7643922120921606,0.6941467593550623,0.02898492970212799,0.0002166777555600023,0.023194827400008056,0.02898492970212799,0.06339431448281244,0.08828297504564613,0.0005811708010624028,0.008102265304062661,0.0003644930455024005,0.00788558754850266,0
21,4,0.8,86,69,0.03488372093023256,0.023255813953488372,0.22093023255813954,0.11107761505210187,0.8052243744071641,0.6941467593550622,0.02898492970212799,0.0002166777555600023,0.023194827400008056,0.02898492970212799,0.06892413604584986,0.09657531174877554,0.0005811708010624028,0.01089990048162226,0.0003644930455024005,0.010683222726062258,0
21,0,0.95,86,82,0.03488372093023256,0.023255813953488372,0.06976744186046512,0.11107761505210187,0.2744062643121165,0.16332864926001464,0.02898492970212799,0.0002166777555600023,0.023194827400008056,0.02898492970212799,0.031103005773238462,0.040494403437213444,0.0005811708010624028,0.0004453368526653358,0.0003644930455024005,0.0002286590971053335,1
21,1,0.95,86,82,0.03488372093023256,0.03488372093023256,0.08139534883720931,0.15190977736710554,0.3152384266271202,0.16332864926001467,0.02898492970212799,0.0002166777555600023,0.023194827400008056,0.02898492970212799,0.037282708734012446,0.049546968484920365,0.0005811708010624028,0.0007443461958649589,0.0003644930455024005,0.0005276684403049566,0
21,2,0.95,86,82,0.03488372093023256,0.03488372093023256,0.08139534883720931,0.15190977736710554,0.3152384266271202,0.16332864926001467,0.02898492970212799,0.0002166777555600023,0.023194827400008056,0.02898492970212799,0.037282708734012446,0.049546968484920365,0.0005811708010624028,0.0007443461958649589,0.0003644930455024005,0.0005276684403049566,0
21,3,0.95,86,82,0.03488372093023256,0.03488372093023256,0.08139534883720931,0.15190977736710554,0.3152384266271202,0.16332864926001467,0.02898492970212799,0.0002166777555600023,0.023194827400008056,0.02898492970212799,0.037282708734012446,0.049546968484920365,0.0005811708010624028,0.0007443461958649589,0.0003644930455024005,0.0005276684403049566,0
21,4,0.95,86,82,0.03488372093023256,0.03488372093023256,0.08139534883720931,0.15190977736710554,0.3152384266271202,0.16332864926001467,0.02898492970212799,0.0002166777555600023,0.023194827400008056,0.02898492970212799,0.037282708734012446,0.049546968484920365,0.0005811708010624028,0.0007443461958649589,0.0003644930455024005,0.0005276684403049566,0
22,0,0.5,78,39,0.10256410256410256,0.07692307692307693,0.5769230769230769,0.2995337488136573,2.0553167283588145,1.7557829795451572,0.02898492970212799,0.002459120292131846,0.023194827400008056,0.02898492970212799,0.15862187747949363,0.23437097568581663,0.058893270778866025,0.022088462465529615,0.056434150486734176,0.01962934217339777,1
22,1,0.5,78,39,0.10256410256410256,0.05128205128205128,0.5512820512820513,0.20949359601646966,1.9652765755616273,1.7557829795451576,0.02898492970212799,0.002459120292131846,0.023194827400008056,0.02898492970212799,0.1478695224031627,0.21757440273473166,0.058893270778866025,0.01900800520767618,0.056434150486734176,0.016548884915544335,1
22,2,0.5,78,39,0.10256410256410256,0.05128205128205128,0.5512820512820513,0.20949359601646966,1.9652765755616273,1.7557829795451576,0.02898492970212799,0.002459120292131846,0.023194827400008056,0.02898492970212799,0.1478695224031627,0.21757440273473166,0.058893270778866025,0.01900800520767618,0.056434150486734176,0.016548884915544335,1
22,3,0.5,78,39,0.10256410256410256,0.038461538461538464,0.5384615384615384,0.16447351961787593,1.9202564991630333,1.7557829795451574,0.02898492970212799,0.002459120292131846,0.023194827400008056,0.02898492970212799,0.14246333574931988,0.20915456880198968,0.058893270778866025,0.017546535317837043,0.056434150486734176,0.015087415025705198,1
22,4,0.5,78,39,0.10256410256410256,0.02564102564102564,0.5256410256410257,0.11945344321928211,1.8752364227644396,1.7557829795451574,0.02898492970212799,0.002459120292131846,0.023194827400008056,0.02898492970212799,0.13703378269319866,0.20071593534873142,0.058893270778866025,0.016137581945342816,0.056434150486734176,0.01367846165321097,1
22,0,0.8,78,63,0.10256410256410256,0.10256410256410256,0.2948717948717949,0.38957390161084476,1.0648750475897515,0.6753011459789067,0.02898492970212799,0.002459120292131846,0.023194827400008056,0.02898492970212799,0.10379810476581537,0.14947295095501814,0.058893270778866025,0.008798084457658877,0.056434150486734176,0.006338964165527031,1
22,1,0.8,78,63,0.10256410256410256,0.07692307692307693,0.2692307692307692,0.2995337488136573,0.9748348947925639,0.6753011459789067,0.02898492970212799,0.002459120292131846,0.023194827400008056,0.02898492970212799,0.09238000704587555,0.13204670443450078,0.058893270778866025,0.006786465560878507,0.056434150486734176,0.004327345268746661,1
22,2,0.8,78,63,0.10256410256410256,0.0641025641025641,0.2564102564102564,0.25451367241506345,0.9298148183939701,0.6753011459789067,0.02898492970212799,0.002459120292131846,0.023194827400008056,0.02898492970212799,0.0865860313232562,0.12324228947084787,0.058893270778866025,0.0058654201938467794,0.056434150486734176,0.0034062999017149334,1
22,3,0.8,78,63,0.10256410256410256,0.0641025641025641,0.2564102564102564,0.25451367241506345,0.9298148183939701,0.6753011459789067,0.02898492970212799,0.002459120292131846,0.023194827400008056,0.02898492970212799,0.0865860313232562,0.12324228947084787,0.058893270778866025,0.0058654201938467794,0.056434150486734176,0.0034062999017149334,1
22,4,0.8,78,63,0.10256410256410256,0.08974358974358974,0.28205128205128205,0.34455382521225103,1.0198549711911578,0.6753011459789067,0.02898492970212799,0.002459120292131846,0.023194827400008056,0.02898492970212799,0.09811547486771945,0.1407879151295303,0.058893270778866025,0.0077643369111636985,0.056434150486734176,0.0053052166190318524,1
22,0,0.95,78,75,0.10256410256410256,0.10256410256410256,0.14102564102564102,0.38957390161084476,0.5246341308066261,0.13506022919578137,0.02898492970212799,0.002459120292131846,0.023194827400008056,0.02898492970212799,0.06878331760710037,0.09636379324228037,0.058893270778866025,0.0034554784288972355,0.056434150486734176,0.0009963581367653895,1
22,1,0.95,78,75,0.10256410256410256,0.10256410256410256,0.14102564102564102,0.38957390161084476,0.5246341308066261,0.13506022919578137,0.02898492970212799,0.002459120292131846,0.023194827400008056,0.02898492970212799,0.06878331760710037,0.09636379324228037,0.058893270778866025,0.0034554784288972355,0.056434150486734176,0.0009963581367653895,1
22,2,0.95,78,75,0.10256410256410256,0.10256410256410256,0.14102564102564102,0.38957390161084476,0.5246341308066261,0.13506022919578137,0.02898492970212799,0.002459120292131846,0.023194827400008056,0.02898492970212799,0.06878331760710037,0.09636379324228037,0.058893270778866025,0.0034554784288972355,0.056434150486734176,0.0009963581367653895,1
22,3,0.95,78,75,0.10256410256410256,0.10256410256410256,0.14102564102564102,0.38957390161084476,0.5246341308066261,0.13506022919578137,0.02898492970212799,0.002459120292131846,0.023194827400008056,0.02898492970212799,0.06878331760710037,0.09636379324228037,0.058893270778866025,0.0034554784288972355,0.056434150486734176,0.0009963581367653895,1
22,4,0.95,78,75,0.10256410256410256,0.10256410256410256,0.14102564102564102,0.38957390161084476,0.5246341308066261,0.13506022919578137,0.02898492970212799,0.002459120292131846,0.023194827400008056,0.02898492970212799,0.06878331760710037,0.09636379324228037,0.058893270778866025,0.0034554784288972355,0.056434150486734176,0.0009963581367653895,1
23,0,0.5,80,40,0.0875,0.025,0.525,0.11720243939935243,1.8729854189445099,1.7557829795451574,0.02898492970212799,0.0017821324177053745,0.023194827400008056,0.02898492970212799,0.13676164365809818,0.20029344740197358,0.03996005525886237,0.01606851430290266,0.038177922841156994,0.014286381885197286,1
23,1,0.5,80,40,0.0875,0.0125,0.5125,0.0733078649107235,1.8290908444558809,1.7557829795451574,0.02898492970212799,0.0017821324177053745,0.023194827400008056,0.02898492970212799,0.13144139388149642,0.19204311084770365,0.03996005525886237,0.014748012147880758,0.038177922841156994,0.012965879730175383,1
23,2,0.5,80,40,0.0875,0.05,0.55,0.20499158837661033,1.9607745679217679,1.7557829795451576,0.02898492970212799,0.0017821324177053745,0.023194827400008056,0.02898492970212799,0.14732988122170648,0.21673316812256926,0.03996005525886237,0.018859496276368008,0.038177922841156994,0.017077363858662632,1
23,3,0.5,80,40,0.0875,0.0125,0.5125,0.0733078649107235,1.8290908444558809,1.7557829795451574,0.02898492970212799,0.0017821324177053745,0.023194827400008056,0.02898492970212799,0.13144139388149642,0.19204311084770365,0.03996005525886237,0.014748012147880758,0.038177922841156994,0.012965879730175383,1
23,4,0.5,80,40,0.0875,0.05,0.55,0.20499158837661033,1.9607745679217679,1.7557829795451576,0.02898492970212799,0.0017821324177053745,0.023194827400008056,0.02898492970212799,0.14732988122170648,0.21673316812256926,0.03996005525886237,0.018859496276368008,0.038177922841156994,0.017077363858662632,1
23,0,0.8,80,64,0.0875,0.0875,0.2875,0.3366753118424971,1.03898850366056,0.7023131918180628,0.02898492970212799,0.0017821324177053745,0.023194827400008056,0.02898492970212799,0.09882858437954778,0.14187648149175314,0.03996005525886237,0.00789051740287444,0.038177922841156994,0.006108384985169066,1
23,1,0.8,80,64,0.0875,0.0625,0.2625,0.24888616286523924,0.9511993546833023,0.7023131918180631,0.02898492970212799,0.0017821324177053745,0.023194827400008056,0.02898492970212799,0.08760447271909304,0.1247879611317197,0.03996005525886237,0.006022454186008456,0.038177922841156994,0.004240321768303082,1
23,2,0.8,80,64,0.0875,0.075,0.275,0.29278073735386817,0.9950939291719313,0.7023131918180632,0.02898492970212799,0.0017821324177053745,0.023194827400008056,0.02898492970212799,0.09324391046142401,0.13336173382658367,0.03996005525886237,0.006929548628909579,0.038177922841156994,0.0051474162112042044,1
23,3,0.8,80,64,0.0875,0.075,0.275,0.29278073735386817,0.9950939291719313,0.7023131918180632,0.02898492970212799,0.0017821324177053745,0.023194827400008056,0.02898492970212799,0.09324391046142401,0.13336173382658367,0.03996005525886237,0.006929548628909579,0.038177922841156994,0.0051474162112042044,1
23,4,0.8,80,64,0.0875,0.05,0.25,0.20499158837661033,0.9073047801946733,0.702313191818063,0.02898492970212799,0.0017821324177053745,0.023194827400008056,0.02898492970212799,0.08190441753191403,0.1161479280881162,0.03996005525886237,0.005170245260603827,0.038177922841156994,0.003388112842898453,1
23,0,0.95,80,76,0.0875,0.0875,0.1375,0.3366753118424971,0.512253609797013,0.17557829795451585,0.02898492970212799,0.0017821324177053745,0.023194827400008056,0.02898492970212799,0.06436782340267556,0.08974073603028142,0.03996005525886237,0.0029558602215445165,0.038177922841156994,0.001173727803839142,1
23,1,0.95,80,76,0.0875,0.0875,0.1375,0.3366753118424971,0.512253609797013,0.17557829795451585,0.02898492970212799,0.0017821324177053745,0.023194827400008056,0.02898492970212799,0.06436782340267556,0.08974073603028142,0.03996005525886237,0.0029558602215445165,0.038177922841156994,0.001173727803839142,1
23,2,0.95,80,76,0.0875,0.0875,0.1375,0.3366753118424971,0.512253609797013,0.17557829795451585,0.02898492970212799,0.0017821324177053745,0.023194827400008056,0.02898492970212799,0.06436782340267556,0.08974073603028142,0.03996005525886237,0.0029558602215445165,0.038177922841156994,0.001173727803839142,1
23,3,0.95,80,76,0.0875,0.0875,0.1375,0.3366753118424971,0.512253609797013,0.17557829795451585,0.02898492970212799,0.0017821324177053745,0.023194827400008056,0.02898492970212799,0.06436782340267556,0.08974073603028142,0.03996005525886237,0.0029558602215445165,0.038177922841156994,0.001173727803839142,1
23,4,0.95,80,76,0.0875,0.0875,0.1375,0.3366753118424971,0.512253609797013,0.17557829795451585,0.02898492970212799,0.0017821324177053745,0.023194827400008056,0.02898492970212799,0.06436782340267556,0.08974073603028142,0.03996005525886237,0.0029558602215445165,0.038177922841156994,0.001173727803839142,1
24,0,0.5,90,45,0.022222222222222223,0.011111111111111112,0.5111111111111111,0.06843068996754251,1.8242136695126998,1.7557829795451574,0.02898492970212799,5.570115196632366e-05,0.023194827400008056,0.02898492970212799,0.1308486004268176,0.19112493484785478,0.00017410347011600333,0.07574924064174025,0.00011840231814967968,0.07569353948977393,0
24,1,0.5,90,45,0.022222222222222223,0.011111111111111112,0.5111111111111111,0.06843068996754251,1.8242136695126998,1.7557829795451574,0.02898492970212799,5.570115196632366e-05,0.023194827400008056,0.02898492970212799,0.1308486004268176,0.19112493484785478,0.00017410347011600333,0.07574924064174025,0.00011840231814967968,0.07569353948977393,0
24,2,0.5,90,45,0.022222222222222223,0.011111111111111112,0.5111111111111111,0.06843068996754251,1.8242136695126998,1.7557829795451574,0.02898492970212799,5.570115196632366e-05,0.023194827400008056,0.02898492970212799,0.1308486004268176,0.19112493484785478,0.00017410347011600333,0.07574924064174025,0.00011840231814967968,0.07569353948977393,0
24,3,0.5,90,45,0.022222222222222223,0.0,0.5,0.029413290422094555,1.7851962699672521,1.7557829795451576,0.02898492970212799,5.570115196632366e-05,0.023194827400008056,0.02898492970212799,0.12609350848783066,0.1837678580483093,0.00017410347011600333,0.07123704196663509,0.00011840231814967968,0.07118134081466877,0
24,4,0.5,90,45,0.022222222222222223,0.0,0.5,0.029413290422094555,1.7851962699672521,1.7557829795451576,0.02898492970212799,5.570115196632366e-05,0.023194827400008056,0.02898492970212799,0.12609350848783066,0.1837678580483093,0.00017410347011600333,0.07123704196663509,0.00011840231814967968,0.07118134081466877,0
24,0,0.8,90,72,0.022222222222222223,0.011111111111111112,0.2111111111111111,0.06843068996754251,0.7707438817856055,0.702313191818063,0.02898492970212799,5.570115196632366e-05,0.023194827400008056,0.02898492970212799,0.06370364090709459,0.08874607184040845,0.00017410347011600333,0.018983722634795155,0.00011840231814967968,0.018928021482828832,0
24,1,0.8,90,72,0.022222222222222223,0.011111111111111112,0.2111111111111111,0.06843068996754251,0.7707438817856055,0.702313191818063,0.02898492970212799,5.570115196632366e-05,0.023194827400008056,0.02898492970212799,0.06370364090709459,0.08874607184040845,0.00017410347011600333,0.018983722634795155,0.00011840231814967968,0.018928021482828832,0
24,2,0.8,90,72,0.022222222222222223,0.022222222222222223,0.2222222222222222,0.10744808951299044,0.8097612813310534,0.702313191818063,0.02898492970212799,5.570115196632366e-05,0.023194827400008056,0.02898492970212799,0.06898514208410123,0.09666695243486871,0.00017410347011600333,0.022744841398779483,0.00011840231814967968,0.02268914024681316,0
24,3,0.8,90,72,0.022222222222222223,0.022222222222222223,0.2222222222222222,0.10744808951299044,0.8097612813310534,0.702313191818063,0.02898492970212799,5.570115196632366e-05,0.023194827400008056,0.02898492970212799,0.06898514208410123,0.09666695243486871,0.00017410347011600333,0.022744841398779483,0.00011840231814967968,0.02268914024681316,0
24,4,0.8,90,72,0.022222222222222223,0.011111111111111112,0.2111111111111111,0.06843068996754251,0.7707438817856055,0.702313191818063,0.02898492970212799,5.570115196632366e-05,0.023194827400008056,0.02898492970212799,0.06370364090709459,0.08874607184040845,0.00017410347011600333,0.018983722634795155,0.00011840231814967968,0.018928021482828832,0
24,0,0.95,90,86,0.022222222222222223,0.022222222222222223,0.06666666666666667,0.10744808951299044,0.26351768769478223,0.15606959818179178,0.02898492970212799,5.570115196632366e-05,0.023194827400008056,0.02898492970212799,0.029984502157412336,0.03886125016994946,0.00017410347011600333,0.0011357470736575864,0.00011840231814967968,0.0010800459216912628,0
24,1,0.95,90,86,0.022222222222222223,0.022222222222222223,0.06666666666666667,0.10744808951299044,0.26351768769478223,0.15606959818179178,0.02898492970212799,5.570115196632366e-05,0.023194827400008056,0.02898492970212799,0.029984502157412336,0.03886125016994946,0.00017410347011600333,0.0011357470736575864,0.00011840231814967968,0.0010800459216912628,0
24,2,0.95,90,86,0.022222222222222223,0.022222222222222223,0.06666666666666667,0.10744808951299044,0.26351768769478223,0.15606959818179178,0.02898492970212799,5.570115196632366e-05,0.023194827400008056,0.02898492970212799,0.029984502157412336,0.03886125016994946,0.00017410347011600333,0.0011357470736575864,0.00011840231814967968,0.0010800459216912628,0
24,3,0.95,90,86,0.022222222222222223,0.011111111111111112,0.05555555555555555,0.06843068996754251,0.22450028814933426,0.15606959818179175,0.02898492970212799,5.570115196632366e-05,0.023194827400008056,0.02898492970212799,0.02385059061128656,0.029935897854965633,0.00017410347011600333,0.00019183886028145943,0.00011840231814967968,0.00013613770831513578,0
24,4,0.95,90,86,0.022222222222222223,0.022222222222222223,0.06666666666666667,0.10744808951299044,0.26351768769478223,0.15606959818179178,0.02898492970212799,5.570115196632366e-05,0.023194827400008056,0.02898492970212799,0.029984502157412336,0.03886125016994946,0.00017410347011600333,0.0011357470736575864,0.00011840231814967968,0.0010800459216912628,0
25,0,0.5,93,47,0.08602150537634409,0.021505376344086023,0.5161290322580645,0.10493083792941317,1.841834430597741,1.7369035926683278,0.02898492970212799,0.001720778370711138,0.023194827400008056,0.02898492970212799,0.13413340229450893,0.19621552549624077,0.03824838660043117,0.015409101565210396,0.03652760822972004,0.013688323194499257,1
25,1,0.5,93,47,0.08602150537634409,0.053763440860215055,0.5483870967741935,0.21820715919039108,1.9551107518587187,1.7369035926683276,0.02898492970212799,0.001720778370711138,0.023194827400008056,0.02898492970212799,0.14778249763612894,0.2174387302498442,0.03824838660043117,0.018984016654849875,0.03652760822972004,0.017263238284138737,1
25,2,0.5,93,47,0.08602150537634409,0.03225806451612903,0.5268817204301075,0.14268961168307245,1.8795932043514003,1.7369035926683278,0.02898492970212799,0.001720778370711138,0.023194827400008056,0.02898492970212799,0.13870032077934374,0.2033041749438851,0.03824838660043117,0.016563772568705976,0.03652760822972004,0.014842994197994838,1
25,3,0.5,93,47,0.08602150537634409,0.03225806451612903,0.5268817204301075,0.14268961168307245,1.8795932043514003,1.7369035926683278,0.02898492970212799,0.001720778370711138,0.023194827400008056,0.02898492970212799,0.13870032077934374,0.2033041749438851,0.03824838660043117,0.016563772568705976,0.03652760822972004,0.014842994197994838,1
25,4,0.5,93,47,0.08602150537634409,0.043010752688172046,0.5376344086021505,0.18044838543673178,1.9173519781050596,1.7369035926683278,0.02898492970212799,0.001720778370711138,0.023194827400008056,0.02898492970212799,0.14324949233625833,0.2103778876086851,0.03824838660043117,0.017755427207870565,0.03652760822972004,0.016034648837159427,1
25,0,0.8,93,75,0.08602150537634409,0.06451612903225806,0.25806451612903225,0.25596593294405035,0.9356238605099177,0.6796579275658674,0.02898492970212799,0.001720778370711138,0.023194827400008056,0.02898492970212799,0.0870556037930796,0.12395484826363429,0.03824838660043117,0.005937566075916063,0.03652760822972004,0.004216787705204925,1
25,1,0.8,93,75,0.08602150537634409,0.08602150537634409,0.27956989247311825,0.331483480451369,1.0111414080172363,0.6796579275658673,0.02898492970212799,0.001720778370711138,0.023194827400008056,0.02898492970212799,0.09673291061396203,0.13867851029415604,0.03824838660043117,0.007522597783569528,0.03652760822972004,0.0058018194128583896,1
25,2,0.8,93,75,0.08602150537634409,0.07526881720430108,0.26881720430107525,0.29372470669770967,0.9733826342635771,0.6796579275658674,0.02898492970212799,0.001720778370711138,0.023194827400008056,0.02898492970212799,0.09191500059731103,0.13133911388963848,0.03824838660043117,0.0067100673228574674,0.03652760822972004,0.004989288952146329,1
25,3,0.8,93,75,0.08602150537634409,0.06451612903225806,0.25806451612903225,0.25596593294405035,0.9356238605099177,0.6796579275658674,0.02898492970212799,0.001720778370711138,0.023194827400008056,0.02898492970212799,0.0870556037930796,0.12395484826363429,0.03824838660043117,0.005937566075916063,0.03652760822972004,0.004216787705204925,1
25,4,0.8,93,75,0.08602150537634409,0.053763440860215055,0.24731182795698925,0.21820715919039108,0.8978650867562584,0.6796579275658674,0.02898492970212799,0.001720778370711138,0.023194827400008056,0.02898492970212799,0.08215091536345573,0.11652101292941947,0.03824838660043117,0.005205754587784553,0.03652760822972004,0.0034849762170734147,1
25,0,0.95,93,89,0.08602150537634409,0.08602150537634409,0.12903225806451613,0.331483480451369,0.4825185754660062,0.1510350950146372,0.02898492970212799,0.001720778370711138,0.023194827400008056,0.02898492970212799,0.06198408342925406,0.08617285991125571,0.03824838660043117,0.002702344929979646,0.03652760822972004,0.000981566559268508,1
25,1,0.95,93,89,0.08602150537634409,0.08602150537634409,0.12903225806451613,0.331483480451369,0.4825185754660062,0.1510350950146372,0.02898492970212799,0.001720778370711138,0.023194827400008056,0.02898492970212799,0.06198408342925406,0.08617285991125571,0.03824838660043117,0.002702344929979646,0.03652760822972004,0.000981566559268508,1
25,2,0.95,93,89,0.08602150537634409,0.08602150537634409,0.12903225806451613,0.331483480451369,0.4825185754660062,0.1510350950146372,0.02898492970212799,0.001720778370711138,0.023194827400008056,0.02898492970212799,0.06198408342925406,0.08617285991125571,0.03824838660043117,0.002702344929979646,0.03652760822972004,0.000981566559268508,1
25,3,0.95,93,89,0.08602150537634409,0.07526881720430108,0.11827956989247312,0.29372470669770967,0.44475980171234686,0.1510350950146372,0.02898492970212799,0.001720778370711138,0.023194827400008056,0.02898492970212799,0.056774795157236914,0.07839508342459203,0.03824838660043117,0.0021878814620014736,0.03652760822972004,0.0004671030912903355,1
25,4,0.95,93,89,0.08602150537634409,0.08602150537634409,0.12903225806451613,0.331483480451369,0.4825185754660062,0.1510350950146372,0.02898492970212799,0.001720778370711138,0.023194827400008056,0.02898492970212799,0.06198408342925406,0.08617285991125571,0.03824838660043117,0.002702344929979646,0.03652760822972004,0.000981566559268508,1
26,0,0.5,95,48,0.11578947368421053,0.08421052631578947,0.5789473684210527,0.32512410802970004,2.062425161474382,1.737301053444682,0.02898492970212799,0.0031288626648599553,0.023194827400008056,0.02898492970212799,0.16056683557389742,0.2374162378647502,0.07756465833327886,0.02267037197473706,0.0744357956684189,0.019541509309877105,1
26,1,0.5,95,48,0.11578947368421053,0.05263157894736842,0.5473684210526316,0.21423255142684797,1.9515336048715302,1.7373010534446822,0.02898492970212799,0.0031288626648599553,0.023194827400008056,0.02898492970212799,0.14732988122170648,0.21673316812256926,0.07756465833327886,0.018859496276368008,0.0744357956684189,0.015730633611508053,1
26,2,0.5,95,48,0.11578947368421053,0.06315789473684211,0.5578947368421052,0.25119640362779866,1.9884974570724807,1.737301053444682,0.02898492970212799,0.0031288626648599553,0.023194827400008056,0.02898492970212799,0.15175461293380857,0.2236357812982149,0.07756465833327886,0.020094370288013884,0.0744357956684189,0.01696550762315393,1
26,3,0.5,95,48,0.11578947368421053,0.042105263157894736,0.5368421052631579,0.1772686992258973,1.9145697526705794,1.737301053444682,0.02898492970212799,0.0031288626648599553,0.023194827400008056,0.02898492970212799,0.1428909551198143,0.20981993096362722,0.07756465833327886,0.0176600059526565,0.0744357956684189,0.014531143287796543,1
26,4,0.5,95,48,0.11578947368421053,0.07368421052631578,0.5684210526315789,0.28816025582874927,2.0254613092734313,1.737301053444682,0.02898492970212799,0.0031288626648599553,0.023194827400008056,0.02898492970212799,0.15616650015880645,0.23052956154753332,0.07756465833327886,0.021364645768674365,0.0744357956684189,0.01823578310381441,1
26,0,0.8,95,76,0.11578947368421053,0.11578947368421053,0.3157894736842105,0.4360156646325521,1.1383288564506149,0.7023131918180627,0.02898492970212799,0.0031288626648599553,0.023194827400008056,0.02898492970212799,0.11129154926815421,0.1609612659775872,0.07756465833327886,0.010259977953142914,0.0744357956684189,0.007131115288282959,1
26,1,0.8,95,76,0.11578947368421053,0.09473684210526316,0.29473684210526313,0.3620879602306507,1.0644011520487136,0.7023131918180628,0.02898492970212799,0.0031288626648599553,0.023194827400008056,0.02898492970212799,0.10203884032395154,0.14678164116544634,0.07756465833327886,0.008471148128177848,0.0744357956684189,0.005342285463317893,1
26,2,0.8,95,76,0.11578947368421053,0.10526315789473684,0.30526315789473685,0.39905181243160137,1.1013650042496645,0.7023131918180632,0.02898492970212799,0.0031288626648599553,0.023194827400008056,0.02898492970212799,0.1066805088614315,0.15388727760949553,0.07756465833327886,0.009347120793705336,0.0744357956684189,0.006218258128845381,1
26,3,0.8,95,76,0.11578947368421053,0.11578947368421053,0.3157894736842105,0.4360156646325521,1.1383288564506149,0.7023131918180627,0.02898492970212799,0.0031288626648599553,0.023194827400008056,0.02898492970212799,0.11129154926815421,0.1609612659775872,0.07756465833327886,0.010259977953142914,0.0744357956684189,0.007131115288282959,1
26,4,0.8,95,76,0.11578947368421053,0.09473684210526316,0.29473684210526313,0.3620879602306507,1.0644011520487136,0.7023131918180628,0.02898492970212799,0.0031288626648599553,0.023194827400008056,0.02898492970212799,0.10203884032395154,0.14678164116544634,0.07756465833327886,0.008471148128177848,0.0744357956684189,0.005342285463317893,1
26,0,0.95,95,91,0.11578947368421053,0.11578947368421053,0.15789473684210525,0.4360156646325521,0.5838710734363548,0.1478554088038027,0.02898492970212799,0.0031288626648599553,0.023194827400008056,0.02898492970212799,0.07583148609533313,0.10697246985362968,0.07756465833327886,0.004333784561520041,0.0744357956684189,0.0012049218966600854,1
26,1,0.95,95,91,0.11578947368421053,0.11578947368421053,0.15789473684210525,0.4360156646325521,0.5838710734363548,0.1478554088038027,0.02898492970212799,0.0031288626648599553,0.023194827400008056,0.02898492970212799,0.07583148609533313,0.10697246985362968,0.07756465833327886,0.004333784561520041,0.0744357956684189,0.0012049218966600854,1
26,2,0.95,95,91,0.11578947368421053,0.10526315789473684,0.14736842105263157,0.39905181243160137,0.546907221235404,0.14785540880380266,0.02898492970212799,0.0031288626648599553,0.023194827400008056,0.02898492970212799,0.07091335280300876,0.09956517202229392,0.07756465833327886,0.0037104365497038143,0.0744357956684189,0.0005815738848438589,1
26,3,0.95,95,91,0.11578947368421053,0.10526315789473684,0.14736842105263157,0.39905181243160137,0.546907221235404,0.14785540880380266,0.02898492970212799,0.0031288626648599553,0.023194827400008056,0.02898492970212799,0.07091335280300876,0.09956517202229392,0.07756465833327886,0.0037104365497038143,0.0744357956684189,0.0005815738848438589,1
26,4,0.95,95,91,0.11578947368421053,0.09473684210526316,0.1368421052631579,0.3620879602306507,0.5099433690344535,0.14785540880380277,0.02898492970212799,0.0031288626648599553,0.023194827400008056,0.02898492970212799,0.06593623749288081,0.09209121051651682,0.07756465833327886,0.003128862664860177,0.0744357956684189,2.216109240560371e-16,1
27,0,0.5,84,42,0.011904761904761904,0.011904761904761904,0.5119047619047619,0.07121764707793163,1.827000626623089,1.7557829795451574,0.02898492970212799,1.4522085994302e-06,0.023194827400008056,0.02898492970212799,0.13118738151987158,0.1916496447737665,0.003414694859397452,0.09855233114776255,0.0034132426507980217,0.09855087893916312,0
27,1,0.5,84,42,0.011904761904761904,0.0,0.5,0.029413290422094555,1.7851962699672521,1.7557829795451576,0.02898492970212799,1.4522085994302e-06,0.023194827400008056,0.02898492970212799,0.12609350848783066,0.1837678580483093,0.003414694859397452,0.09324748105412098,0.0034132426507980217,0.09324602884552155,0
27,2,0.5,84,42,0.011904761904761904,0.011904761904761904,0.5119047619047619,0.07121764707793163,1.827000626623089,1.7557829795451574,0.02898492970212799,1.4522085994302e-06,0.023194827400008056,0.02898492970212799,0.13118738151987158,0.1916496447737665,0.003414694859397452,0.09855233114776255,0.0034132426507980217,0.09855087893916312,0
27,3,0.5,84,42,0.011904761904761904,0.0,0.5,0.029413290422094555,1.7851962699672521,1.7557829795451576,0.02898492970212799,1.4522085994302e-06,0.023194827400008056,0.02898492970212799,0.12609350848783066,0.1837678580483093,0.003414694859397452,0.09324748105412098,0.0034132426507980217,0.09324602884552155,0
27,4,0.5,84,42,0.011904761904761904,0.0,0.5,0.029413290422094555,1.7851962699672521,1.7557829795451576,0.02898492970212799,1.4522085994302e-06,0.023194827400008056,0.02898492970212799,0.12609350848783066,0.1837678580483093,0.003414694859397452,0.09324748105412098,0.0034132426507980217,0.09324602884552155,0
27,0,0.8,84,68,0.011904761904761904,0.011904761904761904,0.20238095238095238,0.07121764707793163,0.7400873535713249,0.6688697064933933,0.02898492970212799,1.4522085994302e-06,0.023194827400008056,0.02898492970212799,0.061799362895412824,0.08589660614387123,0.003414694859397452,0.031591812516464035,0.0034132426507980217,0.03159036030786461,0
27,1,0.8,84,68,0.011904761904761904,0.011904761904761904,0.20238095238095238,0.07121764707793163,0.7400873535713249,0.6688697064933933,0.02898492970212799,1.4522085994302e-06,0.023194827400008056,0.02898492970212799,0.061799362895412824,0.08589660614387123,0.003414694859397452,0.031591812516464035,0.0034132426507980217,0.03159036030786461,0
27,2,0.8,84,68,0.011904761904761904,0.011904761904761904,0.20238095238095238,0.07121764707793163,0.7400873535713249,0.6688697064933933,0.02898492970212799,1.4522085994302e-06,0.023194827400008056,0.02898492970212799,0.061799362895412824,0.08589660614387123,0.003414694859397452,0.031591812516464035,0.0034132426507980217,0.03159036030786461,0
27,3,0.8,84,68,0.011904761904761904,0.011904761904761904,0.20238095238095238,0.07121764707793163,0.7400873535713249,0.6688697064933933,0.02898492970212799,1.4522085994302e-06,0.023194827400008056,0.02898492970212799,0.061799362895412824,0.08589660614387123,0.003414694859397452,0.031591812516464035,0.0034132426507980217,0.03159036030786461,0
27,4,0.8,84,68,0.011904761904761904,0.0,0.19047619047619047,0.029413290422094555,0.6982829969154878,0.6688697064933933,0.02898492970212799,1.4522085994302e-06,0.023194827400008056,0.02898492970212799,0.05602405138357702,0.07727640876468614,0.003414694859397452,0.026696007326731996,0.0034132426507980217,0.026694555118132565,0
27,0,0.95,84,80,0.011904761904761904,0.011904761904761904,0.05952380952380952,0.07121764707793163,0.23843507370127998,0.16721742662334835,0.02898492970212799,1.4522085994302e-06,0.023194827400008056,0.02898492970212799,0.025183791414256324,0.03187123382286082,0.003414694859397452,0.004449278622353531,0.0034132426507980217,0.004447826413754101,0
27,1,0.95,84,80,0.011904761904761904,0.011904761904761904,0.05952380952380952,0.07121764707793163,0.23843507370127998,0.16721742662334835,0.02898492970212799,1.4522085994302e-06,0.023194827400008056,0.02898492970212799,0.025183791414256324,0.03187123382286082,0.003414694859397452,0.004449278622353531,0.0034132426507980217,0.004447826413754101,0
27,2,0.95,84,80,0.011904761904761904,0.011904761904761904,0.05952380952380952,0.07121764707793163,0.23843507370127998,0.16721742662334835,0.02898492970212799,1.4522085994302e-06,0.023194827400008056,0.02898492970212799,0.025183791414256324,0.03187123382286082,0.003414694859397452,0.004449278622353531,0.0034132426507980217,0.004447826413754101,0
27,3,0.95,84,80,0.011904761904761904,0.011904761904761904,0.05952380952380952,0.07121764707793163,0.23843507370127998,0.16721742662334835,0.02898492970212799,1.4522085994302e-06,0.023194827400008056,0.02898492970212799,0.025183791414256324,0.03187123382286082,0.003414694859397452,0.004449278622353531,0.0034132426507980217,0.004447826413754101,0
27,4,0.95,84,80,0.011904761904761904,0.011904761904761904,0.05952380952380952,0.07121764707793163,0.23843507370127998,0.16721742662334835,0.02898492970212799,1.4522085994302e-06,0.023194827400008056,0.02898492970212799,0.025183791414256324,0.03187123382286082,0.003414694859397452,0.004449278622353531,0.0034132426507980217,0.004447826413754101,0
28,0,0.5,76,38,0.06578947368421052,0.02631578947368421,0.5263157894736842,0.12182292092447126,1.8776059004696286,1.7557829795451574,0.02898492970212799,0.0009769967737397825,0.023194827400008056,0.02898492970212799,0.13732017443141453,0.20116059920203103,0.017828511024651272,0.026005985751521188,0.01685151425091149,0.025028988977781406,0
28,1,0.5,76,38,0.06578947368421052,0.02631578947368421,0.5263157894736842,0.12182292092447126,1.8776059004696286,1.7557829795451574,0.02898492970212799,0.0009769967737397825,0.023194827400008056,0.02898492970212799,0.13732017443141453,0.20116059920203103,0.017828511024651272,0.026005985751521188,0.01685151425091149,0.025028988977781406,0
28,2,0.5,76,38,0.06578947368421052,0.039473684210526314,0.5394736842105263,0.1680277361756596,1.9238107157208173,1.7557829795451576,0.02898492970212799,0.0009769967737397825,0.023194827400008056,0.02898492970212799,0.1428909551198143,0.20981993096362722,0.017828511024651272,0.02944202015602254,0.01685151425091149,0.02846502338228276,0
28,3,0.5,76,38,0.06578947368421052,0.05263157894736842,0.5526315789473685,0.21423255142684797,1.9700155309720058,1.7557829795451578,0.02898492970212799,0.0009769967737397825,0.023194827400008056,0.02898492970212799,0.1484373410965052,0.21845974630517184,0.017828511024651272,0.03300163944623685,0.01685151425091149,0.03202464267249707,0
28,4,0.5,76,38,0.06578947368421052,0.039473684210526314,0.5394736842105263,0.1680277361756596,1.9238107157208173,1.7557829795451576,0.02898492970212799,0.0009769967737397825,0.023194827400008056,0.02898492970212799,0.1428909551198143,0.20981993096362722,0.017828511024651272,0.02944202015602254,0.01685151425091149,0.02846502338228276,0
28,0,0.8,76,61,0.06578947368421052,0.05263157894736842,0.25,0.21423255142684797,0.9073047801946733,0.6930722287678254,0.02898492970212799,0.0009769967737397825,0.023194827400008056,0.02898492970212799,0.08250746940736613,0.1170607617460183,0.017828511024651272,0.005257333119860135,0.01685151425091149,0.004280336346120353,1
28,1,0.8,76,61,0.06578947368421052,0.039473684210526314,0.23684210526315788,0.1680277361756596,0.8610999649434848,0.6930722287678253,0.02898492970212799,0.0009769967737397825,0.023194827400008056,0.02898492970212799,0.07644238439761891,0.10789403715709724,0.017828511024651272,0.004414590444440954,0.01685151425091149,0.0034375936707011718,1
28,2,0.8,76,61,0.06578947368421052,0.06578947368421052,0.2631578947368421,0.2604373666780363,0.9535095954458616,0.6930722287678253,0.02898492970212799,0.0009769967737397825,0.023194827400008056,0.02898492970212799,0.08849878090471229,0.12614592318317894,0.017828511024651272,0.006162058603526024,0.01685151425091149,0.005185061829786242,1
28,3,0.8,76,61,0.06578947368421052,0.05263157894736842,0.25,0.21423255142684797,0.9073047801946733,0.6930722287678254,0.02898492970212799,0.0009769967737397825,0.023194827400008056,0.02898492970212799,0.08250746940736613,0.1170607617460183,0.017828511024651272,0.005257333119860135,0.01685151425091149,0.004280336346120353,1
28,4,0.8,76,61,0.06578947368421052,0.039473684210526314,0.23684210526315788,0.1680277361756596,0.8610999649434848,0.6930722287678253,0.02898492970212799,0.0009769967737397825,0.023194827400008056,0.02898492970212799,0.07644238439761891,0.10789403715709724,0.017828511024651272,0.004414590444440954,0.01685151425091149,0.0034375936707011718,1
28,0,0.95,76,73,0.06578947368421052,0.06578947368421052,0.10526315789473684,0.2604373666780363,0.39905181243160137,0.13861444575356507,0.02898492970212799,0.0009769967737397825,0.023194827400008056,0.02898492970212799,0.05123635197905798,0.07015595745686799,0.017828511024651272,0.0017004367245407588,0.01685151425091149,0.0007234399508009763,1
28,1,0.95,76,73,0.06578947368421052,0.06578947368421052,0.10526315789473684,0.2604373666780363,0.39905181243160137,0.13861444575356507,0.02898492970212799,0.0009769967737397825,0.023194827400008056,0.02898492970212799,0.05123635197905798,0.07015595745686799,0.017828511024651272,0.0017004367245407588,0.01685151425091149,0.0007234399508009763,1
28,2,0.95,76,73,0.06578947368421052,0.06578947368421052,0.10526315789473684,0.2604373666780363,0.39905181243160137,0.13861444575356507,0.02898492970212799,0.0009769967737397825,0.023194827400008056,0.02898492970212799,0.05123635197905798,0.07015595745686799,0.017828511024651272,0.0017004367245407588,0.01685151425091149,0.0007234399508009763,1
28,3,0.95,76,73,0.06578947368421052,0.06578947368421052,0.10526315789473684,0.2604373666780363,0.39905181243160137,0.13861444575356507,0.02898492970212799,0.0009769967737397825,0.023194827400008056,0.02898492970212799,0.05123635197905798,0.07015595745686799,0.017828511024651272,0.0017004367245407588,0.01685151425091149,0.0007234399508009763,1
28,4,0.95,76,73,0.06578947368421052,0.06578947368421052,0.10526315789473684,0.2604373666780363,0.39905181243160137,0.13861444575356507,0.02898492970212799,0.0009769967737397825,0.023194827400008056,0.02898492970212799,0.05123635197905798,0.07015595745686799,0.017828511024651272,0.0017004367245407588,0.01685151425091149,0.0007234399508009763,1
29,0,0.5,86,43,0.08139534883720931,0.05813953488372093,0.5581395348837209,0.23357410199711287,1.9893570815422703,1.7557829795451574,0.02898492970212799,0.0015348328636476344,0.023194827400008056,0.02898492970212799,0.15075250419369185,0.222071491391181,0.03307428605130891,0.021949532163609065,0.03153945318766128,0.02041469929996143,1
29,1,0.5,86,43,0.08139534883720931,0.05813953488372093,0.5581395348837209,0.23357410199711287,1.9893570815422703,1.7557829795451574,0.02898492970212799,0.0015348328636476344,0.023194827400008056,0.02898492970212799,0.15075250419369185,0.222071491391181,0.03307428605130891,0.021949532163609065,0.03153945318766128,0.02041469929996143,1
29,2,0.5,86,43,0.08139534883720931,0.03488372093023256,0.5348837209302325,0.15190977736710554,1.9076927569122628,1.7557829795451574,0.02898492970212799,0.0015348328636476344,0.023194827400008056,0.02898492970212799,0.14095057557831667,0.20680164100368073,0.03307428605130891,0.017148053244292423,0.03153945318766128,0.015613220380644789,1
29,3,0.5,86,43,0.08139534883720931,0.05813953488372093,0.5581395348837209,0.23357410199711287,1.9893570815422703,1.7557829795451574,0.02898492970212799,0.0015348328636476344,0.023194827400008056,0.02898492970212799,0.15075250419369185,0.222071491391181,0.03307428605130891,0.021949532163609065,0.03153945318766128,0.02041469929996143,1
29,4,0.5,86,43,0.08139534883720931,0.03488372093023256,0.5348837209302325,0.15190977736710554,1.9076927569122628,1.7557829795451574,0.02898492970212799,0.0015348328636476344,0.023194827400008056,0.02898492970212799,0.14095057557831667,0.20680164100368073,0.03307428605130891,0.017148053244292423,0.03153945318766128,0.015613220380644789,1
29,0,0.8,86,69,0.08139534883720931,0.046511627906976744,0.2441860465116279,0.1927419396821092,0.8868886990371714,0.6941467593550622,0.02898492970212799,0.0015348328636476344,0.023194827400008056,0.02898492970212799,0.07976667054187755,0.11291448728764929,0.03307428605130891,0.004867388318498886,0.03153945318766128,0.003332555454851252,1
29,1,0.8,86,69,0.08139534883720931,0.08139534883720931,0.27906976744186046,0.3152384266271202,1.0093851859821825,0.6941467593550623,0.02898492970212799,0.0015348328636476344,0.023194827400008056,0.02898492970212799,0.09558803364117721,0.1369328437437257,0.03307428605130891,0.007325311502563283,0.03153945318766128,0.005790478638915649,1
29,2,0.8,86,69,0.08139534883720931,0.05813953488372093,0.2558139534883721,0.23357410199711287,0.9277208613521752,0.6941467593550623,0.02898492970212799,0.0015348328636476344,0.023194827400008056,0.02898492970212799,0.08509369399563799,0.12097890605616873,0.03307428605130891,0.005639062877910517,0.03153945318766128,0.004104230014262883,1
29,3,0.8,86,69,0.08139534883720931,0.06976744186046512,0.26744186046511625,0.2744062643121165,0.9685530236671787,0.6941467593550621,0.02898492970212799,0.0015348328636476344,0.023194827400008056,0.02898492970212799,0.09036580917592704,0.128982960570121,0.03307428605130891,0.00645866328450152,0.03153945318766128,0.004923830420853886,1
29,4,0.8,86,69,0.08139534883720931,0.06976744186046512,0.26744186046511625,0.2744062643121165,0.9685530236671787,0.6941467593550621,0.02898492970212799,0.0015348328636476344,0.023194827400008056,0.02898492970212799,0.09036580917592704,0.128982960570121,0.03307428605130891,0.00645866328450152,0.03153945318766128,0.004923830420853886,1
29,0,0.95,86,82,0.08139534883720931,0.08139534883720931,0.12790697674418605,0.3152384266271202,0.4785670758871349,0.16332864926001467,0.02898492970212799,0.0015348328636476344,0.023194827400008056,0.02898492970212799,0.06059850859383524,0.08410150813996946,0.03307428605130891,0.0025602090719204183,0.03153945318766128,0.001025376208272784,1
29,1,0.95,86,82,0.08139534883720931,0.08139534883720931,0.12790697674418605,0.3152384266271202,0.4785670758871349,0.16332864926001467,0.02898492970212799,0.0015348328636476344,0.023194827400008056,0.02898492970212799,0.06059850859383524,0.08410150813996946,0.03307428605130891,0.0025602090719204183,0.03153945318766128,0.001025376208272784,1
29,2,0.95,86,82,0.08139534883720931,0.08139534883720931,0.12790697674418605,0.3152384266271202,0.4785670758871349,0.16332864926001467,0.02898492970212799,0.0015348328636476344,0.023194827400008056,0.02898492970212799,0.06059850859383524,0.08410150813996946,0.03307428605130891,0.0025602090719204183,0.03153945318766128,0.001025376208272784,1
29,3,0.95,86,82,0.08139534883720931,0.08139534883720931,0.12790697674418605,0.3152384266271202,0.4785670758871349,0.16332864926001467,0.02898492970212799,0.0015348328636476344,0.023194827400008056,0.02898492970212799,0.06059850859383524,0.08410150813996946,0.03307428605130891,0.0025602090719204183,0.03153945318766128,0.001025376208272784,1
29,4,0.95,86,82,0.08139534883720931,0.08139534883720931,0.12790697674418605,0.3152384266271202,0.4785670758871349,0.16332864926001467,0.02898492970212799,0.0015348328636476344,0.023194827400008056,0.02898492970212799,0.06059850859383524,0.08410150813996946,0.03307428605130891,0.0025602090719204183,0.03153945318766128,0.001025376208272784,1
30,0,0.5,96,48,0.0625,0.041666666666666664,0.5416666666666666,0.17572853871752434,1.9315115182626816,1.7557829795451574,0.02898492970212799,0.0008735654893375263,0.023194827400008056,0.02898492970212799,0.1438169705797508,0.21126115540086587,0.015094504158779942,0.03297586752511322,0.014220938669442415,0.032102302035775694,0
30,1,0.5,96,48,0.0625,0.03125,0.53125,0.1391497266436669,1.8949327061888244,1.7557829795451574,0.02898492970212799,0.0008735654893375263,0.023194827400008056,0.02898492970212799,0.13941225752113895,0.20441037351865168,0.015094504158779942,0.030109302484695732,0.014220938669442415,0.029235736995358207,0
30,2,0.5,96,48,0.0625,0.041666666666666664,0.5416666666666666,0.17572853871752434,1.9315115182626816,1.7557829795451574,0.02898492970212799,0.0008735654893375263,0.023194827400008056,0.02898492970212799,0.1438169705797508,0.21126115540086587,0.015094504158779942,0.03297586752511322,0.014220938669442415,0.032102302035775694,0
30,3,0.5,96,48,0.0625,0.020833333333333332,0.5208333333333334,0.10257091456980945,1.8583538941149669,1.7557829795451574,0.02898492970212799,0.0008735654893375263,0.023194827400008056,0.02898492970212799,0.13499112689596715,0.19754588333551548,0.015094504158779942,0.027319525173998715,0.014220938669442415,0.02644595968466119,0
30,4,0.5,96,48,0.0625,0.010416666666666666,0.5104166666666666,0.065992102495952,1.8217750820411092,1.7557829795451572,0.02898492970212799,0.0008735654893375263,0.023194827400008056,0.02898492970212799,0.1305520746305628,0.1906657300336384,0.015094504158779942,0.0246105695418532,0.014220938669442415,0.023737004052515675,0
30,0,0.8,96,77,0.0625,0.0625,0.2604166666666667,0.24888616286523924,0.9438835922685308,0.6949974294032916,0.02898492970212799,0.0008735654893375263,0.023194827400008056,0.02898492970212799,0.08713186970737709,0.124070595704552,0.015094504158779942,0.005949325324555796,0.014220938669442415,0.00507575983521827,1
30,1,0.8,96,77,0.0625,0.052083333333333336,0.25,0.2123073507913818,0.9073047801946733,0.6949974294032915,0.02898492970212799,0.0008735654893375263,0.023194827400008056,0.02898492970212799,0.08238189462502954,0.11687065556109857,0.015094504158779942,0.005239138669508881,0.014220938669442415,0.004365573180171355,1
30,2,0.8,96,77,0.0625,0.041666666666666664,0.23958333333333334,0.17572853871752434,0.8707259681208158,0.6949974294032915,0.02898492970212799,0.0008735654893375263,0.023194827400008056,0.02898492970212799,0.0775855998246481,0.10961949393983299,0.015094504158779942,0.004567813303657475,0.014220938669442415,0.003694247814319948,1
30,3,0.8,96,77,0.0625,0.041666666666666664,0.23958333333333334,0.17572853871752434,0.8707259681208158,0.6949974294032915,0.02898492970212799,0.0008735654893375263,0.023194827400008056,0.02898492970212799,0.0775855998246481,0.10961949393983299,0.015094504158779942,0.004567813303657475,0.014220938669442415,0.003694247814319948,1
30,4,0.8,96,77,0.0625,0.0625,0.2604166666666667,0.24888616286523924,0.9438835922685308,0.6949974294032916,0.02898492970212799,0.0008735654893375263,0.023194827400008056,0.02898492970212799,0.08713186970737709,0.124070595704552,0.015094504158779942,0.005949325324555796,0.014220938669442415,0.00507575983521827,1
30,0,0.95,96,92,0.0625,0.0625,0.10416666666666667,0.24888616286523924,0.39520141116066904,0.1463152482954298,0.02898492970212799,0.0008735654893375263,0.023194827400008056,0.02898492970212799,0.05014487295923647,0.0685360377785214,0.015094504158779942,0.0016116108249132352,0.014220938669442415,0.0007380453355757089,1
30,1,0.95,96,92,0.0625,0.0625,0.10416666666666667,0.24888616286523924,0.39520141116066904,0.1463152482954298,0.02898492970212799,0.0008735654893375263,0.023194827400008056,0.02898492970212799,0.05014487295923647,0.0685360377785214,0.015094504158779942,0.0016116108249132352,0.014220938669442415,0.0007380453355757089,1
30,2,0.95,96,92,0.0625,0.0625,0.10416666666666667,0.24888616286523924,0.39520141116066904,0.1463152482954298,0.02898492970212799,0.0008735654893375263,0.023194827400008056,0.02898492970212799,0.05014487295923647,0.0685360377785214,0.015094504158779942,0.0016116108249132352,0.014220938669442415,0.0007380453355757089,1
30,3,0.95,96,92,0.0625,0.0625,0.10416666666666667,0.24888616286523924,0.39520141116066904,0.1463152482954298,0.02898492970212799,0.0008735654893375263,0.023194827400008056,0.02898492970212799,0.05014487295923647,0.0685360377785214,0.015094504158779942,0.0016116108249132352,0.014220938669442415,0.0007380453355757089,1
30,4,0.95,96,92,0.0625,0.0625,0.10416666666666667,0.24888616286523924,0.39520141116066904,0.1463152482954298,0.02898492970212799,0.0008735654893375263,0.023194827400008056,0.02898492970212799,0.05014487295923647,0.0685360377785214,0.015094504158779942,0.0016116108249132352,0.014220938669442415,0.0007380453355757089,1
31,0,0.5,84,42,0.03571428571428571,0.011904761904761904,0.5119047619047619,0.07121764707793163,1.827000626623089,1.7557829795451574,0.02898492970212799,0.00023054752171164405,0.023194827400008056,0.02898492970212799,0.13118738151987158,0.1916496447737665,0.000750256718576342,0.054069587155857246,0.000519709196864698,0.0538390396341456,0
31,1,0.5,84,42,0.03571428571428571,0.011904761904761904,0.5119047619047619,0.07121764707793163,1.827000626623089,1.7557829795451574,0.02898492970212799,0.00023054752171164405,0.023194827400008056,0.02898492970212799,0.13118738151987158,0.1916496447737665,0.000750256718576342,0.054069587155857246,0.000519709196864698,0.0538390396341456,0
31,2,0.5,84,42,0.03571428571428571,0.023809523809523808,0.5238095238095238,0.11302200373376872,1.8688049832789262,1.7557829795451574,0.02898492970212799,0.00023054752171164405,0.023194827400008056,0.02898492970212799,0.13625606847964847,0.19950867726275756,0.000750256718576342,0.05835783947116199,0.000519709196864698,0.05812729194945035,0
31,3,0.5,84,42,0.03571428571428571,0.011904761904761904,0.5119047619047619,0.07121764707793163,1.827000626623089,1.7557829795451574,0.02898492970212799,0.00023054752171164405,0.023194827400008056,0.02898492970212799,0.13118738151987158,0.1916496447737665,0.000750256718576342,0.054069587155857246,0.000519709196864698,0.0538390396341456,0
31,4,0.5,84,42,0.03571428571428571,0.011904761904761904,0.5119047619047619,0.07121764707793163,1.827000626623089,1.7557829795451574,0.02898492970212799,0.00023054752171164405,0.023194827400008056,0.02898492970212799,0.13118738151987158,0.1916496447737665,0.000750256718576342,0.054069587155857246,0.000519709196864698,0.0538390396341456,0
31,0,0.8,84,68,0.03571428571428571,0.03571428571428571,0.2261904761904762,0.1548263603896058,0.8236960668829991,0.6688697064933933,0.02898492970212799,0.00023054752171164405,0.023194827400008056,0.02898492970212799,0.07308660226176614,0.10283570848077074,0.000750256718576342,0.012541002924021077,0.000519709196864698,0.012310455402309434,0
31,1,0.8,84,68,0.03571428571428571,0.03571428571428571,0.2261904761904762,0.1548263603896058,0.8236960668829991,0.6688697064933933,0.02898492970212799,0.00023054752171164405,0.023194827400008056,0.02898492970212799,0.07308660226176614,0.10283570848077074,0.000750256718576342,0.012541002924021077,0.000519709196864698,0.012310455402309434,0
31,2,0.8,84,68,0.03571428571428571,0.03571428571428571,0.2261904761904762,0.1548263603896058,0.8236960668829991,0.6688697064933933,0.02898492970212799,0.00023054752171164405,0.023194827400008056,0.02898492970212799,0.07308660226176614,0.10283570848077074,0.000750256718576342,0.012541002924021077,0.000519709196864698,0.012310455402309434,0
31,3,0.8,84,68,0.03571428571428571,0.03571428571428571,0.2261904761904762,0.1548263603896058,0.8236960668829991,0.6688697064933933,0.02898492970212799,0.00023054752171164405,0.023194827400008056,0.02898492970212799,0.07308660226176614,0.10283570848077074,0.000750256718576342,0.012541002924021077,0.000519709196864698,0.012310455402309434,0
31,4,0.8,84,68,0.03571428571428571,0.023809523809523808,0.21428571428571427,0.11302200373376872,0.781891710227162,0.6688697064933933,0.02898492970212799,0.00023054752171164405,0.023194827400008056,0.02898492970212799,0.0674834363501026,0.09441214559720933,0.000750256718576342,0.009578144667485883,0.000519709196864698,0.009347597145774239,0
31,0,0.95,84,80,0.03571428571428571,0.03571428571428571,0.08333333333333333,0.1548263603896058,0.3220437870129541,0.16721742662334832,0.02898492970212799,0.00023054752171164405,0.023194827400008056,0.02898492970212799,0.03800684258475768,0.050610895028639316,0.000750256718576342,0.000784383231567396,0.000519709196864698,0.000553835709855752,0
31,1,0.95,84,80,0.03571428571428571,0.03571428571428571,0.08333333333333333,0.1548263603896058,0.3220437870129541,0.16721742662334832,0.02898492970212799,0.00023054752171164405,0.023194827400008056,0.02898492970212799,0.03800684258475768,0.050610895028639316,0.000750256718576342,0.000784383231567396,0.000519709196864698,0.000553835709855752,0
31,2,0.95,84,80,0.03571428571428571,0.03571428571428571,0.08333333333333333,0.1548263603896058,0.3220437870129541,0.16721742662334832,0.02898492970212799,0.00023054752171164405,0.023194827400008056,0.02898492970212799,0.03800684258475768,0.050610895028639316,0.000750256718576342,0.000784383231567396,0.000519709196864698,0.000553835709855752,0
31,3,0.95,84,80,0.03571428571428571,0.03571428571428571,0.08333333333333333,0.1548263603896058,0.3220437870129541,0.16721742662334832,0.02898492970212799,0.00023054752171164405,0.023194827400008056,0.02898492970212799,0.03800684258475768,0.050610895028639316,0.000750256718576342,0.000784383231567396,0.000519709196864698,0.000553835709855752,0
31,4,0.95,84,80,0.03571428571428571,0.03571428571428571,0.08333333333333333,0.1548263603896058,0.3220437870129541,0.16721742662334832,0.02898492970212799,0.00023054752171164405,0.023194827400008056,0.02898492970212799,0.03800684258475768,0.050610895028639316,0.000750256718576342,0.000784383231567396,0.000519709196864698,0.000553835709855752,0
32,0,0.5,91,46,0.0,0.0,0.4945054945054945,0.029413290422094555,1.765901951510712,1.7364886610886174,0.02898492970212799,0.0,0.023194827400008056,0.02898492970212799,0.12491416069985103,0.1819454162255996,0.013417724891624348,0.12338295952540022,0.013417724891624348,0.12338295952540022,0
32,1,0.5,91,46,0.0,0.0,0.4945054945054945,0.029413290422094555,1.765901951510712,1.7364886610886174,0.02898492970212799,0.0,0.023194827400008056,0.02898492970212799,0.12491416069985103,0.1819454162255996,0.013417724891624348,0.12338295952540022,0.013417724891624348,0.12338295952540022,0
32,2,0.5,91,46,0.0,0.0,0.4945054945054945,0.029413290422094555,1.765901951510712,1.7364886610886174,0.02898492970212799,0.0,0.023194827400008056,0.02898492970212799,0.12491416069985103,0.1819454162255996,0.013417724891624348,0.12338295952540022,0.013417724891624348,0.12338295952540022,0
32,3,0.5,91,46,0.0,0.0,0.4945054945054945,0.029413290422094555,1.765901951510712,1.7364886610886174,0.02898492970212799,0.0,0.023194827400008056,0.02898492970212799,0.12491416069985103,0.1819454162255996,0.013417724891624348,0.12338295952540022,0.013417724891624348,0.12338295952540022,0
32,4,0.5,91,46,0.0,0.0,0.4945054945054945,0.029413290422094555,1.765901951510712,1.7364886610886174,0.02898492970212799,0.0,0.023194827400008056,0.02898492970212799,0.12491416069985103,0.1819454162255996,0.013417724891624348,0.12338295952540022,0.013417724891624348,0.12338295952540022,0
32,0,0.8,91,73,0.0,0.0,0.1978021978021978,0.029413290422094555,0.7240087548575415,0.694595464435447,0.02898492970212799,0.0,0.023194827400008056,0.02898492970212799,0.05781149361049044,0.07994079070869999,0.013417724891624348,0.04949957563216477,0.013417724891624348,0.04949957563216477,0
32,1,0.8,91,73,0.0,0.0,0.1978021978021978,0.029413290422094555,0.7240087548575415,0.694595464435447,0.02898492970212799,0.0,0.023194827400008056,0.02898492970212799,0.05781149361049044,0.07994079070869999,0.013417724891624348,0.04949957563216477,0.013417724891624348,0.04949957563216477,0
32,2,0.8,91,73,0.0,0.0,0.1978021978021978,0.029413290422094555,0.7240087548575415,0.694595464435447,0.02898492970212799,0.0,0.023194827400008056,0.02898492970212799,0.05781149361049044,0.07994079070869999,0.013417724891624348,0.04949957563216477,0.013417724891624348,0.04949957563216477,0
32,3,0.8,91,73,0.0,0.0,0.1978021978021978,0.029413290422094555,0.7240087548575415,0.694595464435447,0.02898492970212799,0.0,0.023194827400008056,0.02898492970212799,0.05781149361049044,0.07994079070869999,0.013417724891624348,0.04949957563216477,0.013417724891624348,0.04949957563216477,0
32,4,0.8,91,73,0.0,0.0,0.1978021978021978,0.029413290422094555,0.7240087548575415,0.694595464435447,0.02898492970212799,0.0,0.023194827400008056,0.02898492970212799,0.05781149361049044,0.07994079070869999,0.013417724891624348,0.04949957563216477,0.013417724891624348,0.04949957563216477,0
32,0,0.95,91,87,0.0,0.0,0.04395604395604396,0.029413290422094555,0.1837678380744161,0.15435454765232154,0.02898492970212799,0.0,0.023194827400008056,0.02898492970212799,0.017319399346918785,0.020494407494296596,0.013417724891624348,0.007420798818971475,0.013417724891624348,0.007420798818971475,1
32,1,0.95,91,87,0.0,0.0,0.04395604395604396,0.029413290422094555,0.1837678380744161,0.15435454765232154,0.02898492970212799,0.0,0.023194827400008056,0.02898492970212799,0.017319399346918785,0.020494407494296596,0.013417724891624348,0.007420798818971475,0.013417724891624348,0.007420798818971475,1
32,2,0.95,91,87,0.0,0.0,0.04395604395604396,0.029413290422094555,0.1837678380744161,0.15435454765232154,0.02898492970212799,0.0,0.023194827400008056,0.02898492970212799,0.017319399346918785,0.020494407494296596,0.013417724891624348,0.007420798818971475,0.013417724891624348,0.007420798818971475,1
32,3,0.95,91,87,0.0,0.0,0.04395604395604396,0.029413290422094555,0.1837678380744161,0.15435454765232154,0.02898492970212799,0.0,0.023194827400008056,0.02898492970212799,0.017319399346918785,0.020494407494296596,0.013417724891624348,0.007420798818971475,0.013417724891624348,0.007420798818971475,1
32,4,0.95,91,87,0.0,0.0,0.04395604395604396,0.029413290422094555,0.1837678380744161,0.15435454765232154,0.02898492970212799,0.0,0.023194827400008056,0.02898492970212799,0.017319399346918785,0.020494407494296596,0.013417724891624348,0.007420798818971475,0.013417724891624348,0.007420798818971475,1
33,0,0.5,76,38,0.039473684210526314,0.039473684210526314,0.5394736842105263,0.1680277361756596,1.9238107157208173,1.7557829795451576,0.02898492970212799,0.0002981548155504907,0.023194827400008056,0.02898492970212799,0.1428909551198143,0.20981993096362722,0.0017598704924453867,0.05863871110047841,0.001461715676894896,0.05834055628492792,0
33,1,0.5,76,38,0.039473684210526314,0.0,0.5,0.029413290422094555,1.7851962699672521,1.7557829795451576,0.02898492970212799,0.0002981548155504907,0.023194827400008056,0.02898492970212799,0.12609350848783066,0.1837678580483093,0.0017598704924453867,0.04493309636196871,0.001461715676894896,0.04463494154641822,0
33,2,0.5,76,38,0.039473684210526314,0.02631578947368421,0.5263157894736842,0.12182292092447126,1.8776059004696286,1.7557829795451574,0.02898492970212799,0.0002981548155504907,0.023194827400008056,0.02898492970212799,0.13732017443141453,0.20116059920203103,0.0017598704924453867,0.05398570251792978,0.001461715676894896,0.05368754770237929,0
33,3,0.5,76,38,0.039473684210526314,0.02631578947368421,0.5263157894736842,0.12182292092447126,1.8776059004696286,1.7557829795451574,0.02898492970212799,0.0002981548155504907,0.023194827400008056,0.02898492970212799,0.13732017443141453,0.20116059920203103,0.0017598704924453867,0.05398570251792978,0.001461715676894896,0.05368754770237929,0
33,4,0.5,76,38,0.039473684210526314,0.039473684210526314,0.5394736842105263,0.1680277361756596,1.9238107157208173,1.7557829795451576,0.02898492970212799,0.0002981548155504907,0.023194827400008056,0.02898492970212799,0.1428909551198143,0.20981993096362722,0.0017598704924453867,0.05863871110047841,0.001461715676894896,0.05834055628492792,0
33,0,0.8,76,61,0.039473684210526314,0.039473684210526314,0.23684210526315788,0.1680277361756596,0.8610999649434848,0.6930722287678253,0.02898492970212799,0.0002981548155504907,0.023194827400008056,0.02898492970212799,0.07644238439761891,0.10789403715709724,0.0017598704924453867,0.011610643378842739,0.001461715676894896,0.011312488563292249,0
33,1,0.8,76,61,0.039473684210526314,0.02631578947368421,0.2236842105263158,0.12182292092447126,0.8148951496922966,0.6930722287678254,0.02898492970212799,0.0002981548155504907,0.023194827400008056,0.02898492970212799,0.07029455909062092,0.09863471997470258,0.0017598704924453867,0.00854750511301594,0.001461715676894896,0.00824935029746545,0
33,2,0.8,76,61,0.039473684210526314,0.039473684210526314,0.23684210526315788,0.1680277361756596,0.8610999649434848,0.6930722287678253,0.02898492970212799,0.0002981548155504907,0.023194827400008056,0.02898492970212799,0.07644238439761891,0.10789403715709724,0.0017598704924453867,0.011610643378842739,0.001461715676894896,0.011312488563292249,0
33,3,0.8,76,61,0.039473684210526314,0.039473684210526314,0.23684210526315788,0.1680277361756596,0.8610999649434848,0.6930722287678253,0.02898492970212799,0.0002981548155504907,0.023194827400008056,0.02898492970212799,0.07644238439761891,0.10789403715709724,0.0017598704924453867,0.011610643378842739,0.001461715676894896,0.011312488563292249,0
33,4,0.8,76,61,0.039473684210526314,0.02631578947368421,0.2236842105263158,0.12182292092447126,0.8148951496922966,0.6930722287678254,0.02898492970212799,0.0002981548155504907,0.023194827400008056,0.02898492970212799,0.07029455909062092,0.09863471997470258,0.0017598704924453867,0.00854750511301594,0.001461715676894896,0.00824935029746545,0
33,0,0.95,76,73,0.039473684210526314,0.039473684210526314,0.07894736842105263,0.1680277361756596,0.30664218192922466,0.13861444575356505,0.02898492970212799,0.0002981548155504907,0.023194827400008056,0.02898492970212799,0.03784315936576939,0.0503703488127677,0.0017598704924453867,0.0007752415234676315,0.001461715676894896,0.0004770867079171408,1
33,1,0.95,76,73,0.039473684210526314,0.039473684210526314,0.07894736842105263,0.1680277361756596,0.30664218192922466,0.13861444575356505,0.02898492970212799,0.0002981548155504907,0.023194827400008056,0.02898492970212799,0.03784315936576939,0.0503703488127677,0.0017598704924453867,0.0007752415234676315,0.001461715676894896,0.0004770867079171408,1
33,2,0.95,76,73,0.039473684210526314,0.039473684210526314,0.07894736842105263,0.1680277361756596,0.30664218192922466,0.13861444575356505,0.02898492970212799,0.0002981548155504907,0.023194827400008056,0.02898492970212799,0.03784315936576939,0.0503703488127677,0.0017598704924453867,0.0007752415234676315,0.001461715676894896,0.0004770867079171408,1
33,3,0.95,76,73,0.039473684210526314,0.039473684210526314,0.07894736842105263,0.1680277361756596,0.30664218192922466,0.13861444575356505,0.02898492970212799,0.0002981548155504907,0.023194827400008056,0.02898492970212799,0.03784315936576939,0.0503703488127677,0.0017598704924453867,0.0007752415234676315,0.001461715676894896,0.0004770867079171408,1
33,4,0.95,76,73,0.039473684210526314,0.02631578947368421,0.06578947368421052,0.12182292092447126,0.2604373666780363,0.13861444575356502,0.02898492970212799,0.0002981548155504907,0.023194827400008056,0.02898492970212799,0.030855213405587653,0.04013245112267351,0.0017598704924453867,0.0004349399261926029,0.001461715676894896,0.00013678511064211217,1
34,0,0.5,165,83,0.05454545454545454,0.006060606060606061,0.503030303030303,0.05069550835597525,1.7958373789341926,1.7451418705782173,0.02898492970212799,0.0006447365575099792,0.023194827400008056,0.02898492970212799,0.12804157036123792,0.186780153816911,0.009265707180705407,0.029965262397588205,0.008620970623195428,0.029320525840078226,0
34,1,0.5,165,83,0.05454545454545454,0.01818181818181818,0.5151515151515151,0.09325994422373665,1.8384018148019536,1.745141870578217,0.02898492970212799,0.0006447365575099792,0.023194827400008056,0.02898492970212799,0.13321774365660705,0.1947958142957449,0.009265707180705407,0.03343281732646233,0.008620970623195428,0.03278808076895235,0
34,2,0.5,165,83,0.05454545454545454,0.024242424242424242,0.5212121212121212,0.11454216215761734,1.8596840327358344,1.7451418705782171,0.02898492970212799,0.0006447365575099792,0.023194827400008056,0.02898492970212799,0.13579625666109682,0.19879507894362727,0.009265707180705407,0.03520388321261389,0.008620970623195428,0.03455914665510391,0
34,3,0.5,165,83,0.05454545454545454,0.030303030303030304,0.5272727272727272,0.13582438009149805,1.8809662506697151,1.7451418705782171,0.02898492970212799,0.0006447365575099792,0.023194827400008056,0.02898492970212799,0.13836879925540452,0.20278916597825355,0.009265707180705407,0.0369988379798015,0.008620970623195428,0.036354101422291514,0
34,4,0.5,165,83,0.05454545454545454,0.024242424242424242,0.5212121212121212,0.11454216215761734,1.8596840327358344,1.7451418705782171,0.02898492970212799,0.0006447365575099792,0.023194827400008056,0.02898492970212799,0.13579625666109682,0.19879507894362727,0.009265707180705407,0.03520388321261389,0.008620970623195428,0.03455914665510391,0
34,0,0.8,165,132,0.05454545454545454,0.03636363636363636,0.23636363636363636,0.15710659802537874,0.8594197898434417,0.702313191818063,0.02898492970212799,0.0006447365575099792,0.023194827400008056,0.02898492970212799,0.07560913455014598,0.1066371229731089,0.009265707180705407,0.004304558536419159,0.008620970623195428,0.00365982197890918,1
34,1,0.8,165,132,0.05454545454545454,0.048484848484848485,0.24848484848484848,0.19967103389314012,0.9019842257112031,0.702313191818063,0.02898492970212799,0.0006447365575099792,0.023194827400008056,0.02898492970212799,0.08120907077160033,0.11509576419255081,0.009265707180705407,0.0053381349855431415,0.008620970623195428,0.004693398428033162,1
34,2,0.8,165,132,0.05454545454545454,0.04242424242424243,0.24242424242424243,0.17838881595925943,0.8807020077773224,0.702313191818063,0.02898492970212799,0.0006447365575099792,0.023194827400008056,0.02898492970212799,0.07841754357886377,0.11087585270424284,0.009265707180705407,0.004680960269365724,0.008620970623195428,0.004036223711855745,1
34,3,0.8,165,132,0.05454545454545454,0.04242424242424243,0.24242424242424243,0.17838881595925943,0.8807020077773224,0.702313191818063,0.02898492970212799,0.0006447365575099792,0.023194827400008056,0.02898492970212799,0.07841754357886377,0.11087585270424284,0.009265707180705407,0.004680960269365724,0.008620970623195428,0.004036223711855745,1
34,4,0.8,165,132,0.05454545454545454,0.03636363636363636,0.23636363636363636,0.15710659802537874,0.8594197898434417,0.702313191818063,0.02898492970212799,0.0006447365575099792,0.023194827400008056,0.02898492970212799,0.07560913455014598,0.1066371229731089,0.009265707180705407,0.004304558536419159,0.008620970623195428,0.00365982197890918,1
34,0,0.95,165,157,0.05454545454545454,0.05454545454545454,0.10303030303030303,0.22095325182702083,0.39121099529806636,0.17025774347104553,0.02898492970212799,0.0006447365575099792,0.023194827400008056,0.02898492970212799,0.04786950924755219,0.06516318293109051,0.009265707180705407,0.0014340997306504409,0.008620970623195428,0.0007893631731404617,1
34,1,0.95,165,157,0.05454545454545454,0.048484848484848485,0.09696969696969697,0.19967103389314012,0.36992877736418567,0.17025774347104555,0.02898492970212799,0.0006447365575099792,0.023194827400008056,0.02898492970212799,0.044806806168945765,0.06063222624654924,0.009265707180705407,0.0012115137556825608,0.008620970623195428,0.0005667771981725816,1
34,2,0.95,165,157,0.05454545454545454,0.05454545454545454,0.10303030303030303,0.22095325182702083,0.39121099529806636,0.17025774347104553,0.02898492970212799,0.0006447365575099792,0.023194827400008056,0.02898492970212799,0.04786950924755219,0.06516318293109051,0.009265707180705407,0.0014340997306504409,0.008620970623195428,0.0007893631731404617,1
34,3,0.95,165,157,0.05454545454545454,0.048484848484848485,0.09696969696969697,0.19967103389314012,0.36992877736418567,0.17025774347104555,0.02898492970212799,0.0006447365575099792,0.023194827400008056,0.02898492970212799,0.044806806168945765,0.06063222624654924,0.009265707180705407,0.0012115137556825608,0.008620970623195428,0.0005667771981725816,1
34,4,0.95,165,157,0.05454545454545454,0.04242424242424243,0.09090909090909091,0.17838881595925943,0.348646559430305,0.17025774347104555,0.02898492970212799,0.0006447365575099792,0.023194827400008056,0.02898492970212799,0.041708517235125094,0.056059440859793606,0.009265707180705407,0.001005430065250225,0.008620970623195428,0.00036069350774024583,1
35,0,0.5,178,89,0.05056179775280899,0.028089887640449437,0.5280898876404494,0.12805278365496855,1.8838357632001257,1.7557829795451572,0.02898492970212799,0.0005417824930669703,0.023194827400008056,0.02898492970212799,0.13807281791288434,0.20232942418996366,0.006798266252696056,0.041016724962050166,0.0062564837596290855,0.0404749424689832,0
35,1,0.5,178,89,0.05056179775280899,0.033707865168539325,0.5337078651685393,0.14778068230154337,1.9035636618467007,1.7557829795451574,0.02898492970212799,0.0005417824930669703,0.023194827400008056,0.02898492970212799,0.14045299754935417,0.2060280151287051,0.006798266252696056,0.042778003478021215,0.0062564837596290855,0.04223622098495425,0
35,2,0.5,178,89,0.05056179775280899,0.016853932584269662,0.5168539325842697,0.08859698636181897,1.8443799659069766,1.7557829795451576,0.02898492970212799,0.0005417824930669703,0.023194827400008056,0.02898492970212799,0.13329750918524744,0.1949194684664828,0.006798266252696056,0.037550756834796,0.0062564837596290855,0.037008974341729034,0
35,3,0.5,178,89,0.05056179775280899,0.02247191011235955,0.5224719101123596,0.10832488500839375,1.8641078645535514,1.7557829795451576,0.02898492970212799,0.0005417824930669703,0.023194827400008056,0.02898492970212799,0.1356877340443601,0.1986266778246022,0.006798266252696056,0.039274154383040466,0.0062564837596290855,0.0387323718899735,0
35,4,0.5,178,89,0.05056179775280899,0.033707865168539325,0.5337078651685393,0.14778068230154337,1.9035636618467007,1.7557829795451574,0.02898492970212799,0.0005417824930669703,0.023194827400008056,0.02898492970212799,0.14045299754935417,0.2060280151287051,0.006798266252696056,0.042778003478021215,0.0062564837596290855,0.04223622098495425,0
35,0,0.8,178,143,0.05056179775280899,0.0449438202247191,0.24157303370786518,0.18723647959469297,0.8777129322248111,0.6904764526301181,0.02898492970212799,0.0005417824930669703,0.023194827400008056,0.02898492970212799,0.07880275239222784,0.11145777526990105,0.006798266252696056,0.006232606520816586,0.0062564837596290855,0.005690824027749616,1
35,1,0.8,178,143,0.05056179775280899,0.033707865168539325,0.2303370786516854,0.14778068230154337,0.8382571349316615,0.6904764526301181,0.02898492970212799,0.0005417824930669703,0.023194827400008056,0.02898492970212799,0.07358659992556073,0.10358875226724881,0.006798266252696056,0.0043344307517506064,0.0062564837596290855,0.003792648258683636,1
35,2,0.8,178,143,0.05056179775280899,0.03932584269662921,0.23595505617977527,0.16750858094811816,0.8579850335782363,0.6904764526301181,0.02898492970212799,0.0005417824930669703,0.023194827400008056,0.02898492970212799,0.07620224257958592,0.10753173397821579,0.006798266252696056,0.00525285331224809,0.0062564837596290855,0.00471107081918112,1
35,3,0.8,178,143,0.05056179775280899,0.05056179775280899,0.24719101123595505,0.20696437824126776,0.8974408308713858,0.690476452630118,0.02898492970212799,0.0005417824930669703,0.023194827400008056,0.02898492970212799,0.08138886249663388,0.1153677773653564,0.006798266252696056,0.007269080365249314,0.0062564837596290855,0.006727297872182344,0
35,4,0.8,178,143,0.05056179775280899,0.033707865168539325,0.2303370786516854,0.14778068230154337,0.8382571349316615,0.6904764526301181,0.02898492970212799,0.0005417824930669703,0.023194827400008056,0.02898492970212799,0.07358659992556073,0.10358875226724881,0.006798266252696056,0.0043344307517506064,0.0062564837596290855,0.003792648258683636,1
35,0,0.95,178,170,0.05056179775280899,0.05056179775280899,0.09550561797752809,0.20696437824126776,0.3647875674138662,0.15782318917259844,0.02898492970212799,0.0005417824930669703,0.023194827400008056,0.02898492970212799,0.044962491017623216,0.0608622925496804,0.006798266252696056,0.001222375778157384,0.0062564837596290855,0.0006805932850904137,1
35,1,0.95,178,170,0.05056179775280899,0.05056179775280899,0.09550561797752809,0.20696437824126776,0.3647875674138662,0.15782318917259844,0.02898492970212799,0.0005417824930669703,0.023194827400008056,0.02898492970212799,0.044962491017623216,0.0608622925496804,0.006798266252696056,0.001222375778157384,0.0062564837596290855,0.0006805932850904137,1
35,2,0.95,178,170,0.05056179775280899,0.05056179775280899,0.09550561797752809,0.20696437824126776,0.3647875674138662,0.15782318917259844,0.02898492970212799,0.0005417824930669703,0.023194827400008056,0.02898492970212799,0.044962491017623216,0.0608622925496804,0.006798266252696056,0.001222375778157384,0.0062564837596290855,0.0006805932850904137,1
35,3,0.95,178,170,0.05056179775280899,0.05056179775280899,0.09550561797752809,0.20696437824126776,0.3647875674138662,0.15782318917259844,0.02898492970212799,0.0005417824930669703,0.023194827400008056,0.02898492970212799,0.044962491017623216,0.0608622925496804,0.006798266252696056,0.001222375778157384,0.0062564837596290855,0.0006805932850904137,1
35,4,0.95,178,170,0.05056179775280899,0.033707865168539325,0.07865168539325842,0.14778068230154337,0.30560387147414175,0.15782318917259838,0.02898492970212799,0.0005417824930669703,0.023194827400008056,0.02898492970212799,0.03625356378770022,0.04803602094722688,0.006798266252696056,0.0006892496115548443,0.0062564837596290855,0.000147467118487874,1
36,0,0.5,209,105,0.09090909090909091,0.04784688995215311,0.5454545454545454,0.19743080042641584,1.9448129044713571,1.7473821040449413,0.02898492970212799,0.001927116774960546,0.023194827400008056,0.02898492970212799,0.14591910137920303,0.21453474139691878,0.04401046208106685,0.018474002119730066,0.0420833453061063,0.01654688534476952,1
36,1,0.5,209,105,0.09090909090909091,0.0430622009569378,0.5406698564593302,0.1806290494259837,1.9280111534709252,1.7473821040449415,0.02898492970212799,0.001927116774960546,0.023194827400008056,0.02898492970212799,0.1439011206734566,0.2113921495371524,0.04401046208106685,0.017929510117607583,0.0420833453061063,0.016002393342647036,1
36,2,0.5,209,105,0.09090909090909091,0.03827751196172249,0.5358851674641149,0.1638272984255516,1.911209402470493,1.7473821040449415,0.02898492970212799,0.001927116774960546,0.023194827400008056,0.02898492970212799,0.1418799836067652,0.20824706775371477,0.04401046208106685,0.01739233007612066,0.0420833453061063,0.015465213301160113,1
36,3,0.5,209,105,0.09090909090909091,0.04784688995215311,0.5454545454545454,0.19743080042641584,1.9448129044713571,1.7473821040449413,0.02898492970212799,0.001927116774960546,0.023194827400008056,0.02898492970212799,0.14591910137920303,0.21453474139691878,0.04401046208106685,0.018474002119730066,0.0420833453061063,0.01654688534476952,1
36,4,0.5,209,105,0.09090909090909091,0.05263157894736842,0.5502392344497608,0.21423255142684797,1.9616146554717893,1.7473821040449413,0.02898492970212799,0.001927116774960546,0.023194827400008056,0.02898492970212799,0.14793405880715954,0.21767501849300716,0.04401046208106685,0.019025804579016942,0.0420833453061063,0.017098687804056396,1
36,0,0.8,209,168,0.09090909090909091,0.0861244019138756,0.2822966507177033,0.3318448084298729,1.0207165994475902,0.6888717910177173,0.02898492970212799,0.001927116774960546,0.023194827400008056,0.02898492970212799,0.09736394204255414,0.13964110836509203,0.04401046208106685,0.0076324583692147585,0.0420833453061063,0.005705341594254213,1
36,1,0.8,209,168,0.09090909090909091,0.07655502392344497,0.2727272727272727,0.29824130642900865,0.9871130974467258,0.6888717910177171,0.02898492970212799,0.001927116774960546,0.023194827400008056,0.02898492970212799,0.09308280247205297,0.1331164522114193,0.04401046208106685,0.006902752066610172,0.0420833453061063,0.004975635291649626,1
36,2,0.8,209,168,0.09090909090909091,0.05263157894736842,0.24880382775119617,0.21423255142684797,0.9031043424445653,0.6888717910177173,0.02898492970212799,0.001927116774960546,0.023194827400008056,0.02898492970212799,0.08223344673959697,0.11664593892089772,0.04401046208106685,0.005217670827882192,0.0420833453061063,0.0032905540529216465,1
36,3,0.8,209,168,0.09090909090909091,0.07177033492822966,0.2679425837320574,0.2814395554285765,0.9703113464462938,0.6888717910177173,0.02898492970212799,0.001927116774960546,0.023194827400008056,0.02898492970212799,0.09093032353900457,0.12984130836091926,0.04401046208106685,0.006549717268127958,0.0420833453061063,0.0046226004931674124,1
36,4,0.8,209,168,0.09090909090909091,0.08133971291866028,0.27751196172248804,0.3150430574294408,1.003914848447158,0.6888717910177173,0.02898492970212799,0.001927116774960546,0.023194827400008056,0.02898492970212799,0.09522724162736275,0.136382927895623,0.04401046208106685,0.007263682715408875,0.0420833453061063,0.005336565940448329,1
36,0,0.95,209,199,0.09090909090909091,0.09090909090909091,0.13875598086124402,0.348646559430305,0.5166640694346263,0.1680175100043213,0.02898492970212799,0.001927116774960546,0.023194827400008056,0.02898492970212799,0.06548063761911938,0.09140819590462435,0.04401046208106685,0.003078101150624044,0.0420833453061063,0.0011509843756634978,1
36,1,0.95,209,199,0.09090909090909091,0.09090909090909091,0.13875598086124402,0.348646559430305,0.5166640694346263,0.1680175100043213,0.02898492970212799,0.001927116774960546,0.023194827400008056,0.02898492970212799,0.06548063761911938,0.09140819590462435,0.04401046208106685,0.003078101150624044,0.0420833453061063,0.0011509843756634978,1
36,2,0.95,209,199,0.09090909090909091,0.08133971291866028,0.1291866028708134,0.3150430574294408,0.483060567433762,0.16801751000432125,0.02898492970212799,0.001927116774960546,0.023194827400008056,0.02898492970212799,0.06089383048221025,0.08454284020544085,0.04401046208106685,0.0025901819811519526,0.0420833453061063,0.0006630652061914066,1
36,3,0.95,209,199,0.09090909090909091,0.09090909090909091,0.13875598086124402,0.348646559430305,0.5166640694346263,0.1680175100043213,0.02898492970212799,0.001927116774960546,0.023194827400008056,0.02898492970212799,0.06548063761911938,0.09140819590462435,0.04401046208106685,0.003078101150624044,0.0420833453061063,0.0011509843756634978,1
36,4,0.95,209,199,0.09090909090909091,0.0861244019138756,0.1339712918660287,0.3318448084298729,0.49986231843419415,0.16801751000432125,0.02898492970212799,0.001927116774960546,0.023194827400008056,0.02898492970212799,0.06319437272637195,0.08798368811072675,0.04401046208106685,0.0028296412897521835,0.0420833453061063,0.0009025245147916375,1
37,0,0.5,211,106,0.04739336492890995,0.023696682464454975,0.5213270142180095,0.11262575390764704,1.8600874871042494,1.7474617331966025,0.02898492970212799,0.00046561608626622937,0.023194827400008056,0.02898492970212799,0.13570470747594457,0.19865301604783864,0.005070782731420642,0.04281901075067046,0.0046051666451544125,0.04235339466440423,0
37,1,0.5,211,106,0.04739336492890995,0.018957345971563982,0.5165876777251185,0.09598326121053655,1.843444994407139,1.7474617331966025,0.02898492970212799,0.00046561608626622937,0.023194827400008056,0.02898492970212799,0.13368868963975783,0.19552594187726935,0.005070782731420642,0.041308943233006934,0.0046051666451544125,0.0408433271467407,0
37,2,0.5,211,106,0.04739336492890995,0.018957345971563982,0.5165876777251185,0.09598326121053655,1.843444994407139,1.7474617331966025,0.02898492970212799,0.00046561608626622937,0.023194827400008056,0.02898492970212799,0.13368868963975783,0.19552594187726935,0.005070782731420642,0.041308943233006934,0.0046051666451544125,0.0408433271467407,0
37,3,0.5,211,106,0.04739336492890995,0.03317535545023697,0.5308056872037915,0.14591073930186804,1.8933724724984704,1.7474617331966025,0.02898492970212799,0.00046561608626622937,0.023194827400008056,0.02898492970212799,0.1397259136253303,0.2048978260704131,0.005070782731420642,0.04587747847185425,0.0046051666451544125,0.04541186238558802,0
37,4,0.5,211,106,0.04739336492890995,0.018957345971563982,0.5165876777251185,0.09598326121053655,1.843444994407139,1.7474617331966025,0.02898492970212799,0.00046561608626622937,0.023194827400008056,0.02898492970212799,0.13368868963975783,0.19552594187726935,0.005070782731420642,0.041308943233006934,0.0046051666451544125,0.0408433271467407,0
37,0,0.8,211,169,0.04739336492890995,0.04739336492890995,0.24644549763033174,0.1958382173931995,0.8948229106718404,0.6989846932786409,0.02898492970212799,0.00046561608626622937,0.023194827400008056,0.02898492970212799,0.0804896043743782,0.11400752910914659,0.005070782731420642,0.008583144452590508,0.0046051666451544125,0.008117528366324279,0
37,1,0.8,211,169,0.04739336492890995,0.04265402843601896,0.24170616113744076,0.17919572469608902,0.8781804179747299,0.6989846932786409,0.02898492970212799,0.00046561608626622937,0.023194827400008056,0.02898492970212799,0.07830474097664775,0.11070546936195333,0.005070782731420642,0.007626585558586418,0.0046051666451544125,0.007160969472320189,0
37,2,0.8,211,169,0.04739336492890995,0.037914691943127965,0.23696682464454977,0.16255323199897856,0.8615379252776195,0.698984693278641,0.02898492970212799,0.00046561608626622937,0.023194827400008056,0.02898492970212799,0.07610953338497775,0.10739187649773145,0.005070782731420642,0.006708065956752551,0.0046051666451544125,0.006242449870486322,0
37,3,0.8,211,169,0.04739336492890995,0.04739336492890995,0.24644549763033174,0.1958382173931995,0.8948229106718404,0.6989846932786409,0.02898492970212799,0.00046561608626622937,0.023194827400008056,0.02898492970212799,0.0804896043743782,0.11400752910914659,0.005070782731420642,0.008583144452590508,0.0046051666451544125,0.008117528366324279,0
37,4,0.8,211,169,0.04739336492890995,0.037914691943127965,0.23696682464454977,0.16255323199897856,0.8615379252776195,0.698984693278641,0.02898492970212799,0.00046561608626622937,0.023194827400008056,0.02898492970212799,0.07610953338497775,0.10739187649773145,0.005070782731420642,0.006708065956752551,0.0046051666451544125,0.006242449870486322,0
37,0,0.95,211,201,0.04739336492890995,0.037914691943127965,0.08530805687203792,0.16255323199897856,0.32897815897008353,0.16642492697110498,0.02898492970212799,0.00046561608626622937,0.023194827400008056,0.02898492970212799,0.039094619250963025,0.05221030289594033,0.005070782731420642,0.0008464968693585081,0.0046051666451544125,0.00038088078309227874,1
37,1,0.95,211,201,0.04739336492890995,0.04265402843601896,0.09004739336492891,0.17919572469608902,0.345620651667194,0.166424926971105,0.02898492970212799,0.00046561608626622937,0.023194827400008056,0.02898492970212799,0.04154596071461363,0.055819829781443266,0.005070782731420642,0.0009951476374079466,0.0046051666451544125,0.0005295315511417172,1
37,2,0.95,211,201,0.04739336492890995,0.04739336492890995,0.0947867298578199,0.1958382173931995,0.3622631443643045,0.166424926971105,0.02898492970212799,0.00046561608626622937,0.023194827400008056,0.02898492970212799,0.04397346183642832,0.059401203508309665,0.005070782731420642,0.0011541961091512515,0.0046051666451544125,0.0006885800228850222,1
37,3,0.95,211,201,0.04739336492890995,0.04265402843601896,0.09004739336492891,0.17919572469608902,0.345620651667194,0.166424926971105,0.02898492970212799,0.00046561608626622937,0.023194827400008056,0.02898492970212799,0.04154596071461363,0.055819829781443266,0.005070782731420642,0.0009951476374079466,0.0046051666451544125,0.0005295315511417172,1
37,4,0.95,211,201,0.04739336492890995,0.04739336492890995,0.0947867298578199,0.1958382173931995,0.3622631443643045,0.166424926971105,0.02898492970212799,0.00046561608626622937,0.023194827400008056,0.02898492970212799,0.04397346183642832,0.059401203508309665,0.005070782731420642,0.0011541961091512515,0.0046051666451544125,0.0006885800228850222,1
38,0,0.5,185,93,0.043243243243243246,0.016216216216216217,0.5135135135135135,0.08635760327220778,1.8326498640090128,1.746292260736805,0.02898492970212799,0.0003737079171137803,0.023194827400008056,0.02898492970212799,0.13244996239373494,0.1936057870147709,0.003146993299061429,0.045238593604950306,0.0027732853819476488,0.044864885687836524,0
38,1,0.5,185,93,0.043243243243243246,0.010810810810810811,0.5081081081081081,0.06737616565550336,1.8136684263923089,1.7462922607368054,0.02898492970212799,0.0003737079171137803,0.023194827400008056,0.02898492970212799,0.13014320768318358,0.1900326429038898,0.003146993299061429,0.04345778232537825,0.0027732853819476488,0.04308407440826447,0
38,2,0.5,185,93,0.043243243243243246,0.021621621621621623,0.518918918918919,0.10533904088891217,1.8516313016257175,1.7462922607368054,0.02898492970212799,0.0003737079171137803,0.023194827400008056,0.02898492970212799,0.134751650208778,0.19717440160169075,0.003146993299061429,0.04703531076875933,0.0027732853819476488,0.04666160285164555,0
38,3,0.5,185,93,0.043243243243243246,0.02702702702702703,0.5243243243243243,0.12432047850561659,1.8706127392424219,1.7462922607368052,0.02898492970212799,0.0003737079171137803,0.023194827400008056,0.02898492970212799,0.13704849105145836,0.20073877094060022,0.003146993299061429,0.04884757227355255,0.0027732853819476488,0.048473864356438766,0
38,4,0.5,185,93,0.043243243243243246,0.032432432432432434,0.5297297297297298,0.143301916122321,1.8895941768591265,1.7462922607368054,0.02898492970212799,0.0003737079171137803,0.023194827400008056,0.02898492970212799,0.13934069842230618,0.20429917196518452,0.003146993299061429,0.05067504638542811,0.0027732853819476488,0.050301338468314326,0
38,0,0.8,185,148,0.043243243243243246,0.032432432432432434,0.23243243243243245,0.143301916122321,0.8456151079403841,0.7023131918180631,0.02898492970212799,0.0003737079171137803,0.023194827400008056,0.02898492970212799,0.07377799978436615,0.10387707698107167,0.003146993299061429,0.007931247070566028,0.0027732853819476488,0.007557539153452248,0
38,1,0.8,185,148,0.043243243243243246,0.02702702702702703,0.22702702702702704,0.12432047850561659,0.8266336703236796,0.7023131918180631,0.02898492970212799,0.0003737079171137803,0.023194827400008056,0.02898492970212799,0.07124745191398274,0.10006768506268263,0.003146993299061429,0.0068300941406590765,0.0027732853819476488,0.006456386223545297,0
38,2,0.8,185,148,0.043243243243243246,0.032432432432432434,0.23243243243243245,0.143301916122321,0.8456151079403841,0.7023131918180631,0.02898492970212799,0.0003737079171137803,0.023194827400008056,0.02898492970212799,0.07377799978436615,0.10387707698107167,0.003146993299061429,0.007931247070566028,0.0027732853819476488,0.007557539153452248,0
38,3,0.8,185,148,0.043243243243243246,0.032432432432432434,0.23243243243243245,0.143301916122321,0.8456151079403841,0.7023131918180631,0.02898492970212799,0.0003737079171137803,0.023194827400008056,0.02898492970212799,0.07377799978436615,0.10387707698107167,0.003146993299061429,0.007931247070566028,0.0027732853819476488,0.007557539153452248,0
38,4,0.8,185,148,0.043243243243243246,0.032432432432432434,0.23243243243243245,0.143301916122321,0.8456151079403841,0.7023131918180631,0.02898492970212799,0.0003737079171137803,0.023194827400008056,0.02898492970212799,0.07377799978436615,0.10387707698107167,0.003146993299061429,0.007931247070566028,0.0027732853819476488,0.007557539153452248,0
38,0,0.95,185,176,0.043243243243243246,0.043243243243243246,0.0918918918918919,0.1812647913557298,0.35209772990606947,0.17083293855033968,0.02898492970212799,0.0003737079171137803,0.023194827400008056,0.02898492970212799,0.04217144602738807,0.056741975188184454,0.003146993299061429,0.0010350019394931437,0.0027732853819476488,0.0006612940223793633,1
38,1,0.95,185,176,0.043243243243243246,0.03783783783783784,0.08648648648648649,0.1622833537390254,0.333116292289365,0.17083293855033962,0.02898492970212799,0.0003737079171137803,0.023194827400008056,0.02898492970212799,0.03938078509299933,0.05263130359716718,0.003146993299061429,0.0008632305326810117,0.0027732853819476488,0.0004895226155672313,1
38,2,0.95,185,176,0.043243243243243246,0.032432432432432434,0.08108108108108109,0.143301916122321,0.3141348546726606,0.17083293855033962,0.02898492970212799,0.0003737079171137803,0.023194827400008056,0.02898492970212799,0.03655704928468615,0.04848144894505547,0.003146993299061429,0.0007052768667092491,0.0027732853819476488,0.0003315689495954688,1
38,3,0.95,185,176,0.043243243243243246,0.032432432432432434,0.08108108108108109,0.143301916122321,0.3141348546726606,0.17083293855033962,0.02898492970212799,0.0003737079171137803,0.023194827400008056,0.02898492970212799,0.03655704928468615,0.04848144894505547,0.003146993299061429,0.0007052768667092491,0.0027732853819476488,0.0003315689495954688,1
38,4,0.95,185,176,0.043243243243243246,0.03783783783783784,0.08648648648648649,0.1622833537390254,0.333116292289365,0.17083293855033962,0.02898492970212799,0.0003737079171137803,0.023194827400008056,0.02898492970212799,0.03938078509299933,0.05263130359716718,0.003146993299061429,0.0008632305326810117,0.0027732853819476488,0.0004895226155672313,1
39,0,0.5,110,55,0.03636363636363636,0.01818181818181818,0.5181818181818182,0.09325994422373665,1.8490429237688941,1.7557829795451574,0.02898492970212799,0.00024166242409965892,0.023194827400008056,0.02898492970212799,0.1338629482126287,0.19579613734449997,0.0008964269634959554,0.05540110446177743,0.0006547645393962965,0.05515944203767777,0
39,1,0.5,110,55,0.03636363636363636,0.02727272727272727,0.5272727272727272,0.12518327112455768,1.8809662506697151,1.7557829795451574,0.02898492970212799,0.00024166242409965892,0.023194827400008056,0.02898492970212799,0.1377262069558093,0.2017911083656527,0.0008964269634959554,0.05867426739233081,0.0006547645393962965,0.05843260496823115,0
39,2,0.5,110,55,0.03636363636363636,0.00909090909090909,0.509090909090909,0.06133661732291561,1.817119596868073,1.7557829795451574,0.02898492970212799,0.00024166242409965892,0.023194827400008056,0.02898492970212799,0.12998573878897496,0.18978884721157946,0.0008964269634959554,0.0521658627874389,0.0006547645393962965,0.05192420036333924,0
39,3,0.5,110,55,0.03636363636363636,0.00909090909090909,0.509090909090909,0.06133661732291561,1.817119596868073,1.7557829795451574,0.02898492970212799,0.00024166242409965892,0.023194827400008056,0.02898492970212799,0.12998573878897496,0.18978884721157946,0.0008964269634959554,0.0521658627874389,0.0006547645393962965,0.05192420036333924,0
39,4,0.5,110,55,0.03636363636363636,0.00909090909090909,0.509090909090909,0.06133661732291561,1.817119596868073,1.7557829795451574,0.02898492970212799,0.00024166242409965892,0.023194827400008056,0.02898492970212799,0.12998573878897496,0.18978884721157946,0.0008964269634959554,0.0521658627874389,0.0006547645393962965,0.05192420036333924,0
39,0,0.8,110,88,0.03636363636363636,0.02727272727272727,0.22727272727272727,0.12518327112455768,0.8274964629426206,0.702313191818063,0.02898492970212799,0.00024166242409965892,0.023194827400008056,0.02898492970212799,0.07136280579334793,0.10024121024046691,0.0008964269634959554,0.011133936251317367,0.0006547645393962965,0.010892273827217708,0
39,1,0.8,110,88,0.03636363636363636,0.02727272727272727,0.22727272727272727,0.12518327112455768,0.8274964629426206,0.702313191818063,0.02898492970212799,0.00024166242409965892,0.023194827400008056,0.02898492970212799,0.07136280579334793,0.10024121024046691,0.0008964269634959554,0.011133936251317367,0.0006547645393962965,0.010892273827217708,0
39,2,0.8,110,88,0.03636363636363636,0.02727272727272727,0.22727272727272727,0.12518327112455768,0.8274964629426206,0.702313191818063,0.02898492970212799,0.00024166242409965892,0.023194827400008056,0.02898492970212799,0.07136280579334793,0.10024121024046691,0.0008964269634959554,0.011133936251317367,0.0006547645393962965,0.010892273827217708,0
39,3,0.8,110,88,0.03636363636363636,0.03636363636363636,0.23636363636363636,0.15710659802537874,0.8594197898434417,0.702313191818063,0.02898492970212799,0.00024166242409965892,0.023194827400008056,0.02898492970212799,0.07560913455014598,0.1066371229731089,0.0008964269634959554,0.013448580021813483,0.0006547645393962965,0.013206917597713825,0
39,4,0.8,110,88,0.03636363636363636,0.02727272727272727,0.22727272727272727,0.12518327112455768,0.8274964629426206,0.702313191818063,0.02898492970212799,0.00024166242409965892,0.023194827400008056,0.02898492970212799,0.07136280579334793,0.10024121024046691,0.0008964269634959554,0.011133936251317367,0.0006547645393962965,0.010892273827217708,0
39,0,0.95,110,105,0.03636363636363636,0.03636363636363636,0.08181818181818182,0.15710659802537874,0.3167232325294839,0.15961663450410518,0.02898492970212799,0.00024166242409965892,0.023194827400008056,0.02898492970212799,0.03778063147572066,0.05027846749169959,0.0008964269634959554,0.0007717634851898013,0.0006547645393962965,0.0005301010610901423,1
39,1,0.95,110,105,0.03636363636363636,0.03636363636363636,0.08181818181818182,0.15710659802537874,0.3167232325294839,0.15961663450410518,0.02898492970212799,0.00024166242409965892,0.023194827400008056,0.02898492970212799,0.03778063147572066,0.05027846749169959,0.0008964269634959554,0.0007717634851898013,0.0006547645393962965,0.0005301010610901423,1
39,2,0.95,110,105,0.03636363636363636,0.03636363636363636,0.08181818181818182,0.15710659802537874,0.3167232325294839,0.15961663450410518,0.02898492970212799,0.00024166242409965892,0.023194827400008056,0.02898492970212799,0.03778063147572066,0.05027846749169959,0.0008964269634959554,0.0007717634851898013,0.0006547645393962965,0.0005301010610901423,1
39,3,0.95,110,105,0.03636363636363636,0.03636363636363636,0.08181818181818182,0.15710659802537874,0.3167232325294839,0.15961663450410518,0.02898492970212799,0.00024166242409965892,0.023194827400008056,0.02898492970212799,0.03778063147572066,0.05027846749169959,0.0008964269634959554,0.0007717634851898013,0.0006547645393962965,0.0005301010610901423,1
39,4,0.95,110,105,0.03636363636363636,0.03636363636363636,0.08181818181818182,0.15710659802537874,0.3167232325294839,0.15961663450410518,0.02898492970212799,0.00024166242409965892,0.023194827400008056,0.02898492970212799,0.03778063147572066,0.05027846749169959,0.0008964269634959554,0.0007717634851898013,0.0006547645393962965,0.0005301010610901423,1
40,0,0.5,99,50,0.04040404040404041,0.020202020202020204,0.5151515151515151,0.10035401686836354,1.8384018148019536,1.7380477979335902,0.02898492970212799,0.000316088294153506,0.023194827400008056,0.02898492970212799,0.13364792331024636,0.1954627346434666,0.002068652235910684,0.04975629080485219,0.001752563941757178,0.04944020251069869,0
40,1,0.5,99,50,0.04040404040404041,0.030303030303030304,0.5252525252525253,0.13582438009149805,1.8738721780250884,1.7380477979335904,0.02898492970212799,0.000316088294153506,0.023194827400008056,0.02898492970212799,0.13794044406791767,0.20212382787765237,0.002068652235910684,0.053245327456467734,0.001752563941757178,0.05292923916231423,0
40,2,0.5,99,50,0.04040404040404041,0.030303030303030304,0.5252525252525253,0.13582438009149805,1.8738721780250884,1.7380477979335904,0.02898492970212799,0.000316088294153506,0.023194827400008056,0.02898492970212799,0.13794044406791767,0.20212382787765237,0.002068652235910684,0.053245327456467734,0.001752563941757178,0.05292923916231423,0
40,3,0.5,99,50,0.04040404040404041,0.030303030303030304,0.5252525252525253,0.13582438009149805,1.8738721780250884,1.7380477979335904,0.02898492970212799,0.000316088294153506,0.023194827400008056,0.02898492970212799,0.13794044406791767,0.20212382787765237,0.002068652235910684,0.053245327456467734,0.001752563941757178,0.05292923916231423,0
40,4,0.5,99,50,0.04040404040404041,0.010101010101010102,0.5050505050505051,0.06488365364522905,1.8029314515788193,1.7380477979335902,0.02898492970212799,0.000316088294153506,0.023194827400008056,0.02898492970212799,0.12933810658449515,0.1887863385578048,0.002068652235910684,0.04631885283081952,0.001752563941757178,0.04600276453666601,0
40,0,0.8,99,80,0.04040404040404041,0.04040404040404041,0.23232323232323232,0.17129474331463254,0.845231644554188,0.6739369012395554,0.02898492970212799,0.000316088294153506,0.023194827400008056,0.02898492970212799,0.07560913455014598,0.1066371229731089,0.002068652235910684,0.01054804543318874,0.001752563941757178,0.010231957139035235,0
40,1,0.8,99,80,0.04040404040404041,0.020202020202020204,0.21212121212121213,0.10035401686836354,0.774290918107919,0.6739369012395554,0.02898492970212799,0.000316088294153506,0.023194827400008056,0.02898492970212799,0.06611326941996261,0.09235666114266625,0.002068652235910684,0.006163351024601249,0.001752563941757178,0.005847262730447743,0
40,2,0.8,99,80,0.04040404040404041,0.04040404040404041,0.23232323232323232,0.17129474331463254,0.845231644554188,0.6739369012395554,0.02898492970212799,0.000316088294153506,0.023194827400008056,0.02898492970212799,0.07560913455014598,0.1066371229731089,0.002068652235910684,0.01054804543318874,0.001752563941757178,0.010231957139035235,0
40,3,0.8,99,80,0.04040404040404041,0.030303030303030304,0.2222222222222222,0.13582438009149805,0.8097612813310534,0.6739369012395553,0.02898492970212799,0.000316088294153506,0.023194827400008056,0.02898492970212799,0.07088836895753567,0.09952759826023998,0.002068652235910684,0.008264840092309739,0.001752563941757178,0.007948751798156233,0
40,4,0.8,99,80,0.04040404040404041,0.030303030303030304,0.2222222222222222,0.13582438009149805,0.8097612813310534,0.6739369012395553,0.02898492970212799,0.000316088294153506,0.023194827400008056,0.02898492970212799,0.07088836895753567,0.09952759826023998,0.002068652235910684,0.008264840092309739,0.001752563941757178,0.007948751798156233,0
40,0,0.95,99,95,0.04040404040404041,0.030303030303030304,0.0707070707070707,0.13582438009149805,0.277705832984036,0.14188145289253795,0.02898492970212799,0.000316088294153506,0.023194827400008056,0.02898492970212799,0.033245932839614946,0.043627983891254836,0.002068652235910684,0.0005403733935838885,0.001752563941757178,0.0002242850994303825,1
40,1,0.95,99,95,0.04040404040404041,0.04040404040404041,0.08080808080808081,0.17129474331463254,0.3131761962071705,0.14188145289253798,0.02898492970212799,0.000316088294153506,0.023194827400008056,0.02898492970212799,0.03857140672592896,0.051440820215302274,0.002068652235910684,0.0008163252822984584,0.001752563941757178,0.0005002369881449524,1
40,2,0.95,99,95,0.04040404040404041,0.04040404040404041,0.08080808080808081,0.17129474331463254,0.3131761962071705,0.14188145289253798,0.02898492970212799,0.000316088294153506,0.023194827400008056,0.02898492970212799,0.03857140672592896,0.051440820215302274,0.002068652235910684,0.0008163252822984584,0.001752563941757178,0.0005002369881449524,1
40,3,0.95,99,95,0.04040404040404041,0.04040404040404041,0.08080808080808081,0.17129474331463254,0.3131761962071705,0.14188145289253798,0.02898492970212799,0.000316088294153506,0.023194827400008056,0.02898492970212799,0.03857140672592896,0.051440820215302274,0.002068652235910684,0.0008163252822984584,0.001752563941757178,0.0005002369881449524,1
40,4,0.95,99,95,0.04040404040404041,0.04040404040404041,0.08080808080808081,0.17129474331463254,0.3131761962071705,0.14188145289253798,0.02898492970212799,0.000316088294153506,0.023194827400008056,0.02898492970212799,0.03857140672592896,0.051440820215302274,0.002068652235910684,0.0008163252822984584,0.001752563941757178,0.0005002369881449524,1
41,0,0.5,102,51,0.0,0.0,0.5,0.029413290422094555,1.7851962699672521,1.7557829795451576,0.02898492970212799,0.0,0.023194827400008056,0.02898492970212799,0.12609350848783066,0.1837678580483093,0.013417724891624348,0.12473156231335499,0.013417724891624348,0.12473156231335499,0
41,1,0.5,102,51,0.0,0.0,0.5,0.029413290422094555,1.7851962699672521,1.7557829795451576,0.02898492970212799,0.0,0.023194827400008056,0.02898492970212799,0.12609350848783066,0.1837678580483093,0.013417724891624348,0.12473156231335499,0.013417724891624348,0.12473156231335499,0
41,2,0.5,102,51,0.0,0.0,0.5,0.029413290422094555,1.7851962699672521,1.7557829795451576,0.02898492970212799,0.0,0.023194827400008056,0.02898492970212799,0.12609350848783066,0.1837678580483093,0.013417724891624348,0.12473156231335499,0.013417724891624348,0.12473156231335499,0
41,3,0.5,102,51,0.0,0.0,0.5,0.029413290422094555,1.7851962699672521,1.7557829795451576,0.02898492970212799,0.0,0.023194827400008056,0.02898492970212799,0.12609350848783066,0.1837678580483093,0.013417724891624348,0.12473156231335499,0.013417724891624348,0.12473156231335499,0
41,4,0.5,102,51,0.0,0.0,0.5,0.029413290422094555,1.7851962699672521,1.7557829795451576,0.02898492970212799,0.0,0.023194827400008056,0.02898492970212799,0.12609350848783066,0.1837678580483093,0.013417724891624348,0.12473156231335499,0.013417724891624348,0.12473156231335499,0
41,0,0.8,102,82,0.0,0.0,0.19607843137254902,0.029413290422094555,0.7179556353417641,0.6885423449196696,0.02898492970212799,0.0,0.023194827400008056,0.02898492970212799,0.05739178038628094,0.07931487226687138,0.013417724891624348,0.04905420852667632,0.013417724891624348,0.04905420852667632,0
41,1,0.8,102,82,0.0,0.0,0.19607843137254902,0.029413290422094555,0.7179556353417641,0.6885423449196696,0.02898492970212799,0.0,0.023194827400008056,0.02898492970212799,0.05739178038628094,0.07931487226687138,0.013417724891624348,0.04905420852667632,0.013417724891624348,0.04905420852667632,0
41,2,0.8,102,82,0.0,0.0,0.19607843137254902,0.029413290422094555,0.7179556353417641,0.6885423449196696,0.02898492970212799,0.0,0.023194827400008056,0.02898492970212799,0.05739178038628094,0.07931487226687138,0.013417724891624348,0.04905420852667632,0.013417724891624348,0.04905420852667632,0
41,3,0.8,102,82,0.0,0.0,0.19607843137254902,0.029413290422094555,0.7179556353417641,0.6885423449196696,0.02898492970212799,0.0,0.023194827400008056,0.02898492970212799,0.05739178038628094,0.07931487226687138,0.013417724891624348,0.04905420852667632,0.013417724891624348,0.04905420852667632,0
41,4,0.8,102,82,0.0,0.0,0.19607843137254902,0.029413290422094555,0.7179556353417641,0.6885423449196696,0.02898492970212799,0.0,0.023194827400008056,0.02898492970212799,0.05739178038628094,0.07931487226687138,0.013417724891624348,0.04905420852667632,0.013417724891624348,0.04905420852667632,0
41,0,0.95,102,97,0.0,0.0,0.049019607843137254,0.029413290422094555,0.20154887665201193,0.17213558622991737,0.02898492970212799,0.0,0.023194827400008056,0.02898492970212799,0.018803358399448127,0.02263363079715782,0.013417724891624348,0.008932053497252469,0.013417724891624348,0.008932053497252469,1
41,1,0.95,102,97,0.0,0.0,0.049019607843137254,0.029413290422094555,0.20154887665201193,0.17213558622991737,0.02898492970212799,0.0,0.023194827400008056,0.02898492970212799,0.018803358399448127,0.02263363079715782,0.013417724891624348,0.008932053497252469,0.013417724891624348,0.008932053497252469,1
41,2,0.95,102,97,0.0,0.0,0.049019607843137254,0.029413290422094555,0.20154887665201193,0.17213558622991737,0.02898492970212799,0.0,0.023194827400008056,0.02898492970212799,0.018803358399448127,0.02263363079715782,0.013417724891624348,0.008932053497252469,0.013417724891624348,0.008932053497252469,1
41,3,0.95,102,97,0.0,0.0,0.049019607843137254,0.029413290422094555,0.20154887665201193,0.17213558622991737,0.02898492970212799,0.0,0.023194827400008056,0.02898492970212799,0.018803358399448127,0.02263363079715782,0.013417724891624348,0.008932053497252469,0.013417724891624348,0.008932053497252469,1
41,4,0.95,102,97,0.0,0.0,0.049019607843137254,0.029413290422094555,0.20154887665201193,0.17213558622991737,0.02898492970212799,0.0,0.023194827400008056,0.02898492970212799,0.018803358399448127,0.02263363079715782,0.013417724891624348,0.008932053497252469,0.013417724891624348,0.008932053497252469,1
42,0,0.5,140,70,0.02142857142857143,0.014285714285714285,0.5142857142857142,0.07957851840909905,1.8353614979542563,1.7557829795451572,0.02898492970212799,4.89291466715303e-05,0.023194827400008056,0.02898492970212799,0.13220305640550176,0.19322317188965496,0.00017410347011600333,0.07856996087623302,0.00012517432344447303,0.0785210317295615,0
42,1,0.5,140,70,0.02142857142857143,0.0,0.5,0.029413290422094555,1.7851962699672521,1.7557829795451576,0.02898492970212799,4.89291466715303e-05,0.023194827400008056,0.02898492970212799,0.12609350848783066,0.1837678580483093,0.00017410347011600333,0.07271856526619683,0.00012517432344447303,0.0726696361195253,0
42,2,0.5,140,70,0.02142857142857143,0.014285714285714285,0.5142857142857142,0.07957851840909905,1.8353614979542563,1.7557829795451572,0.02898492970212799,4.89291466715303e-05,0.023194827400008056,0.02898492970212799,0.13220305640550176,0.19322317188965496,0.00017410347011600333,0.07856996087623302,0.00012517432344447303,0.0785210317295615,0
42,3,0.5,140,70,0.02142857142857143,0.014285714285714285,0.5142857142857142,0.07957851840909905,1.8353614979542563,1.7557829795451572,0.02898492970212799,4.89291466715303e-05,0.023194827400008056,0.02898492970212799,0.13220305640550176,0.19322317188965496,0.00017410347011600333,0.07856996087623302,0.00012517432344447303,0.0785210317295615,0
42,4,0.5,140,70,0.02142857142857143,0.007142857142857143,0.5071428571428571,0.054495904415596805,1.8102788839607542,1.7557829795451574,0.02898492970212799,4.89291466715303e-05,0.023194827400008056,0.02898492970212799,0.12915299148553774,0.18849983673180432,0.00017410347011600333,0.07563675669906322,0.00012517432344447303,0.0755878275523917,0
42,0,0.8,140,112,0.02142857142857143,0.02142857142857143,0.22142857142857142,0.1046611324026013,0.8069743242206643,0.702313191818063,0.02898492970212799,4.89291466715303e-05,0.023194827400008056,0.02898492970212799,0.06861024454572444,0.09610385103001176,0.00017410347011600333,0.023420250794439212,0.00012517432344447303,0.023371321647767684,0
42,1,0.8,140,112,0.02142857142857143,0.014285714285714285,0.21428571428571427,0.07957851840909905,0.781891710227162,0.702313191818063,0.02898492970212799,4.89291466715303e-05,0.023194827400008056,0.02898492970212799,0.06522005092700554,0.09101762373183704,0.00017410347011600333,0.020950677009722488,0.00012517432344447303,0.02090174786305096,0
42,2,0.8,140,112,0.02142857142857143,0.02142857142857143,0.22142857142857142,0.1046611324026013,0.8069743242206643,0.702313191818063,0.02898492970212799,4.89291466715303e-05,0.023194827400008056,0.02898492970212799,0.06861024454572444,0.09610385103001176,0.00017410347011600333,0.023420250794439212,0.00012517432344447303,0.023371321647767684,0
42,3,0.8,140,112,0.02142857142857143,0.014285714285714285,0.21428571428571427,0.07957851840909905,0.781891710227162,0.702313191818063,0.02898492970212799,4.89291466715303e-05,0.023194827400008056,0.02898492970212799,0.06522005092700554,0.09101762373183704,0.00017410347011600333,0.020950677009722488,0.00012517432344447303,0.02090174786305096,0
42,4,0.8,140,112,0.02142857142857143,0.014285714285714285,0.21428571428571427,0.07957851840909905,0.781891710227162,0.702313191818063,0.02898492970212799,4.89291466715303e-05,0.023194827400008056,0.02898492970212799,0.06522005092700554,0.09101762373183704,0.00017410347011600333,0.020950677009722488,0.00012517432344447303,0.02090174786305096,0
42,0,0.95,140,133,0.02142857142857143,0.02142857142857143,0.07142857142857142,0.1046611324026013,0.280239430357117,0.1755782979545157,0.02898492970212799,4.89291466715303e-05,0.023194827400008056,0.02898492970212799,0.031058190508973106,0.04042893534011719,0.00017410347011600333,0.0017243677246695371,0.00012517432344447303,0.001675438577998007,0
42,1,0.95,140,133,0.02142857142857143,0.02142857142857143,0.07142857142857142,0.1046611324026013,0.280239430357117,0.1755782979545157,0.02898492970212799,4.89291466715303e-05,0.023194827400008056,0.02898492970212799,0.031058190508973106,0.04042893534011719,0.00017410347011600333,0.0017243677246695371,0.00012517432344447303,0.001675438577998007,0
42,2,0.95,140,133,0.02142857142857143,0.014285714285714285,0.06428571428571428,0.07957851840909905,0.25515681636361476,0.1755782979545157,0.02898492970212799,4.89291466715303e-05,0.023194827400008056,0.02898492970212799,0.027163592095240413,0.03474996844187091,0.00017410347011600333,0.0006700546963365472,0.00012517432344447303,0.000621125549665017,0
42,3,0.95,140,133,0.02142857142857143,0.014285714285714285,0.06428571428571428,0.07957851840909905,0.25515681636361476,0.1755782979545157,0.02898492970212799,4.89291466715303e-05,0.023194827400008056,0.02898492970212799,0.027163592095240413,0.03474996844187091,0.00017410347011600333,0.0006700546963365472,0.00012517432344447303,0.000621125549665017,0
42,4,0.95,140,133,0.02142857142857143,0.02142857142857143,0.07142857142857142,0.1046611324026013,0.280239430357117,0.1755782979545157,0.02898492970212799,4.89291466715303e-05,0.023194827400008056,0.02898492970212799,0.031058190508973106,0.04042893534011719,0.00017410347011600333,0.0017243677246695371,0.00012517432344447303,0.001675438577998007,0
43,0,0.5,171,86,0.12280701754385964,0.05263157894736842,0.5497076023391813,0.21423255142684797,1.9597477942495192,1.7455152428226712,0.02898492970212799,0.003511885020459607,0.023194827400008056,0.02898492970212799,0.1478221938157139,0.21750061644321958,0.08817751431432863,0.018994957108176204,0.08466562929386902,0.015483072087716597,1
43,1,0.5,171,86,0.12280701754385964,0.06432748538011696,0.5614035087719298,0.25530349831679316,2.0008187411394642,1.745515242822671,0.02898492970212799,0.003511885020459607,0.023194827400008056,0.02898492970212799,0.15273609597633517,0.22516843402083206,0.08817751431432863,0.020373593094565563,0.08466562929386902,0.016861708074105957,1
43,2,0.5,171,86,0.12280701754385964,0.07017543859649122,0.5672514619883041,0.27583897176176575,2.021354214584437,1.7455152428226712,0.02898492970212799,0.003511885020459607,0.023194827400008056,0.02898492970212799,0.15518712375892293,0.22899828428173027,0.08817751431432863,0.0210793009053888,0.08466562929386902,0.017567415884929195,1
43,3,0.5,171,86,0.12280701754385964,0.05263157894736842,0.5497076023391813,0.21423255142684797,1.9597477942495192,1.7455152428226712,0.02898492970212799,0.003511885020459607,0.023194827400008056,0.02898492970212799,0.1478221938157139,0.21750061644321958,0.08817751431432863,0.018994957108176204,0.08466562929386902,0.015483072087716597,1
43,4,0.5,171,86,0.12280701754385964,0.0935672514619883,0.5906432748538012,0.35798086554165615,2.103496108364327,1.745515242822671,0.02898492970212799,0.003511885020459607,0.023194827400008056,0.02898492970212799,0.16495686144810984,0.24429748574164992,0.08817751431432863,0.024011628909848707,0.08466562929386902,0.0204997438893891,1
43,0,0.8,171,137,0.12280701754385964,0.08771929824561403,0.28654970760233917,0.33744539209668356,1.035651489225752,0.6982060971290684,0.02898492970212799,0.003511885020459607,0.023194827400008056,0.02898492970212799,0.09866601743245823,0.1416282884798766,0.08817751431432863,0.007861662647332988,0.08466562929386902,0.0043497776268733804,1
43,1,0.8,171,137,0.12280701754385964,0.0935672514619883,0.29239766081871343,0.35798086554165615,1.0561869626707245,0.6982060971290684,0.02898492970212799,0.003511885020459607,0.023194827400008056,0.02898492970212799,0.10126207197123273,0.1455940675976755,0.08817751431432863,0.008328765780482464,0.08466562929386902,0.004816880760022856,1
43,2,0.8,171,137,0.12280701754385964,0.09941520467836257,0.2982456140350877,0.3785163389866288,1.0767224361156973,0.6982060971290684,0.02898492970212799,0.003511885020459607,0.023194827400008056,0.02898492970212799,0.10384773393845487,0.14954890599022896,0.08817751431432863,0.008807397165383014,0.08466562929386902,0.005295512144923407,1
43,3,0.8,171,137,0.12280701754385964,0.08771929824561403,0.28654970760233917,0.33744539209668356,1.035651489225752,0.6982060971290684,0.02898492970212799,0.003511885020459607,0.023194827400008056,0.02898492970212799,0.09866601743245823,0.1416282884798766,0.08817751431432863,0.007861662647332988,0.08466562929386902,0.0043497776268733804,1
43,4,0.8,171,137,0.12280701754385964,0.10526315789473684,0.30409356725146197,0.39905181243160137,1.0972579095606698,0.6982060971290684,0.02898492970212799,0.003511885020459607,0.023194827400008056,0.02898492970212799,0.10642346488629716,0.15349337905789368,0.08817751431432863,0.009297484580678982,0.08466562929386902,0.005785599560219375,1
43,0,0.95,171,163,0.12280701754385964,0.12280701754385964,0.1695906432748538,0.4606582327665192,0.6249420203263,0.1642837875597808,0.02898492970212799,0.003511885020459607,0.023194827400008056,0.02898492970212799,0.08015805287534732,0.11350618426433223,0.08817751431432863,0.0049221523832600304,0.08466562929386902,0.0014102673628004236,1
43,1,0.95,171,163,0.12280701754385964,0.11695906432748537,0.16374269005847952,0.4401227593215466,0.6044065468813274,0.16428378755978085,0.02898492970212799,0.003511885020459607,0.023194827400008056,0.02898492970212799,0.07745871733264519,0.10942793456683626,0.08817751431432863,0.0045506785441657245,0.08466562929386902,0.0010387935237061176,1
43,2,0.95,171,163,0.12280701754385964,0.12280701754385964,0.1695906432748538,0.4606582327665192,0.6249420203263,0.1642837875597808,0.02898492970212799,0.003511885020459607,0.023194827400008056,0.02898492970212799,0.08015805287534732,0.11350618426433223,0.08817751431432863,0.0049221523832600304,0.08466562929386902,0.0014102673628004236,1
43,3,0.95,171,163,0.12280701754385964,0.1111111111111111,0.15789473684210525,0.41958728587657396,0.5838710734363548,0.16428378755978085,0.02898492970212799,0.003511885020459607,0.023194827400008056,0.02898492970212799,0.07474337456829319,0.10533180836952657,0.08817751431432863,0.004191704550490314,0.08466562929386902,0.0006798195300307072,1
43,4,0.95,171,163,0.12280701754385964,0.10526315789473684,0.15204678362573099,0.39905181243160137,0.5633355999913822,0.1642837875597808,0.02898492970212799,0.003511885020459607,0.023194827400008056,0.02898492970212799,0.07201116493760144,0.10121674931538376,0.08817751431432863,0.0038453845769184105,0.08466562929386902,0.00033349955645880364,1
44,0,0.5,136,68,0.0661764705882353,0.014705882352941176,0.5147058823529411,0.08105396629106977,1.836836945836227,1.7557829795451572,0.02898492970212799,0.0009894969419780356,0.023194827400008056,0.02898492970212799,0.13238219008228105,0.1935007606037671,0.018161895921924187,0.022785151919015034,0.01717239897994615,0.021795654977036998,0
44,1,0.5,136,68,0.0661764705882353,0.029411764705882353,0.5294117647058824,0.13269464216004498,1.8884776217052026,1.7557829795451576,0.02898492970212799,0.0009894969419780356,0.023194827400008056,0.02898492970212799,0.13863329276541325,0.2032000434967086,0.018161895921924187,0.026484289264472882,0.01717239897994615,0.025494792322494846,0
44,2,0.5,136,68,0.0661764705882353,0.029411764705882353,0.5294117647058824,0.13269464216004498,1.8884776217052026,1.7557829795451576,0.02898492970212799,0.0009894969419780356,0.023194827400008056,0.02898492970212799,0.13863329276541325,0.2032000434967086,0.018161895921924187,0.026484289264472882,0.01717239897994615,0.025494792322494846,0
44,3,0.5,136,68,0.0661764705882353,0.04411764705882353,0.5441176470588235,0.18433531802902023,1.9401182975741775,1.7557829795451574,0.02898492970212799,0.0009894969419780356,0.023194827400008056,0.02898492970212799,0.14485114363705917,0.21287131568560103,0.018161895921924187,0.03034617370284476,0.01717239897994615,0.029356676760866722,0
44,4,0.5,136,68,0.0661764705882353,0.04411764705882353,0.5441176470588235,0.18433531802902023,1.9401182975741775,1.7557829795451574,0.02898492970212799,0.0009894969419780356,0.023194827400008056,0.02898492970212799,0.14485114363705917,0.21287131568560103,0.018161895921924187,0.03034617370284476,0.01717239897994615,0.029356676760866722,0
44,0,0.8,136,109,0.0661764705882353,0.0661764705882353,0.2647058823529412,0.2617963318324831,0.9589454560636486,0.6971491242311655,0.02898492970212799,0.0009894969419780356,0.023194827400008056,0.02898492970212799,0.08893662330469292,0.12681099736643342,0.018161895921924187,0.0062309904987469895,0.01717239897994615,0.005241493556768954,1
44,1,0.8,136,109,0.0661764705882353,0.058823529411764705,0.25735294117647056,0.23597599389799542,0.9331251181291608,0.6971491242311654,0.02898492970212799,0.0009894969419780356,0.023194827400008056,0.02898492970212799,0.08559993559454793,0.12174650519463442,0.018161895921924187,0.005715350261899795,0.01717239897994615,0.00472585331992176,1
44,2,0.8,136,109,0.0661764705882353,0.04411764705882353,0.2426470588235294,0.18433531802902023,0.8814844422601856,0.6971491242311654,0.02898492970212799,0.0009894969419780356,0.023194827400008056,0.02898492970212799,0.07885995165729787,0.11154419512154579,0.018161895921924187,0.0047416929422454,0.01717239897994615,0.0037521960002673644,1
44,3,0.8,136,109,0.0661764705882353,0.03676470588235294,0.23529411764705882,0.1585149800945326,0.8556641043256981,0.6971491242311655,0.02898492970212799,0.0009894969419780356,0.023194827400008056,0.02898492970212799,0.07545374963833865,0.10640279955762995,0.018161895921924187,0.004284193341718317,0.01717239897994615,0.0032946963997402814,1
44,4,0.8,136,109,0.0661764705882353,0.058823529411764705,0.25735294117647056,0.23597599389799542,0.9331251181291608,0.6971491242311654,0.02898492970212799,0.0009894969419780356,0.023194827400008056,0.02898492970212799,0.08559993559454793,0.12174650519463442,0.018161895921924187,0.005715350261899795,0.01717239897994615,0.00472585331992176,1
44,0,0.95,136,130,0.0661764705882353,0.0661764705882353,0.11029411764705882,0.2617963318324831,0.41671835943940866,0.15492202760692558,0.02898492970212799,0.0009894969419780356,0.023194827400008056,0.02898492970212799,0.05257921932036441,0.07215071060575737,0.018161895921924187,0.0018129899179316939,0.01717239897994615,0.0008234929759536583,1
44,1,0.95,136,130,0.0661764705882353,0.0661764705882353,0.11029411764705882,0.2617963318324831,0.41671835943940866,0.15492202760692558,0.02898492970212799,0.0009894969419780356,0.023194827400008056,0.02898492970212799,0.05257921932036441,0.07215071060575737,0.018161895921924187,0.0018129899179316939,0.01717239897994615,0.0008234929759536583,1
44,2,0.95,136,130,0.0661764705882353,0.0661764705882353,0.11029411764705882,0.2617963318324831,0.41671835943940866,0.15492202760692558,0.02898492970212799,0.0009894969419780356,0.023194827400008056,0.02898492970212799,0.05257921932036441,0.07215071060575737,0.018161895921924187,0.0018129899179316939,0.01717239897994615,0.0008234929759536583,1
44,3,0.95,136,130,0.0661764705882353,0.0661764705882353,0.11029411764705882,0.2617963318324831,0.41671835943940866,0.15492202760692558,0.02898492970212799,0.0009894969419780356,0.023194827400008056,0.02898492970212799,0.05257921932036441,0.07215071060575737,0.018161895921924187,0.0018129899179316939,0.01717239897994615,0.0008234929759536583,1
44,4,0.95,136,130,0.0661764705882353,0.0661764705882353,0.11029411764705882,0.2617963318324831,0.41671835943940866,0.15492202760692558,0.02898492970212799,0.0009894969419780356,0.023194827400008056,0.02898492970212799,0.05257921932036441,0.07215071060575737,0.018161895921924187,0.0018129899179316939,0.01717239897994615,0.0008234929759536583,1
45,0,0.5,135,68,0.044444444444444446,0.014814814814814815,0.5111111111111111,0.08143648981602514,1.8242136695126998,1.7427771796966747,0.02898492970212799,0.00039938032647961826,0.023194827400008056,0.02898492970212799,0.13163891573799819,0.1923491009653531,0.0036626062989682517,0.0431738144424228,0.0032632259724886337,0.04277443411594318,0
45,1,0.5,135,68,0.044444444444444446,0.02962962962962963,0.5259259259259259,0.13345968920995574,1.8762368689066307,1.742777179696675,0.02898492970212799,0.00039938032647961826,0.023194827400008056,0.02898492970212799,0.13794044406791756,0.20212382787765248,0.0036626062989682517,0.04805518605412751,0.0032632259724886337,0.04765580572764789,0
45,2,0.5,135,68,0.044444444444444446,0.037037037037037035,0.5333333333333333,0.15947128890692103,1.9022484686035959,1.742777179696675,0.02898492970212799,0.00039938032647961826,0.023194827400008056,0.02898492970212799,0.14107811121310054,0.20699995525273907,0.0036626062989682517,0.05053986790638626,0.0032632259724886337,0.05014048757990664,0
45,3,0.5,135,68,0.044444444444444446,0.037037037037037035,0.5333333333333333,0.15947128890692103,1.9022484686035959,1.742777179696675,0.02898492970212799,0.00039938032647961826,0.023194827400008056,0.02898492970212799,0.14107811121310054,0.20699995525273907,0.0036626062989682517,0.05053986790638626,0.0032632259724886337,0.05014048757990664,0
45,4,0.5,135,68,0.044444444444444446,0.037037037037037035,0.5333333333333333,0.15947128890692103,1.9022484686035959,1.742777179696675,0.02898492970212799,0.00039938032647961826,0.023194827400008056,0.02898492970212799,0.14107811121310054,0.20699995525273907,0.0036626062989682517,0.05053986790638626,0.0032632259724886337,0.05014048757990664,0
45,0,0.8,135,108,0.044444444444444446,0.037037037037037035,0.23703703703703705,0.15947128890692103,0.861784480724984,0.702313191818063,0.02898492970212799,0.00039938032647961826,0.023194827400008056,0.02898492970212799,0.07592204204977734,0.10710905713010828,0.0036626062989682517,0.008209197933145396,0.0032632259724886337,0.007809817606665778,0
45,1,0.8,135,108,0.044444444444444446,0.022222222222222223,0.2222222222222222,0.10744808951299044,0.8097612813310534,0.702313191818063,0.02898492970212799,0.00039938032647961826,0.023194827400008056,0.02898492970212799,0.06898514208410123,0.09666695243486871,0.0036626062989682517,0.005321275409605031,0.0032632259724886337,0.004921895083125413,0
45,2,0.8,135,108,0.044444444444444446,0.037037037037037035,0.23703703703703705,0.15947128890692103,0.861784480724984,0.702313191818063,0.02898492970212799,0.00039938032647961826,0.023194827400008056,0.02898492970212799,0.07592204204977734,0.10710905713010828,0.0036626062989682517,0.008209197933145396,0.0032632259724886337,0.007809817606665778,0
45,3,0.8,135,108,0.044444444444444446,0.037037037037037035,0.23703703703703705,0.15947128890692103,0.861784480724984,0.702313191818063,0.02898492970212799,0.00039938032647961826,0.023194827400008056,0.02898492970212799,0.07592204204977734,0.10710905713010828,0.0036626062989682517,0.008209197933145396,0.0032632259724886337,0.007809817606665778,0
45,4,0.8,135,108,0.044444444444444446,0.037037037037037035,0.23703703703703705,0.15947128890692103,0.861784480724984,0.702313191818063,0.02898492970212799,0.00039938032647961826,0.023194827400008056,0.02898492970212799,0.07592204204977734,0.10710905713010828,0.0036626062989682517,0.008209197933145396,0.0032632259724886337,0.007809817606665778,0
45,0,0.95,135,129,0.044444444444444446,0.037037037037037035,0.08148148148148149,0.15947128890692103,0.3155408870887128,0.15606959818179178,0.02898492970212799,0.00039938032647961826,0.023194827400008056,0.02898492970212799,0.037868628826541746,0.050407776167429724,0.0036626062989682517,0.0007766604726715535,0.0032632259724886337,0.0003772801461919352,1
45,1,0.95,135,129,0.044444444444444446,0.037037037037037035,0.08148148148148149,0.15947128890692103,0.3155408870887128,0.15606959818179178,0.02898492970212799,0.00039938032647961826,0.023194827400008056,0.02898492970212799,0.037868628826541746,0.050407776167429724,0.0036626062989682517,0.0007766604726715535,0.0032632259724886337,0.0003772801461919352,1
45,2,0.95,135,129,0.044444444444444446,0.044444444444444446,0.08888888888888889,0.18548288860388634,0.3415524867856781,0.15606959818179178,0.02898492970212799,0.00039938032647961826,0.023194827400008056,0.02898492970212799,0.041708517235125094,0.056059440859793606,0.0036626062989682517,0.001005430065250225,0.0032632259724886337,0.0006060497387706068,1
45,3,0.95,135,129,0.044444444444444446,0.044444444444444446,0.08888888888888889,0.18548288860388634,0.3415524867856781,0.15606959818179178,0.02898492970212799,0.00039938032647961826,0.023194827400008056,0.02898492970212799,0.041708517235125094,0.056059440859793606,0.0036626062989682517,0.001005430065250225,0.0032632259724886337,0.0006060497387706068,1
45,4,0.95,135,129,0.044444444444444446,0.044444444444444446,0.08888888888888889,0.18548288860388634,0.3415524867856781,0.15606959818179178,0.02898492970212799,0.00039938032647961826,0.023194827400008056,0.02898492970212799,0.041708517235125094,0.056059440859793606,0.0036626062989682517,0.001005430065250225,0.0032632259724886337,0.0006060497387706068,1
46,0,0.5,127,64,0.07874015748031496,0.047244094488188976,0.5433070866141733,0.19531404439486533,1.9372719611089588,1.7419579167140935,0.02898492970212799,0.0014322837621202063,0.023194827400008056,0.02898492970212799,0.1453394459256235,0.21363180021688166,0.03023298264209434,0.020867948623910337,0.028800698879974135,0.01943566486179013,1
46,1,0.5,127,64,0.07874015748031496,0.031496062992125984,0.5275590551181102,0.1400137930706084,1.8819717097847015,1.741957916714093,0.02898492970212799,0.0014322837621202063,0.023194827400008056,0.02898492970212799,0.1386823766479418,0.20327629755035434,0.03023298264209434,0.017411722428028575,0.028800698879974135,0.01597943866590837,1
46,2,0.5,127,64,0.07874015748031496,0.031496062992125984,0.5275590551181102,0.1400137930706084,1.8819717097847015,1.741957916714093,0.02898492970212799,0.0014322837621202063,0.023194827400008056,0.02898492970212799,0.1386823766479418,0.20327629755035434,0.03023298264209434,0.017411722428028575,0.028800698879974135,0.01597943866590837,1
46,3,0.5,127,64,0.07874015748031496,0.007874015748031496,0.5039370078740157,0.05706341608422302,1.7990213327983162,1.7419579167140933,0.02898492970212799,0.0014322837621202063,0.023194827400008056,0.02898492970212799,0.1286236918547087,0.18768076226888225,0.03023298264209434,0.014071580269240885,0.028800698879974135,0.012639296507120678,1
46,4,0.5,127,64,0.07874015748031496,0.03937007874015748,0.5354330708661418,0.16766391873273687,1.9096218354468304,1.7419579167140935,0.02898492970212799,0.0014322837621202063,0.023194827400008056,0.02898492970212799,0.14201535783881591,0.20845764667446004,0.03023298264209434,0.019113577367655177,0.028800698879974135,0.01768129360553497,1
46,0,0.8,127,102,0.07874015748031496,0.07086614173228346,0.2677165354330709,0.27826442138125074,0.9695175629344625,0.6912531415532117,0.02898492970212799,0.0014322837621202063,0.023194827400008056,0.02898492970212799,0.09067554831396188,0.12945388996513268,0.03023298264209434,0.006508544095758398,0.028800698879974135,0.005076260333638193,1
46,1,0.8,127,102,0.07874015748031496,0.06299212598425197,0.25984251968503935,0.2506142957191223,0.9418674372723338,0.6912531415532115,0.02898492970212799,0.0014322837621202063,0.023194827400008056,0.02898492970212799,0.08711325463647134,0.12404234350659211,0.03023298264209434,0.0059464540406292685,0.028800698879974135,0.004514170278509063,1
46,2,0.8,127,102,0.07874015748031496,0.07086614173228346,0.2677165354330709,0.27826442138125074,0.9695175629344625,0.6912531415532117,0.02898492970212799,0.0014322837621202063,0.023194827400008056,0.02898492970212799,0.09067554831396188,0.12945388996513268,0.03023298264209434,0.006508544095758398,0.028800698879974135,0.005076260333638193,1
46,3,0.8,127,102,0.07874015748031496,0.031496062992125984,0.2283464566929134,0.1400137930706084,0.8312669346238201,0.6912531415532117,0.02898492970212799,0.0014322837621202063,0.023194827400008056,0.02898492970212799,0.07260426155482218,0.10210946751240832,0.03023298264209434,0.003919293564824587,0.028800698879974135,0.002487009802704381,1
46,4,0.8,127,102,0.07874015748031496,0.06299212598425197,0.25984251968503935,0.2506142957191223,0.9418674372723338,0.6912531415532115,0.02898492970212799,0.0014322837621202063,0.023194827400008056,0.02898492970212799,0.08711325463647134,0.12404234350659211,0.03023298264209434,0.0059464540406292685,0.028800698879974135,0.004514170278509063,1
46,0,0.95,127,121,0.07874015748031496,0.07874015748031496,0.12598425196850394,0.30591454704337917,0.47181530101615,0.16590075397277082,0.02898492970212799,0.0014322837621202063,0.023194827400008056,0.02898492970212799,0.059491755548103084,0.0824483248015666,0.03023298264209434,0.0024494338672331924,0.028800698879974135,0.0010171501051129861,1
46,1,0.95,127,121,0.07874015748031496,0.07086614173228346,0.11811023622047244,0.27826442138125074,0.44416517535402156,0.16590075397277082,0.02898492970212799,0.0014322837621202063,0.023194827400008056,0.02898492970212799,0.05565692178274612,0.07672956153858848,0.03023298264209434,0.0020845545066757974,0.028800698879974135,0.0006522707445555912,1
46,2,0.95,127,121,0.07874015748031496,0.07874015748031496,0.12598425196850394,0.30591454704337917,0.47181530101615,0.16590075397277082,0.02898492970212799,0.0014322837621202063,0.023194827400008056,0.02898492970212799,0.059491755548103084,0.0824483248015666,0.03023298264209434,0.0024494338672331924,0.028800698879974135,0.0010171501051129861,1
46,3,0.95,127,121,0.07874015748031496,0.07874015748031496,0.12598425196850394,0.30591454704337917,0.47181530101615,0.16590075397277082,0.02898492970212799,0.0014322837621202063,0.023194827400008056,0.02898492970212799,0.059491755548103084,0.0824483248015666,0.03023298264209434,0.0024494338672331924,0.028800698879974135,0.0010171501051129861,1
46,4,0.95,127,121,0.07874015748031496,0.07874015748031496,0.12598425196850394,0.30591454704337917,0.47181530101615,0.16590075397277082,0.02898492970212799,0.0014322837621202063,0.023194827400008056,0.02898492970212799,0.059491755548103084,0.0824483248015666,0.03023298264209434,0.0024494338672331924,0.028800698879974135,0.0010171501051129861,1
47,0,0.5,103,52,0.07766990291262135,0.009708737864077669,0.5048543689320388,0.0635061638113209,1.8022427066618651,1.7387365428505444,0.02898492970212799,0.0013918189083512577,0.023194827400008056,0.02898492970212799,0.1292123039662411,0.18859163202716014,0.029115027514911074,0.014211573416939462,0.027723208606559815,0.012819754508588204,1
47,1,0.5,103,52,0.07766990291262135,0.05825242718446602,0.5533980582524272,0.23397053075745272,1.9727070736079968,1.7387365428505441,0.02898492970212799,0.0013918189083512577,0.023194827400008056,0.02898492970212799,0.14978018543922506,0.2205542575594283,0.029115027514911074,0.02407938968120943,0.027723208606559815,0.02268757077285817,1
47,2,0.5,103,52,0.07766990291262135,0.038834951456310676,0.5339805825242718,0.16578478397899998,1.9045213268295442,1.7387365428505444,0.02898492970212799,0.0013918189083512577,0.023194827400008056,0.02898492970212799,0.14159519339345414,0.2078041033998654,0.029115027514911074,0.019607446326363687,0.027723208606559815,0.01821562741801243,1
47,3,0.5,103,52,0.07766990291262135,0.04854368932038835,0.5436893203883495,0.19987765736822635,1.9386142002187707,1.7387365428505444,0.02898492970212799,0.0013918189083512577,0.023194827400008056,0.02898492970212799,0.145693945205229,0.21418398747516354,0.029115027514911074,0.021805597264000443,0.027723208606559815,0.020413778355649184,1
47,4,0.5,103,52,0.07766990291262135,0.06796116504854369,0.5631067961165048,0.26806340414667906,2.0067999469972233,1.7387365428505444,0.02898492970212799,0.0013918189083512577,0.023194827400008056,0.02898492970212799,0.1538549931295531,0.22691634076315106,0.029115027514911074,0.026425626137439595,0.027723208606559815,0.025033807229088337,1
47,0,0.8,103,83,0.07766990291262135,0.04854368932038835,0.24271844660194175,0.19987765736822635,0.8817351251527535,0.6818574677845272,0.02898492970212799,0.0013918189083512577,0.023194827400008056,0.02898492970212799,0.07989666044293277,0.11311099341052124,0.029115027514911074,0.004885543141074643,0.027723208606559815,0.003493724232723386,1
47,1,0.8,103,83,0.07766990291262135,0.05825242718446602,0.2524271844660194,0.23397053075745272,0.9158279985419798,0.681857467784527,0.02898492970212799,0.0013918189083512577,0.023194827400008056,0.02898492970212799,0.0843472174015289,0.11984742665301383,0.029115027514911074,0.005527508735350202,0.027723208606559815,0.004135689826998945,1
47,2,0.8,103,83,0.07766990291262135,0.04854368932038835,0.24271844660194175,0.19987765736822635,0.8817351251527535,0.6818574677845272,0.02898492970212799,0.0013918189083512577,0.023194827400008056,0.02898492970212799,0.07989666044293277,0.11311099341052124,0.029115027514911074,0.004885543141074643,0.027723208606559815,0.003493724232723386,1
47,3,0.8,103,83,0.07766990291262135,0.06796116504854369,0.2621359223300971,0.26806340414667906,0.9499208719312062,0.6818574677845272,0.02898492970212799,0.0013918189083512577,0.023194827400008056,0.02898492970212799,0.08875897865362206,0.12654114017954565,0.029115027514911074,0.006202976718561696,0.027723208606559815,0.004811157810210439,1
47,4,0.8,103,83,0.07766990291262135,0.04854368932038835,0.24271844660194175,0.19987765736822635,0.8817351251527535,0.6818574677845272,0.02898492970212799,0.0013918189083512577,0.023194827400008056,0.02898492970212799,0.07989666044293277,0.11311099341052124,0.029115027514911074,0.004885543141074643,0.027723208606559815,0.003493724232723386,1
47,0,0.95,103,98,0.07766990291262135,0.06796116504854369,0.11650485436893204,0.26806340414667906,0.4385277710928109,0.17046436694613182,0.02898492970212799,0.0013918189083512577,0.023194827400008056,0.02898492970212799,0.05455034697342789,0.07508212867755155,0.029115027514911074,0.0019847334154528156,0.027723208606559815,0.000592914507101558,1
47,1,0.95,103,98,0.07766990291262135,0.07766990291262135,0.1262135922330097,0.3021562775359054,0.4726206444820372,0.17046436694613182,0.02898492970212799,0.0013918189083512577,0.023194827400008056,0.02898492970212799,0.05928807444979456,0.08214421278597038,0.029115027514911074,0.002429314282968491,0.027723208606559815,0.0010374953746172335,1
47,2,0.95,103,98,0.07766990291262135,0.07766990291262135,0.1262135922330097,0.3021562775359054,0.4726206444820372,0.17046436694613182,0.02898492970212799,0.0013918189083512577,0.023194827400008056,0.02898492970212799,0.05928807444979456,0.08214421278597038,0.029115027514911074,0.002429314282968491,0.027723208606559815,0.0010374953746172335,1
47,3,0.95,103,98,0.07766990291262135,0.07766990291262135,0.1262135922330097,0.3021562775359054,0.4726206444820372,0.17046436694613182,0.02898492970212799,0.0013918189083512577,0.023194827400008056,0.02898492970212799,0.05928807444979456,0.08214421278597038,0.029115027514911074,0.002429314282968491,0.027723208606559815,0.0010374953746172335,1
47,4,0.95,103,98,0.07766990291262135,0.07766990291262135,0.1262135922330097,0.3021562775359054,0.4726206444820372,0.17046436694613182,0.02898492970212799,0.0013918189083512577,0.023194827400008056,0.02898492970212799,0.05928807444979456,0.08214421278597038,0.029115027514911074,0.002429314282968491,0.027723208606559815,0.0010374953746172335,1
48,0,0.5,99,50,0.06060606060606061,0.04040404040404041,0.5353535353535354,0.17129474331463254,1.9093425412482228,1.7380477979335902,0.02898492970212799,0.0008163252822984537,0.023194827400008056,0.02898492970212799,0.1422170647143939,0.20877142849645725,0.013603596178040217,0.0336812097088289,0.012787270895741764,0.03286488442653045,0
48,1,0.5,99,50,0.06060606060606061,0.04040404040404041,0.5353535353535354,0.17129474331463254,1.9093425412482228,1.7380477979335902,0.02898492970212799,0.0008163252822984537,0.023194827400008056,0.02898492970212799,0.1422170647143939,0.20877142849645725,0.013603596178040217,0.0336812097088289,0.012787270895741764,0.03286488442653045,0
48,2,0.5,99,50,0.06060606060606061,0.04040404040404041,0.5353535353535354,0.17129474331463254,1.9093425412482228,1.7380477979335902,0.02898492970212799,0.0008163252822984537,0.023194827400008056,0.02898492970212799,0.1422170647143939,0.20877142849645725,0.013603596178040217,0.0336812097088289,0.012787270895741764,0.03286488442653045,0
48,3,0.5,99,50,0.06060606060606061,0.030303030303030304,0.5252525252525253,0.13582438009149805,1.8738721780250884,1.7380477979335904,0.02898492970212799,0.0008163252822984537,0.023194827400008056,0.02898492970212799,0.13794044406791767,0.20212382787765237,0.013603596178040217,0.03085979407160902,0.012787270895741764,0.030043468789310565,0
48,4,0.5,99,50,0.06060606060606061,0.030303030303030304,0.5252525252525253,0.13582438009149805,1.8738721780250884,1.7380477979335904,0.02898492970212799,0.0008163252822984537,0.023194827400008056,0.02898492970212799,0.13794044406791767,0.20212382787765237,0.013603596178040217,0.03085979407160902,0.012787270895741764,0.030043468789310565,0
48,0,0.8,99,80,0.06060606060606061,0.06060606060606061,0.25252525252525254,0.24223546976090155,0.916172371000457,0.6739369012395555,0.02898492970212799,0.0008163252822984537,0.023194827400008056,0.02898492970212799,0.08490633262993066,0.12069486844227346,0.013603596178040217,0.005610958668065816,0.012787270895741764,0.004794633385767363,1
48,1,0.8,99,80,0.06060606060606061,0.04040404040404041,0.23232323232323232,0.17129474331463254,0.845231644554188,0.6739369012395554,0.02898492970212799,0.0008163252822984537,0.023194827400008056,0.02898492970212799,0.07560913455014598,0.1066371229731089,0.013603596178040217,0.004304558536419159,0.012787270895741764,0.0034882332541207053,1
48,2,0.8,99,80,0.06060606060606061,0.050505050505050504,0.24242424242424243,0.20676510653776703,0.8807020077773224,0.6739369012395554,0.02898492970212799,0.0008163252822984537,0.023194827400008056,0.02898492970212799,0.08028038276032433,0.11369115066914916,0.013603596178040217,0.004939332200937694,0.012787270895741764,0.0041230069186392404,1
48,3,0.8,99,80,0.06060606060606061,0.04040404040404041,0.23232323232323232,0.17129474331463254,0.845231644554188,0.6739369012395554,0.02898492970212799,0.0008163252822984537,0.023194827400008056,0.02898492970212799,0.07560913455014598,0.1066371229731089,0.013603596178040217,0.004304558536419159,0.012787270895741764,0.0034882332541207053,1
48,4,0.8,99,80,0.06060606060606061,0.050505050505050504,0.24242424242424243,0.20676510653776703,0.8807020077773224,0.6739369012395554,0.02898492970212799,0.0008163252822984537,0.023194827400008056,0.02898492970212799,0.08028038276032433,0.11369115066914916,0.013603596178040217,0.004939332200937694,0.012787270895741764,0.0041230069186392404,1
48,0,0.95,99,95,0.06060606060606061,0.06060606060606061,0.10101010101010101,0.24223546976090155,0.3841169226534395,0.14188145289253795,0.02898492970212799,0.0008163252822984537,0.023194827400008056,0.02898492970212799,0.04888299477221693,0.0666648150924153,0.013603596178040217,0.0015118872824562489,0.012787270895741764,0.0006955620001577952,1
48,1,0.95,99,95,0.06060606060606061,0.050505050505050504,0.09090909090909091,0.20676510653776703,0.348646559430305,0.14188145289253795,0.02898492970212799,0.0008163252822984537,0.023194827400008056,0.02898492970212799,0.043778146664647376,0.05911279697631959,0.013603596178040217,0.0011409631920984286,0.012787270895741764,0.00032463790979997485,1
48,2,0.95,99,95,0.06060606060606061,0.06060606060606061,0.10101010101010101,0.24223546976090155,0.3841169226534395,0.14188145289253795,0.02898492970212799,0.0008163252822984537,0.023194827400008056,0.02898492970212799,0.04888299477221693,0.0666648150924153,0.013603596178040217,0.0015118872824562489,0.012787270895741764,0.0006955620001577952,1
48,3,0.95,99,95,0.06060606060606061,0.06060606060606061,0.10101010101010101,0.24223546976090155,0.3841169226534395,0.14188145289253795,0.02898492970212799,0.0008163252822984537,0.023194827400008056,0.02898492970212799,0.04888299477221693,0.0666648150924153,0.013603596178040217,0.0015118872824562489,0.012787270895741764,0.0006955620001577952,1
48,4,0.95,99,95,0.06060606060606061,0.06060606060606061,0.10101010101010101,0.24223546976090155,0.3841169226534395,0.14188145289253795,0.02898492970212799,0.0008163252822984537,0.023194827400008056,0.02898492970212799,0.04888299477221693,0.0666648150924153,0.013603596178040217,0.0015118872824562489,0.012787270895741764,0.0006955620001577952,1
49,0,0.5,133,67,0.10526315789473684,0.015037593984962405,0.5112781954887218,0.08221879356630982,1.8248003973254134,1.7425816037591035,0.02898492970212799,0.0025901819811519526,0.023194827400008056,0.02898492970212799,0.13172207153548063,0.19247792873655792,0.06255605484808535,0.014816262698888664,0.059965872866933397,0.01222608071773671,1
49,1,0.5,133,67,0.10526315789473684,0.05263157894736842,0.5488721804511278,0.21423255142684797,1.9568141551859517,1.7425816037591038,0.02898492970212799,0.0025901819811519526,0.023194827400008056,0.02898492970212799,0.14764638787956497,0.21722654264839295,0.06255605484808535,0.018946528096291645,0.059965872866933397,0.016356346115139694,1
49,2,0.5,133,67,0.10526315789473684,0.03759398496240601,0.5338345864661654,0.16142704828263268,1.9040086520417365,1.7425816037591038,0.02898492970212799,0.0025901819811519526,0.023194827400008056,0.02898492970212799,0.1413019171626824,0.2073479907262224,0.06255605484808535,0.01724019345059591,0.059965872866933397,0.014650011469443957,1
49,3,0.5,133,67,0.10526315789473684,0.05263157894736842,0.5488721804511278,0.21423255142684797,1.9568141551859517,1.7425816037591038,0.02898492970212799,0.0025901819811519526,0.023194827400008056,0.02898492970212799,0.14764638787956497,0.21722654264839295,0.06255605484808535,0.018946528096291645,0.059965872866933397,0.016356346115139694,1
49,4,0.5,133,67,0.10526315789473684,0.03759398496240601,0.5338345864661654,0.16142704828263268,1.9040086520417365,1.7425816037591038,0.02898492970212799,0.0025901819811519526,0.023194827400008056,0.02898492970212799,0.1413019171626824,0.2073479907262224,0.06255605484808535,0.01724019345059591,0.059965872866933397,0.014650011469443957,1
49,0,0.8,133,107,0.10526315789473684,0.07518796992481203,0.2706766917293233,0.29344080614317086,0.9799123470179693,0.6864715408747983,0.02898492970212799,0.0025901819811519526,0.023194827400008056,0.02898492970212799,0.09231499900215727,0.1319477729451784,0.06255605484808535,0.006775759060725153,0.059965872866933397,0.004185577079573201,1
49,1,0.8,133,107,0.10526315789473684,0.08270676691729323,0.2781954887218045,0.3198435577152785,1.0063150985900768,0.6864715408747983,0.02898492970212799,0.0025901819811519526,0.023194827400008056,0.02898492970212799,0.0956857474840984,0.13708179535577417,0.06255605484808535,0.007342047321908677,0.059965872866933397,0.004751865340756724,1
49,2,0.8,133,107,0.10526315789473684,0.09022556390977443,0.2857142857142857,0.3462463092873861,1.0327178501621843,0.6864715408747982,0.02898492970212799,0.0025901819811519526,0.023194827400008056,0.02898492970212799,0.0990375367925356,0.1421955207821998,0.06255605484808535,0.007927682958082131,0.059965872866933397,0.0053375009769301785,1
49,3,0.8,133,107,0.10526315789473684,0.08270676691729323,0.2781954887218045,0.3198435577152785,1.0063150985900768,0.6864715408747983,0.02898492970212799,0.0025901819811519526,0.023194827400008056,0.02898492970212799,0.0956857474840984,0.13708179535577417,0.06255605484808535,0.007342047321908677,0.059965872866933397,0.004751865340756724,1
49,4,0.8,133,107,0.10526315789473684,0.08270676691729323,0.2781954887218045,0.3198435577152785,1.0063150985900768,0.6864715408747983,0.02898492970212799,0.0025901819811519526,0.023194827400008056,0.02898492970212799,0.0956857474840984,0.13708179535577417,0.06255605484808535,0.007342047321908677,0.059965872866933397,0.004751865340756724,1
49,0,0.95,133,127,0.10526315789473684,0.10526315789473684,0.15037593984962405,0.39905181243160137,0.5574683218642471,0.15841650943264574,0.02898492970212799,0.0025901819811519526,0.023194827400008056,0.02898492970212799,0.07161941915641863,0.10062727281372207,0.06255605484808535,0.003796952817174411,0.059965872866933397,0.0012067708360224585,1
49,1,0.95,133,127,0.10526315789473684,0.10526315789473684,0.15037593984962405,0.39905181243160137,0.5574683218642471,0.15841650943264574,0.02898492970212799,0.0025901819811519526,0.023194827400008056,0.02898492970212799,0.07161941915641863,0.10062727281372207,0.06255605484808535,0.003796952817174411,0.059965872866933397,0.0012067708360224585,1
49,2,0.95,133,127,0.10526315789473684,0.09774436090225563,0.14285714285714285,0.3726490608594938,0.5310655702921395,0.15841650943264574,0.02898492970212799,0.0025901819811519526,0.023194827400008056,0.02898492970212799,0.06807689131558566,0.09530296886342624,0.06255605484808535,0.0033729253048823482,0.059965872866933397,0.0007827433237303956,1
49,3,0.95,133,127,0.10526315789473684,0.09774436090225563,0.14285714285714285,0.3726490608594938,0.5310655702921395,0.15841650943264574,0.02898492970212799,0.0025901819811519526,0.023194827400008056,0.02898492970212799,0.06807689131558566,0.09530296886342624,0.06255605484808535,0.0033729253048823482,0.059965872866933397,0.0007827433237303956,1
49,4,0.95,133,127,0.10526315789473684,0.09022556390977443,0.13533834586466165,0.3462463092873861,0.5046628187200319,0.15841650943264585,0.02898492970212799,0.0025901819811519526,0.023194827400008056,0.02898492970212799,0.06450251366782583,0.08994249605148588,0.06255605484808535,0.0029705239961115414,0.059965872866933397,0.0003803420149595888,1
50,0,0.5,115,58,0.02608695652173913,0.008695652173913044,0.5043478260869565,0.059948646588097294,1.8004639480502533,1.740515301462156,0.02898492970212799,9.44602870230264e-05,0.023194827400008056,0.02898492970212799,0.12888733111862682,0.18808871341479158,0.00017410347011600333,0.06696668341833124,7.964318309297693e-05,0.06687222313130822,0
50,1,0.5,115,58,0.02608695652173913,0.02608695652173913,0.5217391304347826,0.12101935892010277,1.861534660382259,1.7405153014621562,0.02898492970212799,9.44602870230264e-05,0.023194827400008056,0.02898492970212799,0.1363000405674917,0.1995769259246257,0.00017410347011600333,0.07383084921508572,7.964318309297693e-05,0.0737363889280627,0
50,2,0.5,115,58,0.02608695652173913,0.0,0.4956521739130435,0.029413290422094555,1.7699285918842507,1.7405153014621562,0.02898492970212799,9.44602870230264e-05,0.023194827400008056,0.02898492970212799,0.12516040878435306,0.18232586811084045,0.00017410347011600333,0.06357428827973814,7.964318309297693e-05,0.06347982799271512,0
50,3,0.5,115,58,0.02608695652173913,0.02608695652173913,0.5217391304347826,0.12101935892010277,1.861534660382259,1.7405153014621562,0.02898492970212799,9.44602870230264e-05,0.023194827400008056,0.02898492970212799,0.1363000405674917,0.1995769259246257,0.00017410347011600333,0.07383084921508572,7.964318309297693e-05,0.0737363889280627,0
50,4,0.5,115,58,0.02608695652173913,0.02608695652173913,0.5217391304347826,0.12101935892010277,1.861534660382259,1.7405153014621562,0.02898492970212799,9.44602870230264e-05,0.023194827400008056,0.02898492970212799,0.1363000405674917,0.1995769259246257,0.00017410347011600333,0.07383084921508572,7.964318309297693e-05,0.0737363889280627,0
50,0,0.8,115,92,0.02608695652173913,0.008695652173913044,0.20869565217391303,0.059948646588097294,0.7622618384061602,0.702313191818063,0.02898492970212799,9.44602870230264e-05,0.023194827400008056,0.02898492970212799,0.06254569727899505,0.08701296840991529,0.00017410347011600333,0.014346634697093671,7.964318309297693e-05,0.014252174410070645,0
50,1,0.8,115,92,0.02608695652173913,0.02608695652173913,0.22608695652173913,0.12101935892010277,0.8233325507381657,0.702313191818063,0.02898492970212799,9.44602870230264e-05,0.023194827400008056,0.02898492970212799,0.07080580294651982,0.09940342939307914,0.00017410347011600333,0.019730097787783632,7.964318309297693e-05,0.019635637500760604,0
50,2,0.8,115,92,0.02608695652173913,0.02608695652173913,0.22608695652173913,0.12101935892010277,0.8233325507381657,0.702313191818063,0.02898492970212799,9.44602870230264e-05,0.023194827400008056,0.02898492970212799,0.07080580294651982,0.09940342939307914,0.00017410347011600333,0.019730097787783632,7.964318309297693e-05,0.019635637500760604,0
50,3,0.8,115,92,0.02608695652173913,0.017391304347826087,0.21739130434782608,0.09048400275410003,0.792797194572163,0.702313191818063,0.02898492970212799,9.44602870230264e-05,0.023194827400008056,0.02898492970212799,0.06669766871252512,0.09323314657448423,0.00017410347011600333,0.016992986422900966,7.964318309297693e-05,0.016898526135877938,0
50,4,0.8,115,92,0.02608695652173913,0.02608695652173913,0.22608695652173913,0.12101935892010277,0.8233325507381657,0.702313191818063,0.02898492970212799,9.44602870230264e-05,0.023194827400008056,0.02898492970212799,0.07080580294651982,0.09940342939307914,0.00017410347011600333,0.019730097787783632,7.964318309297693e-05,0.019635637500760604,0
50,0,0.95,115,110,0.02608695652173913,0.02608695652173913,0.06956521739130435,0.12101935892010277,0.2736961397501165,0.1526767808300137,0.02898492970212799,9.44602870230264e-05,0.023194827400008056,0.02898492970212799,0.031810898136782666,0.04152887803681446,0.00017410347011600333,0.000565867481164703,7.964318309297693e-05,0.00047140719414167655,0
50,1,0.95,115,110,0.02608695652173913,0.02608695652173913,0.06956521739130435,0.12101935892010277,0.2736961397501165,0.1526767808300137,0.02898492970212799,9.44602870230264e-05,0.023194827400008056,0.02898492970212799,0.031810898136782666,0.04152887803681446,0.00017410347011600333,0.000565867481164703,7.964318309297693e-05,0.00047140719414167655,0
50,2,0.95,115,110,0.02608695652173913,0.017391304347826087,0.06086956521739131,0.09048400275410003,0.24316078358411375,0.15267678083001374,0.02898492970212799,9.44602870230264e-05,0.023194827400008056,0.02898492970212799,0.02707798957727226,0.03462538208179275,0.00017410347011600333,0.0002916577280014199,7.964318309297693e-05,0.0001971974409783935,0
50,3,0.95,115,110,0.02608695652173913,0.02608695652173913,0.06956521739130435,0.12101935892010277,0.2736961397501165,0.1526767808300137,0.02898492970212799,9.44602870230264e-05,0.023194827400008056,0.02898492970212799,0.031810898136782666,0.04152887803681446,0.00017410347011600333,0.000565867481164703,7.964318309297693e-05,0.00047140719414167655,0
50,4,0.95,115,110,0.02608695652173913,0.02608695652173913,0.06956521739130435,0.12101935892010277,0.2736961397501165,0.1526767808300137,0.02898492970212799,9.44602870230264e-05,0.023194827400008056,0.02898492970212799,0.031810898136782666,0.04152887803681446,0.00017410347011600333,0.000565867481164703,7.964318309297693e-05,0.00047140719414167655,0
51,0,0.5,99,50,0.08080808080808081,0.04040404040404041,0.5353535353535354,0.17129474331463254,1.9093425412482228,1.7380477979335902,0.02898492970212799,0.0015118872824562487,0.023194827400008056,0.02898492970212799,0.1422170647143939,0.20877142849645725,0.032437633208661776,0.01787748116409471,0.030925745926205526,0.01636559388163846,1
51,1,0.5,99,50,0.08080808080808081,0.04040404040404041,0.5353535353535354,0.17129474331463254,1.9093425412482228,1.7380477979335902,0.02898492970212799,0.0015118872824562487,0.023194827400008056,0.02898492970212799,0.1422170647143939,0.20877142849645725,0.032437633208661776,0.01787748116409471,0.030925745926205526,0.01636559388163846,1
51,2,0.5,99,50,0.08080808080808081,0.050505050505050504,0.5454545454545454,0.20676510653776703,1.9448129044713571,1.7380477979335902,0.02898492970212799,0.0015118872824562487,0.023194827400008056,0.02898492970212799,0.14647910942223838,0.21540726537683783,0.032437633208661776,0.02006990558736449,0.030925745926205526,0.01855801830490824,1
51,3,0.5,99,50,0.08080808080808081,0.050505050505050504,0.5454545454545454,0.20676510653776703,1.9448129044713571,1.7380477979335902,0.02898492970212799,0.0015118872824562487,0.023194827400008056,0.02898492970212799,0.14647910942223838,0.21540726537683783,0.032437633208661776,0.02006990558736449,0.030925745926205526,0.01855801830490824,1
51,4,0.5,99,50,0.08080808080808081,0.050505050505050504,0.5454545454545454,0.20676510653776703,1.9448129044713571,1.7380477979335902,0.02898492970212799,0.0015118872824562487,0.023194827400008056,0.02898492970212799,0.14647910942223838,0.21540726537683783,0.032437633208661776,0.02006990558736449,0.030925745926205526,0.01855801830490824,1
51,0,0.8,99,80,0.08080808080808081,0.08080808080808081,0.2727272727272727,0.3131761962071705,0.9871130974467258,0.6739369012395553,0.02898492970212799,0.0015118872824562487,0.023194827400008056,0.02898492970212799,0.0940368608843102,0.13456926676335393,0.032437633208661776,0.007062193987288906,0.030925745926205526,0.005550306704832657,1
51,1,0.8,99,80,0.08080808080808081,0.06060606060606061,0.25252525252525254,0.24223546976090155,0.916172371000457,0.6739369012395555,0.02898492970212799,0.0015118872824562487,0.023194827400008056,0.02898492970212799,0.08490633262993066,0.12069486844227346,0.032437633208661776,0.005610958668065816,0.030925745926205526,0.004099071385609568,1
51,2,0.8,99,80,0.08080808080808081,0.06060606060606061,0.25252525252525254,0.24223546976090155,0.916172371000457,0.6739369012395555,0.02898492970212799,0.0015118872824562487,0.023194827400008056,0.02898492970212799,0.08490633262993066,0.12069486844227346,0.032437633208661776,0.005610958668065816,0.030925745926205526,0.004099071385609568,1
51,3,0.8,99,80,0.08080808080808081,0.0707070707070707,0.26262626262626265,0.277705832984036,0.9516427342235915,0.6739369012395555,0.02898492970212799,0.0015118872824562487,0.023194827400008056,0.02898492970212799,0.08949071574528554,0.12765287132540065,0.032437633208661776,0.006318773889697787,0.030925745926205526,0.004806886607241539,1
51,4,0.8,99,80,0.08080808080808081,0.0707070707070707,0.26262626262626265,0.277705832984036,0.9516427342235915,0.6739369012395555,0.02898492970212799,0.0015118872824562487,0.023194827400008056,0.02898492970212799,0.08949071574528554,0.12765287132540065,0.032437633208661776,0.006318773889697787,0.030925745926205526,0.004806886607241539,1
51,0,0.95,99,95,0.08080808080808081,0.08080808080808081,0.12121212121212122,0.3131761962071705,0.4550576490997085,0.141881452892538,0.02898492970212799,0.0015118872824562487,0.023194827400008056,0.02898492970212799,0.058836330660188244,0.08146986988582992,0.032437633208661776,0.002384987192351242,0.030925745926205526,0.0008730999098949933,1
51,1,0.95,99,95,0.08080808080808081,0.08080808080808081,0.12121212121212122,0.3131761962071705,0.4550576490997085,0.141881452892538,0.02898492970212799,0.0015118872824562487,0.023194827400008056,0.02898492970212799,0.058836330660188244,0.08146986988582992,0.032437633208661776,0.002384987192351242,0.030925745926205526,0.0008730999098949933,1
51,2,0.95,99,95,0.08080808080808081,0.0707070707070707,0.1111111111111111,0.277705832984036,0.41958728587657396,0.14188145289253795,0.02898492970212799,0.0015118872824562487,0.023194827400008056,0.02898492970212799,0.053898938198554944,0.07411292137433682,0.032437633208661776,0.0019271167749605462,0.030925745926205526,0.0004152294925042976,1
51,3,0.95,99,95,0.08080808080808081,0.08080808080808081,0.12121212121212122,0.3131761962071705,0.4550576490997085,0.141881452892538,0.02898492970212799,0.0015118872824562487,0.023194827400008056,0.02898492970212799,0.058836330660188244,0.08146986988582992,0.032437633208661776,0.002384987192351242,0.030925745926205526,0.0008730999098949933,1
51,4,0.95,99,95,0.08080808080808081,0.0707070707070707,0.1111111111111111,0.277705832984036,0.41958728587657396,0.14188145289253795,0.02898492970212799,0.0015118872824562487,0.023194827400008056,0.02898492970212799,0.053898938198554944,0.07411292137433682,0.032437633208661776,0.0019271167749605462,0.030925745926205526,0.0004152294925042976,1
52,0,0.5,109,55,0.045871559633027525,0.01834862385321101,0.5137614678899083,0.09384569334118291,1.8335205721565684,1.7396748788153855,0.02898492970212799,0.00043086855214318317,0.023194827400008056,0.02898492970212799,0.13295718325819583,0.19439191583638457,0.004319287718866777,0.04250389079783232,0.0038884191667235934,0.04207302224568913,0
52,1,0.5,109,55,0.045871559633027525,0.01834862385321101,0.5137614678899083,0.09384569334118291,1.8335205721565684,1.7396748788153855,0.02898492970212799,0.00043086855214318317,0.023194827400008056,0.02898492970212799,0.13295718325819583,0.19439191583638457,0.004319287718866777,0.04250389079783232,0.0038884191667235934,0.04207302224568913,0
52,2,0.5,109,55,0.045871559633027525,0.01834862385321101,0.5137614678899083,0.09384569334118291,1.8335205721565684,1.7396748788153855,0.02898492970212799,0.00043086855214318317,0.023194827400008056,0.02898492970212799,0.13295718325819583,0.19439191583638457,0.004319287718866777,0.04250389079783232,0.0038884191667235934,0.04207302224568913,0
52,3,0.5,109,55,0.045871559633027525,0.009174311926605505,0.5045871559633027,0.061629491881638736,1.801304370697024,1.7396748788153853,0.02898492970212799,0.00043086855214318317,0.023194827400008056,0.02898492970212799,0.12904088664017818,0.188326343143726,0.004319287718866777,0.03957540645461474,0.0038884191667235934,0.039144537902471556,0
52,4,0.5,109,55,0.045871559633027525,0.009174311926605505,0.5045871559633027,0.061629491881638736,1.801304370697024,1.7396748788153853,0.02898492970212799,0.00043086855214318317,0.023194827400008056,0.02898492970212799,0.12904088664017818,0.188326343143726,0.004319287718866777,0.03957540645461474,0.0038884191667235934,0.039144537902471556,0
52,0,0.8,109,88,0.045871559633027525,0.045871559633027525,0.23853211009174313,0.19049429771981544,0.8670345283702431,0.6765402306504277,0.02898492970212799,0.00043086855214318317,0.023194827400008056,0.02898492970212799,0.07831478657320781,0.11072064235126867,0.004319287718866777,0.008471351922833742,0.0038884191667235934,0.00804048337069056,0
52,1,0.8,109,88,0.045871559633027525,0.027522935779816515,0.22018348623853212,0.12606189480072708,0.8026021254511547,0.6765402306504277,0.02898492970212799,0.00043086855214318317,0.023194827400008056,0.02898492970212799,0.06975448378401809,0.09782291611678252,0.004319287718866777,0.00496047609950212,0.0038884191667235934,0.004529607547358937,0
52,2,0.8,109,88,0.045871559633027525,0.03669724770642202,0.22935779816513763,0.15827809626027126,0.8348183269106989,0.6765402306504277,0.02898492970212799,0.00043086855214318317,0.023194827400008056,0.02898492970212799,0.07405568183750061,0.10429543454207796,0.004319287718866777,0.006637582109187468,0.0038884191667235934,0.006206713557044285,0
52,3,0.8,109,88,0.045871559633027525,0.03669724770642202,0.22935779816513763,0.15827809626027126,0.8348183269106989,0.6765402306504277,0.02898492970212799,0.00043086855214318317,0.023194827400008056,0.02898492970212799,0.07405568183750061,0.10429543454207796,0.004319287718866777,0.006637582109187468,0.0038884191667235934,0.006206713557044285,0
52,4,0.8,109,88,0.045871559633027525,0.03669724770642202,0.22935779816513763,0.15827809626027126,0.8348183269106989,0.6765402306504277,0.02898492970212799,0.00043086855214318317,0.023194827400008056,0.02898492970212799,0.07405568183750061,0.10429543454207796,0.004319287718866777,0.006637582109187468,0.0038884191667235934,0.006206713557044285,0
52,0,0.95,109,104,0.045871559633027525,0.045871559633027525,0.09174311926605505,0.19049429771981544,0.3515753050175363,0.16108100729772087,0.02898492970212799,0.00043086855214318317,0.023194827400008056,0.02898492970212799,0.042807123950707876,0.05767961459509153,0.004319287718866777,0.0010763073819171102,0.0038884191667235934,0.000645438829773927,1
52,1,0.95,109,104,0.045871559633027525,0.045871559633027525,0.09174311926605505,0.19049429771981544,0.3515753050175363,0.16108100729772087,0.02898492970212799,0.00043086855214318317,0.023194827400008056,0.02898492970212799,0.042807123950707876,0.05767961459509153,0.004319287718866777,0.0010763073819171102,0.0038884191667235934,0.000645438829773927,1
52,2,0.95,109,104,0.045871559633027525,0.045871559633027525,0.09174311926605505,0.19049429771981544,0.3515753050175363,0.16108100729772087,0.02898492970212799,0.00043086855214318317,0.023194827400008056,0.02898492970212799,0.042807123950707876,0.05767961459509153,0.004319287718866777,0.0010763073819171102,0.0038884191667235934,0.000645438829773927,1
52,3,0.95,109,104,0.045871559633027525,0.045871559633027525,0.09174311926605505,0.19049429771981544,0.3515753050175363,0.16108100729772087,0.02898492970212799,0.00043086855214318317,0.023194827400008056,0.02898492970212799,0.042807123950707876,0.05767961459509153,0.004319287718866777,0.0010763073819171102,0.0038884191667235934,0.000645438829773927,1
52,4,0.95,109,104,0.045871559633027525,0.045871559633027525,0.09174311926605505,0.19049429771981544,0.3515753050175363,0.16108100729772087,0.02898492970212799,0.00043086855214318317,0.023194827400008056,0.02898492970212799,0.042807123950707876,0.05767961459509153,0.004319287718866777,0.0010763073819171102,0.0038884191667235934,0.000645438829773927,1
53,0,0.5,105,53,0.01904761904761905,0.009523809523809525,0.5047619047619047,0.06285677574676422,1.8019180126295866,1.7390612368828224,0.02898492970212799,3.111672997716836e-05,0.023194827400008056,0.02898492970212799,0.12915299148553766,0.1884998367318045,0.00040386288675901827,0.08033164070519791,0.0003727461567818499,0.08030052397522074,0
53,1,0.5,105,53,0.01904761904761905,0.009523809523809525,0.5047619047619047,0.06285677574676422,1.8019180126295866,1.7390612368828224,0.02898492970212799,3.111672997716836e-05,0.023194827400008056,0.02898492970212799,0.12915299148553766,0.1884998367318045,0.00040386288675901827,0.08033164070519791,0.0003727461567818499,0.08030052397522074,0
53,2,0.5,105,53,0.01904761904761905,0.009523809523809525,0.5047619047619047,0.06285677574676422,1.8019180126295866,1.7390612368828224,0.02898492970212799,3.111672997716836e-05,0.023194827400008056,0.02898492970212799,0.12915299148553766,0.1884998367318045,0.00040386288675901827,0.08033164070519791,0.0003727461567818499,0.08030052397522074,0
53,3,0.5,105,53,0.01904761904761905,0.009523809523809525,0.5047619047619047,0.06285677574676422,1.8019180126295866,1.7390612368828224,0.02898492970212799,3.111672997716836e-05,0.023194827400008056,0.02898492970212799,0.12915299148553766,0.1884998367318045,0.00040386288675901827,0.08033164070519791,0.0003727461567818499,0.08030052397522074,0
53,4,0.5,105,53,0.01904761904761905,0.009523809523809525,0.5047619047619047,0.06285677574676422,1.8019180126295866,1.7390612368828224,0.02898492970212799,3.111672997716836e-05,0.023194827400008056,0.02898492970212799,0.12915299148553766,0.1884998367318045,0.00040386288675901827,0.08033164070519791,0.0003727461567818499,0.08030052397522074,0
53,0,0.8,105,84,0.01904761904761905,0.009523809523809525,0.20952380952380953,0.06285677574676422,0.7651699675648272,0.7023131918180631,0.02898492970212799,3.111672997716836e-05,0.023194827400008056,0.02898492970212799,0.06294311744531692,0.08760764567608316,0.00040386288675901827,0.02214051544179313,0.0003727461567818499,0.022109398711815963,0
53,1,0.8,105,84,0.01904761904761905,0.01904761904761905,0.21904761904761905,0.09630026107143388,0.7986134528894968,0.702313191818063,0.02898492970212799,3.111672997716836e-05,0.023194827400008056,0.02898492970212799,0.0674834363501026,0.09441214559720933,0.00040386288675901827,0.02557839213265528,0.0003727461567818499,0.025547275402678114,0
53,2,0.8,105,84,0.01904761904761905,0.01904761904761905,0.21904761904761905,0.09630026107143388,0.7986134528894968,0.702313191818063,0.02898492970212799,3.111672997716836e-05,0.023194827400008056,0.02898492970212799,0.0674834363501026,0.09441214559720933,0.00040386288675901827,0.02557839213265528,0.0003727461567818499,0.025547275402678114,0
53,3,0.8,105,84,0.01904761904761905,0.01904761904761905,0.21904761904761905,0.09630026107143388,0.7986134528894968,0.702313191818063,0.02898492970212799,3.111672997716836e-05,0.023194827400008056,0.02898492970212799,0.0674834363501026,0.09441214559720933,0.00040386288675901827,0.02557839213265528,0.0003727461567818499,0.025547275402678114,0
53,4,0.8,105,84,0.01904761904761905,0.01904761904761905,0.21904761904761905,0.09630026107143388,0.7986134528894968,0.702313191818063,0.02898492970212799,3.111672997716836e-05,0.023194827400008056,0.02898492970212799,0.0674834363501026,0.09441214559720933,0.00040386288675901827,0.02557839213265528,0.0003727461567818499,0.025547275402678114,0
53,0,0.95,105,100,0.01904761904761905,0.01904761904761905,0.06666666666666667,0.09630026107143388,0.26351768769478223,0.16721742662334835,0.02898492970212799,3.111672997716836e-05,0.023194827400008056,0.02898492970212799,0.029121155620505393,0.03760181611803737,0.00040386288675901827,0.002039468167910549,0.0003727461567818499,0.0020083514379333808,0
53,1,0.95,105,100,0.01904761904761905,0.009523809523809525,0.05714285714285714,0.06285677574676422,0.23007420237011256,0.16721742662334832,0.02898492970212799,3.111672997716836e-05,0.023194827400008056,0.02898492970212799,0.023850590611286308,0.029935897854965796,0.00040386288675901827,0.0005315898207427228,0.0003727461567818499,0.0005004730907655544,0
53,2,0.95,105,100,0.01904761904761905,0.01904761904761905,0.06666666666666667,0.09630026107143388,0.26351768769478223,0.16721742662334835,0.02898492970212799,3.111672997716836e-05,0.023194827400008056,0.02898492970212799,0.029121155620505393,0.03760181611803737,0.00040386288675901827,0.002039468167910549,0.0003727461567818499,0.0020083514379333808,0
53,3,0.95,105,100,0.01904761904761905,0.01904761904761905,0.06666666666666667,0.09630026107143388,0.26351768769478223,0.16721742662334835,0.02898492970212799,3.111672997716836e-05,0.023194827400008056,0.02898492970212799,0.029121155620505393,0.03760181611803737,0.00040386288675901827,0.002039468167910549,0.0003727461567818499,0.0020083514379333808,0
53,4,0.95,105,100,0.01904761904761905,0.01904761904761905,0.06666666666666667,0.09630026107143388,0.26351768769478223,0.16721742662334835,0.02898492970212799,3.111672997716836e-05,0.023194827400008056,0.02898492970212799,0.029121155620505393,0.03760181611803737,0.00040386288675901827,0.002039468167910549,0.0003727461567818499,0.0020083514379333808,0
54,0,0.5,120,60,0.06666666666666667,0.016666666666666666,0.5166666666666667,0.08793938974026647,1.843722369285424,1.7557829795451576,0.02898492970212799,0.0010054300652502248,0.023194827400008056,0.02898492970212799,0.13321774365660688,0.19479581429574505,0.01858766090014688,0.022890975654291407,0.017582230834896656,0.021885545589041183,0
54,1,0.5,120,60,0.06666666666666667,0.025,0.525,0.11720243939935243,1.8729854189445099,1.7557829795451574,0.02898492970212799,0.0010054300652502248,0.023194827400008056,0.02898492970212799,0.13676164365809818,0.20029344740197358,0.01858766090014688,0.024964488490099385,0.017582230834896656,0.02395905842484916,0
54,2,0.5,120,60,0.06666666666666667,0.025,0.525,0.11720243939935243,1.8729854189445099,1.7557829795451574,0.02898492970212799,0.0010054300652502248,0.023194827400008056,0.02898492970212799,0.13676164365809818,0.20029344740197358,0.01858766090014688,0.024964488490099385,0.017582230834896656,0.02395905842484916,0
54,3,0.5,120,60,0.06666666666666667,0.041666666666666664,0.5416666666666666,0.17572853871752434,1.9315115182626816,1.7557829795451574,0.02898492970212799,0.0010054300652502248,0.023194827400008056,0.02898492970212799,0.1438169705797508,0.21126115540086587,0.01858766090014688,0.029270594100353403,0.017582230834896656,0.02826516403510318,0
54,4,0.5,120,60,0.06666666666666667,0.05,0.55,0.20499158837661033,1.9607745679217679,1.7557829795451576,0.02898492970212799,0.0010054300652502248,0.023194827400008056,0.02898492970212799,0.14732988122170648,0.21673316812256926,0.01858766090014688,0.03149908208910482,0.017582230834896656,0.030493652023854595,0
54,0,0.8,120,96,0.06666666666666667,0.041666666666666664,0.24166666666666667,0.17572853871752434,0.8780417305355873,0.702313191818063,0.02898492970212799,0.0010054300652502248,0.023194827400008056,0.02898492970212799,0.07806743412252642,0.11034706329206148,0.01858766090014688,0.004633175588024475,0.017582230834896656,0.0036277455227742505,1
54,1,0.8,120,96,0.06666666666666667,0.06666666666666667,0.26666666666666666,0.26351768769478223,0.9658308795128452,0.702313191818063,0.02898492970212799,0.0010054300652502248,0.023194827400008056,0.02898492970212799,0.08949071574528554,0.12765287132540065,0.01858766090014688,0.006318773889697787,0.017582230834896656,0.005313343824447562,1
54,2,0.8,120,96,0.06666666666666667,0.03333333333333333,0.23333333333333334,0.14646548905843837,0.8487786808765014,0.7023131918180631,0.02898492970212799,0.0010054300652502248,0.023194827400008056,0.02898492970212799,0.07419831066615855,0.10451034641149147,0.01858766090014688,0.004121423092388607,0.017582230834896656,0.0031159930271383823,1
54,3,0.8,120,96,0.06666666666666667,0.05,0.25,0.20499158837661033,0.9073047801946733,0.702313191818063,0.02898492970212799,0.0010054300652502248,0.023194827400008056,0.02898492970212799,0.08190441753191403,0.1161479280881162,0.01858766090014688,0.005170245260603827,0.017582230834896656,0.004164815195353602,1
54,4,0.8,120,96,0.06666666666666667,0.058333333333333334,0.25833333333333336,0.23425463803569627,0.9365678298537593,0.7023131918180631,0.02898492970212799,0.0010054300652502248,0.023194827400008056,0.02898492970212799,0.08571150137655291,0.1219156970787736,0.01858766090014688,0.005732231440691774,0.017582230834896656,0.004726801375441549,1
54,0,0.95,120,114,0.06666666666666667,0.06666666666666667,0.11666666666666667,0.26351768769478223,0.43909598564929797,0.17557829795451574,0.02898492970212799,0.0010054300652502248,0.023194827400008056,0.02898492970212799,0.05427185228038054,0.07466771295859907,0.01858766090014688,0.0019599969043358357,0.017582230834896656,0.0009545668390856109,1
54,1,0.95,120,114,0.06666666666666667,0.06666666666666667,0.11666666666666667,0.26351768769478223,0.43909598564929797,0.17557829795451574,0.02898492970212799,0.0010054300652502248,0.023194827400008056,0.02898492970212799,0.05427185228038054,0.07466771295859907,0.01858766090014688,0.0019599969043358357,0.017582230834896656,0.0009545668390856109,1
54,2,0.95,120,114,0.06666666666666667,0.058333333333333334,0.10833333333333334,0.23425463803569627,0.40983293599021203,0.17557829795451577,0.02898492970212799,0.0010054300652502248,0.023194827400008056,0.02898492970212799,0.05014487295923608,0.06853603777852138,0.01858766090014688,0.001611610824913204,0.017582230834896656,0.0006061807596629792,1
54,3,0.95,120,114,0.06666666666666667,0.06666666666666667,0.11666666666666667,0.26351768769478223,0.43909598564929797,0.17557829795451574,0.02898492970212799,0.0010054300652502248,0.023194827400008056,0.02898492970212799,0.05427185228038054,0.07466771295859907,0.01858766090014688,0.0019599969043358357,0.017582230834896656,0.0009545668390856109,1
54,4,0.95,120,114,0.06666666666666667,0.06666666666666667,0.11666666666666667,0.26351768769478223,0.43909598564929797,0.17557829795451574,0.02898492970212799,0.0010054300652502248,0.023194827400008056,0.02898492970212799,0.05427185228038054,0.07466771295859907,0.01858766090014688,0.0019599969043358357,0.017582230834896656,0.0009545668390856109,1
55,0,0.5,140,70,0.03571428571428571,0.014285714285714285,0.5142857142857142,0.07957851840909905,1.8353614979542563,1.7557829795451572,0.02898492970212799,0.00023054752171164405,0.023194827400008056,0.02898492970212799,0.13220305640550176,0.19322317188965496,0.000750256718576342,0.0549220919917289,0.000519709196864698,0.054691544470017256,0
55,1,0.5,140,70,0.03571428571428571,0.03571428571428571,0.5357142857142857,0.1548263603896058,1.9106093399347632,1.7557829795451574,0.02898492970212799,0.00023054752171164405,0.023194827400008056,0.02898492970212799,0.1413019171626824,0.2073479907262224,0.000750256718576342,0.0627088805337683,0.000519709196864698,0.06247833301205666,0
55,2,0.5,140,70,0.03571428571428571,0.014285714285714285,0.5142857142857142,0.07957851840909905,1.8353614979542563,1.7557829795451572,0.02898492970212799,0.00023054752171164405,0.023194827400008056,0.02898492970212799,0.13220305640550176,0.19322317188965496,0.000750256718576342,0.0549220919917289,0.000519709196864698,0.054691544470017256,0
55,3,0.5,140,70,0.03571428571428571,0.02857142857142857,0.5285714285714286,0.12974374639610356,1.8855267259412611,1.7557829795451576,0.02898492970212799,0.00023054752171164405,0.023194827400008056,0.02898492970212799,0.13827702217044482,0.2026466047926082,0.000750256718576342,0.06009085513803433,0.000519709196864698,0.05986030761632269,0
55,4,0.5,140,70,0.03571428571428571,0.014285714285714285,0.5142857142857142,0.07957851840909905,1.8353614979542563,1.7557829795451572,0.02898492970212799,0.00023054752171164405,0.023194827400008056,0.02898492970212799,0.13220305640550176,0.19322317188965496,0.000750256718576342,0.0549220919917289,0.000519709196864698,0.054691544470017256,0
55,0,0.8,140,112,0.03571428571428571,0.02142857142857143,0.22142857142857142,0.1046611324026013,0.8069743242206643,0.702313191818063,0.02898492970212799,0.00023054752171164405,0.023194827400008056,0.02898492970212799,0.06861024454572444,0.09610385103001176,0.000750256718576342,0.010152628564041338,0.000519709196864698,0.009922081042329695,0
55,1,0.8,140,112,0.03571428571428571,0.02857142857142857,0.22857142857142856,0.12974374639610356,0.8320569382141665,0.702313191818063,0.02898492970212799,0.00023054752171164405,0.023194827400008056,0.02898492970212799,0.07197200674320423,0.1011578201501877,0.000750256718576342,0.011931015307325737,0.000519709196864698,0.011700467785614094,0
55,2,0.8,140,112,0.03571428571428571,0.03571428571428571,0.2357142857142857,0.1548263603896058,0.8571395522076687,0.702313191818063,0.02898492970212799,0.00023054752171164405,0.023194827400008056,0.02898492970212799,0.07530719411264877,0.10618181028102905,0.000750256718576342,0.013784948665231583,0.000519709196864698,0.01355440114351994,0
55,3,0.8,140,112,0.03571428571428571,0.014285714285714285,0.21428571428571427,0.07957851840909905,0.781891710227162,0.702313191818063,0.02898492970212799,0.00023054752171164405,0.023194827400008056,0.02898492970212799,0.06522005092700554,0.09101762373183704,0.000750256718576342,0.008458886656079107,0.000519709196864698,0.008228339134367463,0
55,4,0.8,140,112,0.03571428571428571,0.02857142857142857,0.22857142857142856,0.12974374639610356,0.8320569382141665,0.702313191818063,0.02898492970212799,0.00023054752171164405,0.023194827400008056,0.02898492970212799,0.07197200674320423,0.1011578201501877,0.000750256718576342,0.011931015307325737,0.000519709196864698,0.011700467785614094,0
55,0,0.95,140,133,0.03571428571428571,0.02857142857142857,0.07857142857142857,0.12974374639610356,0.3053220443506193,0.17557829795451577,0.02898492970212799,0.00023054752171164405,0.023194827400008056,0.02898492970212799,0.03487636245682263,0.04601614302345109,0.000750256718576342,0.0006188334090832143,0.000519709196864698,0.00038828588737157025,1
55,1,0.95,140,133,0.03571428571428571,0.02857142857142857,0.07857142857142857,0.12974374639610356,0.3053220443506193,0.17557829795451577,0.02898492970212799,0.00023054752171164405,0.023194827400008056,0.02898492970212799,0.03487636245682263,0.04601614302345109,0.000750256718576342,0.0006188334090832143,0.000519709196864698,0.00038828588737157025,1
55,2,0.95,140,133,0.03571428571428571,0.03571428571428571,0.08571428571428572,0.1548263603896058,0.3304046583441216,0.1755782979545158,0.02898492970212799,0.00023054752171164405,0.023194827400008056,0.02898492970212799,0.03862778808587598,0.05152372369605047,0.000750256718576342,0.0008195502506898228,0.000519709196864698,0.0005890027289781787,0
55,3,0.95,140,133,0.03571428571428571,0.02857142857142857,0.07857142857142857,0.12974374639610356,0.3053220443506193,0.17557829795451577,0.02898492970212799,0.00023054752171164405,0.023194827400008056,0.02898492970212799,0.03487636245682263,0.04601614302345109,0.000750256718576342,0.0006188334090832143,0.000519709196864698,0.00038828588737157025,1
55,4,0.95,140,133,0.03571428571428571,0.03571428571428571,0.08571428571428572,0.1548263603896058,0.3304046583441216,0.1755782979545158,0.02898492970212799,0.00023054752171164405,0.023194827400008056,0.02898492970212799,0.03862778808587598,0.05152372369605047,0.000750256718576342,0.0008195502506898228,0.000519709196864698,0.0005890027289781787,0
56,0,0.5,119,60,0.05042016806722689,0.04201680672268908,0.5378151260504201,0.17695807861916663,1.917986579344617,1.7410285007254502,0.02898492970212799,0.0005382687049150139,0.023194827400008056,0.02898492970212799,0.1430777686366646,0.21011064112901504,0.006716487095478674,0.04490758660094729,0.00617821839056366,0.044369317896032275,0
56,1,0.5,119,60,0.05042016806722689,0.025210084033613446,0.5210084033613446,0.1179401633403378,1.8589686640657883,1.7410285007254505,0.02898492970212799,0.0005382687049150139,0.023194827400008056,0.02898492970212799,0.13595856483333935,0.1990469559086249,0.006716487095478674,0.03962453703396429,0.00617821839056366,0.039086268329049274,0
56,2,0.5,119,60,0.05042016806722689,0.04201680672268908,0.5378151260504201,0.17695807861916663,1.917986579344617,1.7410285007254502,0.02898492970212799,0.0005382687049150139,0.023194827400008056,0.02898492970212799,0.1430777686366646,0.21011064112901504,0.006716487095478674,0.04490758660094729,0.00617821839056366,0.044369317896032275,0
56,3,0.5,119,60,0.05042016806722689,0.03361344537815126,0.5294117647058824,0.1474491209797522,1.8884776217052026,1.7410285007254505,0.02898492970212799,0.0005382687049150139,0.023194827400008056,0.02898492970212799,0.13952349629239688,0.2045832427318841,0.006716487095478674,0.04224547660424355,0.00617821839056366,0.04170720789932853,0
56,4,0.5,119,60,0.05042016806722689,0.008403361344537815,0.5042016806722689,0.05892224806150897,1.7999507487869593,1.7410285007254502,0.02898492970212799,0.0005382687049150139,0.023194827400008056,0.02898492970212799,0.12879355157049696,0.18794359538189512,0.006716487095478674,0.03451238971293044,0.00617821839056366,0.033974121008015425,0
56,0,0.8,119,96,0.05042016806722689,0.04201680672268908,0.23529411764705882,0.17695807861916663,0.8556641043256981,0.6787060257065314,0.02898492970212799,0.0005382687049150139,0.023194827400008056,0.02898492970212799,0.07667318059190548,0.10824228751070773,0.006716487095478674,0.005488597222867514,0.00617821839056366,0.0049503285179525,1
56,1,0.8,119,96,0.05042016806722689,0.05042016806722689,0.24369747899159663,0.20646703625858104,0.8851730619651125,0.6787060257065314,0.02898492970212799,0.0005382687049150139,0.023194827400008056,0.02898492970212799,0.08055371280914363,0.1141044792591217,0.006716487095478674,0.006998519119114949,0.00617821839056366,0.006460250414199935,0
56,2,0.8,119,96,0.05042016806722689,0.05042016806722689,0.24369747899159663,0.20646703625858104,0.8851730619651125,0.6787060257065314,0.02898492970212799,0.0005382687049150139,0.023194827400008056,0.02898492970212799,0.08055371280914363,0.1141044792591217,0.006716487095478674,0.006998519119114949,0.00617821839056366,0.006460250414199935,0
56,3,0.8,119,96,0.05042016806722689,0.05042016806722689,0.24369747899159663,0.20646703625858104,0.8851730619651125,0.6787060257065314,0.02898492970212799,0.0005382687049150139,0.023194827400008056,0.02898492970212799,0.08055371280914363,0.1141044792591217,0.006716487095478674,0.006998519119114949,0.00617821839056366,0.006460250414199935,0
56,4,0.8,119,96,0.05042016806722689,0.04201680672268908,0.23529411764705882,0.17695807861916663,0.8556641043256981,0.6787060257065314,0.02898492970212799,0.0005382687049150139,0.023194827400008056,0.02898492970212799,0.07667318059190548,0.10824228751070773,0.006716487095478674,0.005488597222867514,0.00617821839056366,0.0049503285179525,1
56,0,0.95,119,114,0.05042016806722689,0.04201680672268908,0.08403361344537816,0.17695807861916663,0.3245028668162387,0.14754478819707206,0.02898492970212799,0.0005382687049150139,0.023194827400008056,0.02898492970212799,0.039828499252941435,0.053290167976927615,0.006716487095478674,0.0008897393676827276,0.00617821839056366,0.00035147066276771375,1
56,1,0.95,119,114,0.05042016806722689,0.04201680672268908,0.08403361344537816,0.17695807861916663,0.3245028668162387,0.14754478819707206,0.02898492970212799,0.0005382687049150139,0.023194827400008056,0.02898492970212799,0.039828499252941435,0.053290167976927615,0.006716487095478674,0.0008897393676827276,0.00617821839056366,0.00035147066276771375,1
56,2,0.95,119,114,0.05042016806722689,0.05042016806722689,0.09243697478991597,0.20646703625858104,0.3540118244556531,0.14754478819707206,0.02898492970212799,0.0005382687049150139,0.023194827400008056,0.02898492970212799,0.044145985544140905,0.059655991950405766,0.006716487095478674,0.0011659483287806795,0.00617821839056366,0.0006276796238656656,1
56,3,0.95,119,114,0.05042016806722689,0.05042016806722689,0.09243697478991597,0.20646703625858104,0.3540118244556531,0.14754478819707206,0.02898492970212799,0.0005382687049150139,0.023194827400008056,0.02898492970212799,0.044145985544140905,0.059655991950405766,0.006716487095478674,0.0011659483287806795,0.00617821839056366,0.0006276796238656656,1
56,4,0.95,119,114,0.05042016806722689,0.05042016806722689,0.09243697478991597,0.20646703625858104,0.3540118244556531,0.14754478819707206,0.02898492970212799,0.0005382687049150139,0.023194827400008056,0.02898492970212799,0.044145985544140905,0.059655991950405766,0.006716487095478674,0.0011659483287806795,0.00617821839056366,0.0006276796238656656,1
57,0,0.5,125,63,0.048,0.032,0.528,0.14178340111298463,1.8835201168217808,1.7417367157087962,0.02898492970212799,0.0004798013537746534,0.023194827400008056,0.02898492970212799,0.13888261758316622,0.20358739616638488,0.005384739121251203,0.04452161685774647,0.004904937767476549,0.04404181550397182,0
57,1,0.5,125,63,0.048,0.04,0.536,0.16987592878570718,1.9116126444945034,1.7417367157087962,0.02898492970212799,0.0004798013537746534,0.023194827400008056,0.02898492970212799,0.14226829307604663,0.2088511248926948,0.005384739121251203,0.04711588815976425,0.004904937767476549,0.0466360868059896,0
57,2,0.5,125,63,0.048,0.016,0.512,0.0855983457675396,1.8273350614763357,1.7417367157087962,0.02898492970212799,0.0004798013537746534,0.023194827400008056,0.02898492970212799,0.13208122794380162,0.19303439583533183,0.005384739121251203,0.03944212153575166,0.004904937767476549,0.03896232018197701,0
57,3,0.5,125,63,0.048,0.024,0.52,0.11369087344026212,1.8554275891490584,1.7417367157087962,0.02898492970212799,0.0004798013537746534,0.023194827400008056,0.02898492970212799,0.13548715628309788,0.1983154482729299,0.005384739121251203,0.04196328686842074,0.004904937767476549,0.04148348551464609,0
57,4,0.5,125,63,0.048,0.008,0.504,0.05750581809481707,1.7992425338036133,1.7417367157087962,0.02898492970212799,0.0004798013537746534,0.023194827400008056,0.02898492970212799,0.12866412112757072,0.18774331899968766,0.005384739121251203,0.036959501758957514,0.004904937767476549,0.03647970040518286,0
57,0,0.8,125,100,0.048,0.032,0.232,0.14178340111298463,0.8440965929310478,0.7023131918180632,0.02898492970212799,0.0004798013537746534,0.023194827400008056,0.02898492970212799,0.07357610593041389,0.1035729450489553,0.005384739121251203,0.005424218299066225,0.004904937767476549,0.004944416945291571,0
57,1,0.8,125,100,0.048,0.048,0.248,0.1979684564584297,0.9002816482764927,0.702313191818063,0.02898492970212799,0.0004798013537746534,0.023194827400008056,0.02898492970212799,0.0809863490723219,0.11475883823441538,0.005384739121251203,0.008463562850121092,0.004904937767476549,0.007983761496346439,0
57,2,0.8,125,100,0.048,0.032,0.232,0.14178340111298463,0.8440965929310478,0.7023131918180632,0.02898492970212799,0.0004798013537746534,0.023194827400008056,0.02898492970212799,0.07357610593041389,0.1035729450489553,0.005384739121251203,0.005424218299066225,0.004904937767476549,0.004944416945291571,0
57,3,0.8,125,100,0.048,0.032,0.232,0.14178340111298463,0.8440965929310478,0.7023131918180632,0.02898492970212799,0.0004798013537746534,0.023194827400008056,0.02898492970212799,0.07357610593041389,0.1035729450489553,0.005384739121251203,0.005424218299066225,0.004904937767476549,0.004944416945291571,0
57,4,0.8,125,100,0.048,0.048,0.248,0.1979684564584297,0.9002816482764927,0.702313191818063,0.02898492970212799,0.0004798013537746534,0.023194827400008056,0.02898492970212799,0.0809863490723219,0.11475883823441538,0.005384739121251203,0.008463562850121092,0.004904937767476549,0.007983761496346439,0
57,0,0.95,125,119,0.048,0.048,0.096,0.1979684564584297,0.36652362249476483,0.16855516603633514,0.02898492970212799,0.0004798013537746534,0.023194827400008056,0.02898492970212799,0.04443694962235892,0.060085773756414544,0.005384739121251203,0.0011859034992928858,0.004904937767476549,0.0007061021455182323,1
57,1,0.95,125,119,0.048,0.048,0.096,0.1979684564584297,0.36652362249476483,0.16855516603633514,0.02898492970212799,0.0004798013537746534,0.023194827400008056,0.02898492970212799,0.04443694962235892,0.060085773756414544,0.005384739121251203,0.0011859034992928858,0.004904937767476549,0.0007061021455182323,1
57,2,0.95,125,119,0.048,0.04,0.088,0.16987592878570718,0.33843109482204226,0.16855516603633508,0.02898492970212799,0.0004798013537746534,0.023194827400008056,0.02898492970212799,0.04033318185465937,0.05403315564886824,0.005384739121251203,0.0009201019214278361,0.004904937767476549,0.00044030056765318273,1
57,3,0.95,125,119,0.048,0.048,0.096,0.1979684564584297,0.36652362249476483,0.16855516603633514,0.02898492970212799,0.0004798013537746534,0.023194827400008056,0.02898492970212799,0.04443694962235892,0.060085773756414544,0.005384739121251203,0.0011859034992928858,0.004904937767476549,0.0007061021455182323,1
57,4,0.95,125,119,0.048,0.048,0.096,0.1979684564584297,0.36652362249476483,0.16855516603633514,0.02898492970212799,0.0004798013537746534,0.023194827400008056,0.02898492970212799,0.04443694962235892,0.060085773756414544,0.005384739121251203,0.0011859034992928858,0.004904937767476549,0.0007061021455182323,1
58,0,0.5,182,91,0.027472527472527472,0.027472527472527472,0.5274725274725275,0.12588488270479553,1.8816678622499532,1.7557829795451576,0.02898492970212799,0.00011063617108343475,0.023194827400008056,0.02898492970212799,0.13781096486031663,0.20192273771184402,0.00017410347011600333,0.07281058720424552,6.346729903256858e-05,0.07269995103316208,0
58,1,0.5,182,91,0.027472527472527472,0.01098901098901099,0.510989010989011,0.06800192733517495,1.8237849068803322,1.7557829795451574,0.02898492970212799,0.00011063617108343475,0.023194827400008056,0.02898492970212799,0.130796470282938,0.19104420121508153,0.00017410347011600333,0.06636560412769679,6.346729903256858e-05,0.06625496795661336,0
58,2,0.5,182,91,0.027472527472527472,0.005494505494505495,0.5054945054945055,0.04870760887863475,1.804490588423792,1.7557829795451574,0.02898492970212799,0.00011063617108343475,0.023194827400008056,0.02898492970212799,0.12844781254341653,0.1874086340870523,0.00017410347011600333,0.06423909632642363,6.346729903256858e-05,0.0641284601553402,0
58,3,0.5,182,91,0.027472527472527472,0.02197802197802198,0.521978021978022,0.10659056424825533,1.8623735437934128,1.7557829795451574,0.02898492970212799,0.00011063617108343475,0.023194827400008056,0.02898492970212799,0.13547781399398717,0.19830095277196105,0.00017410347011600333,0.07065150067075182,6.346729903256858e-05,0.07054086449966838,0
58,4,0.5,182,91,0.027472527472527472,0.005494505494505495,0.5054945054945055,0.04870760887863475,1.804490588423792,1.7557829795451574,0.02898492970212799,0.00011063617108343475,0.023194827400008056,0.02898492970212799,0.12844781254341653,0.1874086340870523,0.00017410347011600333,0.06423909632642363,6.346729903256858e-05,0.0641284601553402,0
58,0,0.8,182,146,0.027472527472527472,0.016483516483516484,0.21428571428571427,0.08729624579171513,0.781891710227162,0.6945954644354468,0.02898492970212799,0.00011063617108343475,0.023194827400008056,0.02898492970212799,0.06574354975754526,0.09180231809534796,0.00017410347011600333,0.015072560424930381,6.346729903256858e-05,0.014961924253846947,0
58,1,0.8,182,146,0.027472527472527472,0.027472527472527472,0.22527472527472528,0.12588488270479553,0.8204803471402424,0.6945954644354468,0.02898492970212799,0.00011063617108343475,0.023194827400008056,0.02898492970212799,0.0709405313239242,0.09960604704358032,0.00017410347011600333,0.01840741448650529,6.346729903256858e-05,0.018296778315421855,0
58,2,0.8,182,146,0.027472527472527472,0.02197802197802198,0.21978021978021978,0.10659056424825533,0.8011860286837023,0.694595464435447,0.02898492970212799,0.00011063617108343475,0.023194827400008056,0.02898492970212799,0.06835049476104796,0.09571377864960573,0.00017410347011600333,0.01672175925742031,6.346729903256858e-05,0.016611123086336874,0
58,3,0.8,182,146,0.027472527472527472,0.027472527472527472,0.22527472527472528,0.12588488270479553,0.8204803471402424,0.6945954644354468,0.02898492970212799,0.00011063617108343475,0.023194827400008056,0.02898492970212799,0.0709405313239242,0.09960604704358032,0.00017410347011600333,0.01840741448650529,6.346729903256858e-05,0.018296778315421855,0
58,4,0.8,182,146,0.027472527472527472,0.016483516483516484,0.21428571428571427,0.08729624579171513,0.781891710227162,0.6945954644354468,0.02898492970212799,0.00011063617108343475,0.023194827400008056,0.02898492970212799,0.06574354975754526,0.09180231809534796,0.00017410347011600333,0.015072560424930381,6.346729903256858e-05,0.014961924253846947,0
58,0,0.95,182,173,0.027472527472527472,0.027472527472527472,0.07692307692307693,0.12588488270479553,0.2995337488136573,0.17364886610886177,0.02898492970212799,0.00011063617108343475,0.023194827400008056,0.02898492970212799,0.03414754717793554,0.044948195069053294,0.00017410347011600333,0.000722640732212454,6.346729903256858e-05,0.0006120045611290192,0
58,1,0.95,182,173,0.027472527472527472,0.027472527472527472,0.07692307692307693,0.12588488270479553,0.2995337488136573,0.17364886610886177,0.02898492970212799,0.00011063617108343475,0.023194827400008056,0.02898492970212799,0.03414754717793554,0.044948195069053294,0.00017410347011600333,0.000722640732212454,6.346729903256858e-05,0.0006120045611290192,0
58,2,0.95,182,173,0.027472527472527472,0.02197802197802198,0.07142857142857142,0.10659056424825533,0.280239430357117,0.17364886610886168,0.02898492970212799,0.00011063617108343475,0.023194827400008056,0.02898492970212799,0.03120638639983065,0.040645436596507344,0.00017410347011600333,0.0004497108241389223,6.346729903256858e-05,0.00033907465305548754,0
58,3,0.95,182,173,0.027472527472527472,0.027472527472527472,0.07692307692307693,0.12588488270479553,0.2995337488136573,0.17364886610886177,0.02898492970212799,0.00011063617108343475,0.023194827400008056,0.02898492970212799,0.03414754717793554,0.044948195069053294,0.00017410347011600333,0.000722640732212454,6.346729903256858e-05,0.0006120045611290192,0
58,4,0.95,182,173,0.027472527472527472,0.027472527472527472,0.07692307692307693,0.12588488270479553,0.2995337488136573,0.17364886610886177,0.02898492970212799,0.00011063617108343475,0.023194827400008056,0.02898492970212799,0.03414754717793554,0.044948195069053294,0.00017410347011600333,0.000722640732212454,6.346729903256858e-05,0.0006120045611290192,0
59,0,0.5,182,91,0.04395604395604396,0.016483516483516484,0.5164835164835165,0.08729624579171513,1.8430792253368726,1.7557829795451574,0.02898492970212799,0.0003888500201927215,0.023194827400008056,0.02898492970212799,0.1331397254208123,0.19467487265239433,0.0034488125183170792,0.04490915963096451,0.0030599624981243576,0.04452030961077179,0
59,1,0.5,182,91,0.04395604395604396,0.016483516483516484,0.5164835164835165,0.08729624579171513,1.8430792253368726,1.7557829795451574,0.02898492970212799,0.0003888500201927215,0.023194827400008056,0.02898492970212799,0.1331397254208123,0.19467487265239433,0.0034488125183170792,0.04490915963096451,0.0030599624981243576,0.04452030961077179,0
59,2,0.5,182,91,0.04395604395604396,0.03296703296703297,0.532967032967033,0.1451792011613357,1.9009621807064931,1.7557829795451574,0.02898492970212799,0.0003888500201927215,0.023194827400008056,0.02898492970212799,0.14013940016082901,0.20554051594371123,0.0034488125183170792,0.05040806460423147,0.0030599624981243576,0.050019214584038754,0
59,3,0.5,182,91,0.04395604395604396,0.02197802197802198,0.521978021978022,0.10659056424825533,1.8623735437934128,1.7557829795451574,0.02898492970212799,0.0003888500201927215,0.023194827400008056,0.02898492970212799,0.13547781399398717,0.19830095277196105,0.0034488125183170792,0.04672605779131722,0.0030599624981243576,0.0463372077711245,0
59,4,0.5,182,91,0.04395604395604396,0.03296703296703297,0.532967032967033,0.1451792011613357,1.9009621807064931,1.7557829795451574,0.02898492970212799,0.0003888500201927215,0.023194827400008056,0.02898492970212799,0.14013940016082901,0.20554051594371123,0.0034488125183170792,0.05040806460423147,0.0030599624981243576,0.050019214584038754,0
59,0,0.8,182,146,0.04395604395604396,0.03296703296703297,0.23076923076923078,0.1451792011613357,0.8397746655967826,0.6945954644354468,0.02898492970212799,0.0003888500201927215,0.023194827400008056,0.02898492970212799,0.07351452064855164,0.10348018043186616,0.0034488125183170792,0.007418778273621474,0.0030599624981243576,0.007029928253428752,0
59,1,0.8,182,146,0.04395604395604396,0.04395604395604396,0.24175824175824176,0.1837678380744161,0.878363302509863,0.694595464435447,0.02898492970212799,0.0003888500201927215,0.023194827400008056,0.02898492970212799,0.07861748762092667,0.11117788597639773,0.0034488125183170792,0.009749161139908508,0.0030599624981243576,0.009360311119715786,0
59,2,0.8,182,146,0.04395604395604396,0.038461538461538464,0.23626373626373626,0.16447351961787593,0.8590689840533228,0.6945954644354468,0.02898492970212799,0.0003888500201927215,0.023194827400008056,0.02898492970212799,0.07607325952425573,0.10733715719025694,0.0034488125183170792,0.008558897212583239,0.0030599624981243576,0.008170047192390516,0
59,3,0.8,182,146,0.04395604395604396,0.027472527472527472,0.22527472527472528,0.12588488270479553,0.8204803471402424,0.6945954644354468,0.02898492970212799,0.0003888500201927215,0.023194827400008056,0.02898492970212799,0.0709405313239242,0.09960604704358032,0.0034488125183170792,0.006332989228324759,0.0030599624981243576,0.005944139208132038,0
59,4,0.8,182,146,0.04395604395604396,0.038461538461538464,0.23626373626373626,0.16447351961787593,0.8590689840533228,0.6945954644354468,0.02898492970212799,0.0003888500201927215,0.023194827400008056,0.02898492970212799,0.07607325952425573,0.10733715719025694,0.0034488125183170792,0.008558897212583239,0.0030599624981243576,0.008170047192390516,0
59,0,0.95,182,173,0.04395604395604396,0.04395604395604396,0.09340659340659341,0.1837678380744161,0.3574167041832778,0.1736488661088617,0.02898492970212799,0.0003888500201927215,0.023194827400008056,0.02898492970212799,0.04274258060851306,0.05758439030927679,0.0034488125183170792,0.0010720765849049755,0.0030599624981243576,0.0006832265647122541,1
59,1,0.95,182,173,0.04395604395604396,0.04395604395604396,0.09340659340659341,0.1837678380744161,0.3574167041832778,0.1736488661088617,0.02898492970212799,0.0003888500201927215,0.023194827400008056,0.02898492970212799,0.04274258060851306,0.05758439030927679,0.0034488125183170792,0.0010720765849049755,0.0030599624981243576,0.0006832265647122541,1
59,2,0.95,182,173,0.04395604395604396,0.04395604395604396,0.09340659340659341,0.1837678380744161,0.3574167041832778,0.1736488661088617,0.02898492970212799,0.0003888500201927215,0.023194827400008056,0.02898492970212799,0.04274258060851306,0.05758439030927679,0.0034488125183170792,0.0010720765849049755,0.0030599624981243576,0.0006832265647122541,1
59,3,0.95,182,173,0.04395604395604396,0.038461538461538464,0.08791208791208792,0.16447351961787593,0.3381223857267377,0.17364886610886177,0.02898492970212799,0.0003888500201927215,0.023194827400008056,0.02898492970212799,0.03991223966772931,0.05341342857038518,0.0034488125183170792,0.0008947420819396788,0.0030599624981243576,0.0005058920617469573,1
59,4,0.95,182,173,0.04395604395604396,0.038461538461538464,0.08791208791208792,0.16447351961787593,0.3381223857267377,0.17364886610886177,0.02898492970212799,0.0003888500201927215,0.023194827400008056,0.02898492970212799,0.03991223966772931,0.05341342857038518,0.0034488125183170792,0.0008947420819396788,0.0030599624981243576,0.0005058920617469573,1
60,0,0.5,149,75,0.03355704697986577,0.013422818791946308,0.5100671140939598,0.076548403966931,1.8205476051258795,1.7439992011589485,0.02898492970212799,0.00019533792039887942,0.023194827400008056,0.02898492970212799,0.13111917957974673,0.1915440066350867,0.0003537931784217685,0.057111735489812826,0.00015845525802288908,0.05691639756941395,0
60,1,0.5,149,75,0.03355704697986577,0.026845637583892617,0.5234899328859061,0.12368351751176744,1.867682718670716,1.7439992011589485,0.02898492970212799,0.00019533792039887942,0.023194827400008056,0.02898492970212799,0.13683288099739618,0.20040403691464645,0.0003537931784217685,0.06205665605984312,0.00015845525802288908,0.06186131813944424,0
60,2,0.5,149,75,0.03355704697986577,0.013422818791946308,0.5100671140939598,0.076548403966931,1.8205476051258795,1.7439992011589485,0.02898492970212799,0.00019533792039887942,0.023194827400008056,0.02898492970212799,0.13111917957974673,0.1915440066350867,0.0003537931784217685,0.057111735489812826,0.00015845525802288908,0.05691639756941395,0
60,3,0.5,149,75,0.03355704697986577,0.013422818791946308,0.5100671140939598,0.076548403966931,1.8205476051258795,1.7439992011589485,0.02898492970212799,0.00019533792039887942,0.023194827400008056,0.02898492970212799,0.13111917957974673,0.1915440066350867,0.0003537931784217685,0.057111735489812826,0.00015845525802288908,0.05691639756941395,0
60,4,0.5,149,75,0.03355704697986577,0.020134228187919462,0.5167785234899329,0.10011596073934922,1.8441151618982976,1.7439992011589485,0.02898492970212799,0.00019533792039887942,0.023194827400008056,0.02898492970212799,0.13397982287311486,0.19597736714680694,0.0003537931784217685,0.05957458883491956,0.00015845525802288908,0.05937925091452068,0
60,0,0.8,149,120,0.03355704697986577,0.020134228187919462,0.21476510067114093,0.10011596073934922,0.7835751071394776,0.6834591464001284,0.02898492970212799,0.00019533792039887942,0.023194827400008056,0.02898492970212799,0.0667253820126457,0.09327471903864834,0.0003537931784217685,0.010685819637937799,0.00015845525802288908,0.01049048171753892,0
60,1,0.8,149,120,0.03355704697986577,0.03355704697986577,0.22818791946308725,0.14725107428418566,0.830710220684314,0.6834591464001283,0.02898492970212799,0.00019533792039887942,0.023194827400008056,0.02898492970212799,0.0730492468964858,0.10277945664347536,0.0003537931784217685,0.014218183255388983,0.00015845525802288908,0.014022845334990104,0
60,2,0.8,149,120,0.03355704697986577,0.026845637583892617,0.2214765100671141,0.12368351751176744,0.8071426639118958,0.6834591464001284,0.02898492970212799,0.00019533792039887942,0.023194827400008056,0.02898492970212799,0.0698995403932503,0.09804092921622398,0.0003537931784217685,0.01241887055361282,0.00015845525802288908,0.012223532633213942,0
60,3,0.8,149,120,0.03355704697986577,0.026845637583892617,0.2214765100671141,0.12368351751176744,0.8071426639118958,0.6834591464001284,0.02898492970212799,0.00019533792039887942,0.023194827400008056,0.02898492970212799,0.0698995403932503,0.09804092921622398,0.0003537931784217685,0.01241887055361282,0.00015845525802288908,0.012223532633213942,0
60,4,0.8,149,120,0.03355704697986577,0.026845637583892617,0.2214765100671141,0.12368351751176744,0.8071426639118958,0.6834591464001284,0.02898492970212799,0.00019533792039887942,0.023194827400008056,0.02898492970212799,0.0698995403932503,0.09804092921622398,0.0003537931784217685,0.01241887055361282,0.00015845525802288908,0.012223532633213942,0
60,0,0.95,149,142,0.03355704697986577,0.03355704697986577,0.08053691275167785,0.14725107428418566,0.3122239716911132,0.16497289740692755,0.02898492970212799,0.00019533792039887942,0.023194827400008056,0.02898492970212799,0.036709547593992406,0.04870531515202538,0.0003537931784217685,0.0007133999326757454,0.00015845525802288908,0.0005180620122768661,0
60,1,0.95,149,142,0.03355704697986577,0.03355704697986577,0.08053691275167785,0.14725107428418566,0.3122239716911132,0.16497289740692755,0.02898492970212799,0.00019533792039887942,0.023194827400008056,0.02898492970212799,0.036709547593992406,0.04870531515202538,0.0003537931784217685,0.0007133999326757454,0.00015845525802288908,0.0005180620122768661,0
60,2,0.95,149,142,0.03355704697986577,0.026845637583892617,0.0738255033557047,0.12368351751176744,0.28865641491869504,0.1649728974069276,0.02898492970212799,0.00019533792039887942,0.023194827400008056,0.02898492970212799,0.03315544657854938,0.04349554513889495,0.0003537931784217685,0.0005361747062520541,0.00015845525802288908,0.00034083678585317465,0
60,3,0.95,149,142,0.03355704697986577,0.020134228187919462,0.06711409395973154,0.10011596073934922,0.26508885814627675,0.16497289740692753,0.02898492970212799,0.00019533792039887942,0.023194827400008056,0.02898492970212799,0.02953884065694283,0.038211000410243584,0.0003537931784217685,0.00038176629421740203,0.00015845525802288908,0.00018642837381852262,0
60,4,0.95,149,142,0.03355704697986577,0.026845637583892617,0.0738255033557047,0.12368351751176744,0.28865641491869504,0.1649728974069276,0.02898492970212799,0.00019533792039887942,0.023194827400008056,0.02898492970212799,0.03315544657854938,0.04349554513889495,0.0003537931784217685,0.0005361747062520541,0.00015845525802288908,0.00034083678585317465,0
61,0,0.5,125,63,0.008,0.008,0.504,0.05750581809481707,1.7992425338036133,1.7417367157087962,0.02898492970212799,0.0,0.023194827400008056,0.02898492970212799,0.12866412112757072,0.18774331899968766,0.0065796294611039086,0.10621903522863364,0.0065796294611039086,0.10621903522863364,0
61,1,0.5,125,63,0.008,0.008,0.504,0.05750581809481707,1.7992425338036133,1.7417367157087962,0.02898492970212799,0.0,0.023194827400008056,0.02898492970212799,0.12866412112757072,0.18774331899968766,0.0065796294611039086,0.10621903522863364,0.0065796294611039086,0.10621903522863364,0
61,2,0.5,125,63,0.008,0.008,0.504,0.05750581809481707,1.7992425338036133,1.7417367157087962,0.02898492970212799,0.0,0.023194827400008056,0.02898492970212799,0.12866412112757072,0.18774331899968766,0.0065796294611039086,0.10621903522863364,0.0065796294611039086,0.10621903522863364,0
61,3,0.5,125,63,0.008,0.0,0.496,0.029413290422094555,1.7711500061308907,1.7417367157087962,0.02898492970212799,0.0,0.023194827400008056,0.02898492970212799,0.12523509110994197,0.18244125964710742,0.0065796294611039086,0.10253890942293105,0.0065796294611039086,0.10253890942293105,0
61,4,0.5,125,63,0.008,0.008,0.504,0.05750581809481707,1.7992425338036133,1.7417367157087962,0.02898492970212799,0.0,0.023194827400008056,0.02898492970212799,0.12866412112757072,0.18774331899968766,0.0065796294611039086,0.10621903522863364,0.0065796294611039086,0.10621903522863364,0
61,0,0.8,125,100,0.008,0.008,0.208,0.05750581809481707,0.75981900991288,0.702313191818063,0.02898492970212799,0.0,0.023194827400008056,0.02898492970212799,0.062211529420606225,0.08651305583642768,0.0065796294611039086,0.03912344441767596,0.0065796294611039086,0.03912344441767596,0
61,1,0.8,125,100,0.008,0.008,0.208,0.05750581809481707,0.75981900991288,0.702313191818063,0.02898492970212799,0.0,0.023194827400008056,0.02898492970212799,0.062211529420606225,0.08651305583642768,0.0065796294611039086,0.03912344441767596,0.0065796294611039086,0.03912344441767596,0
61,2,0.8,125,100,0.008,0.008,0.208,0.05750581809481707,0.75981900991288,0.702313191818063,0.02898492970212799,0.0,0.023194827400008056,0.02898492970212799,0.062211529420606225,0.08651305583642768,0.0065796294611039086,0.03912344441767596,0.0065796294611039086,0.03912344441767596,0
61,3,0.8,125,100,0.008,0.008,0.208,0.05750581809481707,0.75981900991288,0.702313191818063,0.02898492970212799,0.0,0.023194827400008056,0.02898492970212799,0.062211529420606225,0.08651305583642768,0.0065796294611039086,0.03912344441767596,0.0065796294611039086,0.03912344441767596,0
61,4,0.8,125,100,0.008,0.008,0.208,0.05750581809481707,0.75981900991288,0.702313191818063,0.02898492970212799,0.0,0.023194827400008056,0.02898492970212799,0.062211529420606225,0.08651305583642768,0.0065796294611039086,0.03912344441767596,0.0065796294611039086,0.03912344441767596,0
61,0,0.95,125,119,0.008,0.008,0.056,0.05750581809481707,0.2260609841311522,0.16855516603633514,0.02898492970212799,0.0,0.023194827400008056,0.02898492970212799,0.02309903966538949,0.02884607526086937,0.0065796294611039086,0.0065154624819605406,0.0065796294611039086,0.0065154624819605406,1
61,1,0.95,125,119,0.008,0.008,0.056,0.05750581809481707,0.2260609841311522,0.16855516603633514,0.02898492970212799,0.0,0.023194827400008056,0.02898492970212799,0.02309903966538949,0.02884607526086937,0.0065796294611039086,0.0065154624819605406,0.0065796294611039086,0.0065154624819605406,1
61,2,0.95,125,119,0.008,0.008,0.056,0.05750581809481707,0.2260609841311522,0.16855516603633514,0.02898492970212799,0.0,0.023194827400008056,0.02898492970212799,0.02309903966538949,0.02884607526086937,0.0065796294611039086,0.0065154624819605406,0.0065796294611039086,0.0065154624819605406,1
61,3,0.95,125,119,0.008,0.008,0.056,0.05750581809481707,0.2260609841311522,0.16855516603633514,0.02898492970212799,0.0,0.023194827400008056,0.02898492970212799,0.02309903966538949,0.02884607526086937,0.0065796294611039086,0.0065154624819605406,0.0065796294611039086,0.0065154624819605406,1
61,4,0.95,125,119,0.008,0.008,0.056,0.05750581809481707,0.2260609841311522,0.16855516603633514,0.02898492970212799,0.0,0.023194827400008056,0.02898492970212799,0.02309903966538949,0.02884607526086937,0.0065796294611039086,0.0065154624819605406,0.0065796294611039086,0.0065154624819605406,1
62,0,0.5,114,57,0.16666666666666666,0.09649122807017543,0.5964912280701754,0.36824860226414247,2.1240315818093,1.7557829795451574,0.02898492970212799,0.006318773889697758,0.023194827400008056,0.02898492970212799,0.1667832823700579,0.2471634590972052,0.16411307473750902,0.024580997630729306,0.15779430084781126,0.01826222374103155,1
62,1,0.5,114,57,0.16666666666666666,0.08771929824561403,0.5877192982456141,0.33744539209668356,2.093228371641841,1.7557829795451576,0.02898492970212799,0.006318773889697758,0.023194827400008056,0.02898492970212799,0.1631288591196229,0.24143085334863396,0.16411307473750902,0.023448447495277316,0.15779430084781126,0.017129673605579557,1
62,2,0.5,114,57,0.16666666666666666,0.07894736842105263,0.5789473684210527,0.30664218192922466,2.062425161474382,1.7557829795451574,0.02898492970212799,0.006318773889697758,0.023194827400008056,0.02898492970212799,0.1594677659639612,0.23569514231160285,0.16411307473750902,0.022340613062257476,0.15779430084781126,0.01602183917255972,1
62,3,0.5,114,57,0.16666666666666666,0.07894736842105263,0.5789473684210527,0.30664218192922466,2.062425161474382,1.7557829795451574,0.02898492970212799,0.006318773889697758,0.023194827400008056,0.02898492970212799,0.1594677659639612,0.23569514231160285,0.16411307473750902,0.022340613062257476,0.15779430084781126,0.01602183917255972,1
62,4,0.5,114,57,0.16666666666666666,0.08771929824561403,0.5877192982456141,0.33744539209668356,2.093228371641841,1.7557829795451576,0.02898492970212799,0.006318773889697758,0.023194827400008056,0.02898492970212799,0.1631288591196229,0.24143085334863396,0.16411307473750902,0.023448447495277316,0.15779430084781126,0.017129673605579557,1
62,0,0.8,114,92,0.16666666666666666,0.14035087719298245,0.3333333333333333,0.522264653101437,1.199935276785533,0.6776706236840959,0.02898492970212799,0.006318773889697758,0.023194827400008056,0.02898492970212799,0.12043110047117982,0.175026041580599,0.16411307473750902,0.012195027951275812,0.15779430084781126,0.005876254061578054,1
62,1,0.8,114,92,0.16666666666666666,0.14912280701754385,0.34210526315789475,0.5530678632688959,1.2307384869529918,0.6776706236840959,0.02898492970212799,0.006318773889697758,0.023194827400008056,0.02898492970212799,0.12420997475930506,0.18085767028808467,0.16411307473750902,0.013043918334521102,0.15779430084781126,0.006725144444823344,1
62,2,0.8,114,92,0.16666666666666666,0.14035087719298245,0.3333333333333333,0.522264653101437,1.199935276785533,0.6776706236840959,0.02898492970212799,0.006318773889697758,0.023194827400008056,0.02898492970212799,0.12043110047117982,0.175026041580599,0.16411307473750902,0.012195027951275812,0.15779430084781126,0.005876254061578054,1
62,3,0.8,114,92,0.16666666666666666,0.12280701754385964,0.3157894736842105,0.4606582327665192,1.1383288564506149,0.6776706236840957,0.02898492970212799,0.006318773889697758,0.023194827400008056,0.02898492970212799,0.11282217438590843,0.16331275282302427,0.16411307473750902,0.010572399545446164,0.15779430084781126,0.004253625655748406,1
62,4,0.8,114,92,0.16666666666666666,0.14035087719298245,0.3333333333333333,0.522264653101437,1.199935276785533,0.6776706236840959,0.02898492970212799,0.006318773889697758,0.023194827400008056,0.02898492970212799,0.12043110047117982,0.175026041580599,0.16411307473750902,0.012195027951275812,0.15779430084781126,0.005876254061578054,1
62,0,0.95,114,109,0.16666666666666666,0.16666666666666666,0.21052631578947367,0.6146742836038137,0.7686903344411082,0.15401605083729453,0.02898492970212799,0.006318773889697758,0.023194827400008056,0.02898492970212799,0.09931603151679684,0.14262079150045204,0.16411307473750902,0.007977353485909448,0.15779430084781126,0.0016585795962116897,1
62,1,0.95,114,109,0.16666666666666666,0.16666666666666666,0.21052631578947367,0.6146742836038137,0.7686903344411082,0.15401605083729453,0.02898492970212799,0.006318773889697758,0.023194827400008056,0.02898492970212799,0.09931603151679684,0.14262079150045204,0.16411307473750902,0.007977353485909448,0.15779430084781126,0.0016585795962116897,1
62,2,0.95,114,109,0.16666666666666666,0.15789473684210525,0.20175438596491227,0.5838710734363548,0.7378871242736493,0.15401605083729453,0.02898492970212799,0.006318773889697758,0.023194827400008056,0.02898492970212799,0.09540559152092977,0.13665475474308328,0.16411307473750902,0.007294115063039912,0.15779430084781126,0.0009753411733421542,1
62,3,0.95,114,109,0.16666666666666666,0.15789473684210525,0.20175438596491227,0.5838710734363548,0.7378871242736493,0.15401605083729453,0.02898492970212799,0.006318773889697758,0.023194827400008056,0.02898492970212799,0.09540559152092977,0.13665475474308328,0.16411307473750902,0.007294115063039912,0.15779430084781126,0.0009753411733421542,1
62,4,0.95,114,109,0.16666666666666666,0.14912280701754385,0.19298245614035087,0.5530678632688959,0.7070839141061903,0.15401605083729442,0.02898492970212799,0.006318773889697758,0.023194827400008056,0.02898492970212799,0.091469214007393,0.13066092801281887,0.16411307473750902,0.0066372328309824,0.15779430084781126,0.000318458941284642,1
63,0,0.5,174,87,0.040229885057471264,0.022988505747126436,0.5229885057471264,0.11013894465405581,1.865921924199213,1.7557829795451574,0.02898492970212799,0.0003126954336791765,0.023194827400008056,0.02898492970212799,0.135907263084482,0.19896734184325218,0.0020091373605396756,0.05181464698930946,0.001696441926860499,0.05150195155563028,0
63,1,0.5,174,87,0.040229885057471264,0.017241379310344827,0.5172413793103449,0.0899575310960655,1.8457405106412232,1.7557829795451578,0.02898492970212799,0.0003126954336791765,0.023194827400008056,0.02898492970212799,0.13346252233013467,0.1951752878401022,0.0020091373605396756,0.04983329958784394,0.001696441926860499,0.04952060415416476,0
63,2,0.5,174,87,0.040229885057471264,0.017241379310344827,0.5172413793103449,0.0899575310960655,1.8457405106412232,1.7557829795451578,0.02898492970212799,0.0003126954336791765,0.023194827400008056,0.02898492970212799,0.13346252233013467,0.1951752878401022,0.0020091373605396756,0.04983329958784394,0.001696441926860499,0.04952060415416476,0
63,3,0.5,174,87,0.040229885057471264,0.011494252873563218,0.5114942528735632,0.06977611753807518,1.8255590970832327,1.7557829795451576,0.02898492970212799,0.0003126954336791765,0.023194827400008056,0.02898492970212799,0.13101216393334703,0.19137825576377782,0.0020091373605396756,0.04786861312083929,0.001696441926860499,0.04755591768716011,0
63,4,0.5,174,87,0.040229885057471264,0.022988505747126436,0.5229885057471264,0.11013894465405581,1.865921924199213,1.7557829795451574,0.02898492970212799,0.0003126954336791765,0.023194827400008056,0.02898492970212799,0.135907263084482,0.19896734184325218,0.0020091373605396756,0.05181464698930946,0.001696441926860499,0.05150195155563028,0
63,0,0.8,174,140,0.040229885057471264,0.022988505747126436,0.21839080459770116,0.11013894465405581,0.7963070056257265,0.6861680609716707,0.02898492970212799,0.0003126954336791765,0.023194827400008056,0.02898492970212799,0.06826088672401331,0.09557922650472639,0.0020091373605396756,0.0071778679401585666,0.001696441926860499,0.00686517250647939,0
63,1,0.8,174,140,0.040229885057471264,0.034482758620689655,0.22988505747126436,0.15050177177003643,0.8366698327417071,0.6861680609716707,0.02898492970212799,0.0003126954336791765,0.023194827400008056,0.02898492970212799,0.07366198033892277,0.10370230145347643,0.0020091373605396756,0.009694139174165672,0.001696441926860499,0.009381443740486496,0
63,2,0.8,174,140,0.040229885057471264,0.022988505747126436,0.21839080459770116,0.11013894465405581,0.7963070056257265,0.6861680609716707,0.02898492970212799,0.0003126954336791765,0.023194827400008056,0.02898492970212799,0.06826088672401331,0.09557922650472639,0.0020091373605396756,0.0071778679401585666,0.001696441926860499,0.00686517250647939,0
63,3,0.8,174,140,0.040229885057471264,0.040229885057471264,0.23563218390804597,0.17068318532802676,0.8568512462996974,0.6861680609716707,0.02898492970212799,0.0003126954336791765,0.023194827400008056,0.02898492970212799,0.07633711630744834,0.10773521251578208,0.0020091373605396756,0.011034732606886588,0.001696441926860499,0.010722037173207412,0
63,4,0.8,174,140,0.040229885057471264,0.034482758620689655,0.22988505747126436,0.15050177177003643,0.8366698327417071,0.6861680609716707,0.02898492970212799,0.0003126954336791765,0.023194827400008056,0.02898492970212799,0.07366198033892277,0.10370230145347643,0.0020091373605396756,0.009694139174165672,0.001696441926860499,0.009381443740486496,0
63,0,0.95,174,166,0.040229885057471264,0.040229885057471264,0.08620689655172414,0.17068318532802676,0.3321344937919493,0.16145130846392255,0.02898492970212799,0.0003126954336791765,0.023194827400008056,0.02898492970212799,0.039928599340821117,0.05343750995331392,0.0020091373605396756,0.000895721058503398,0.001696441926860499,0.0005830256248242215,1
63,1,0.95,174,166,0.040229885057471264,0.040229885057471264,0.08620689655172414,0.17068318532802676,0.3321344937919493,0.16145130846392255,0.02898492970212799,0.0003126954336791765,0.023194827400008056,0.02898492970212799,0.039928599340821117,0.05343750995331392,0.0020091373605396756,0.000895721058503398,0.001696441926860499,0.0005830256248242215,1
63,2,0.95,174,166,0.040229885057471264,0.034482758620689655,0.08045977011494253,0.15050177177003643,0.31195308023395896,0.16145130846392253,0.02898492970212799,0.0003126954336791765,0.023194827400008056,0.02898492970212799,0.036932302610185236,0.04903236946672625,0.0020091373605396756,0.0007253489238865904,0.001696441926860499,0.0004126534902074139,1
63,3,0.95,174,166,0.040229885057471264,0.040229885057471264,0.08620689655172414,0.17068318532802676,0.3321344937919493,0.16145130846392255,0.02898492970212799,0.0003126954336791765,0.023194827400008056,0.02898492970212799,0.039928599340821117,0.05343750995331392,0.0020091373605396756,0.000895721058503398,0.001696441926860499,0.0005830256248242215,1
63,4,0.95,174,166,0.040229885057471264,0.040229885057471264,0.08620689655172414,0.17068318532802676,0.3321344937919493,0.16145130846392255,0.02898492970212799,0.0003126954336791765,0.023194827400008056,0.02898492970212799,0.039928599340821117,0.05343750995331392,0.0020091373605396756,0.000895721058503398,0.001696441926860499,0.0005830256248242215,1
64,0,0.5,143,72,0.027972027972027972,0.013986013986013986,0.5104895104895105,0.07852610103874232,1.822030877929738,1.7435047768909957,0.02898492970212799,0.00011675629141345769,0.023194827400008056,0.02898492970212799,0.1313294940732801,0.19186977263455582,0.00017410347011600333,0.0660171946531023,5.7347178702545646e-05,0.06590043836168884,0
64,1,0.5,143,72,0.027972027972027972,0.013986013986013986,0.5104895104895105,0.07852610103874232,1.822030877929738,1.7435047768909957,0.02898492970212799,0.00011675629141345769,0.023194827400008056,0.02898492970212799,0.1313294940732801,0.19186977263455582,0.00017410347011600333,0.0660171946531023,5.7347178702545646e-05,0.06590043836168884,0
64,2,0.5,143,72,0.027972027972027972,0.013986013986013986,0.5104895104895105,0.07852610103874232,1.822030877929738,1.7435047768909957,0.02898492970212799,0.00011675629141345769,0.023194827400008056,0.02898492970212799,0.1313294940732801,0.19186977263455582,0.00017410347011600333,0.0660171946531023,5.7347178702545646e-05,0.06590043836168884,0
64,3,0.5,143,72,0.027972027972027972,0.006993006993006993,0.5034965034965035,0.05396969573041844,1.7974744726214142,1.7435047768909957,0.02898492970212799,0.00011675629141345769,0.023194827400008056,0.02898492970212799,0.1283409230885247,0.18724325967403216,0.00017410347011600333,0.0633226662370397,5.7347178702545646e-05,0.06320590994562623,0
64,4,0.5,143,72,0.027972027972027972,0.0,0.4965034965034965,0.029413290422094555,1.77291806731309,1.7435047768909955,0.02898492970212799,0.00011675629141345769,0.023194827400008056,0.02898492970212799,0.1253431870620082,0.18260828492184655,0.00017410347011600333,0.06064659605748712,5.7347178702545646e-05,0.060529839766073665,0
64,0,0.8,143,115,0.027972027972027972,0.02097902097902098,0.21678321678321677,0.1030825063470662,0.7906618549801349,0.6875793486330687,0.02898492970212799,0.00011675629141345769,0.023194827400008056,0.02898492970212799,0.06740451857374918,0.09429370819691767,0.00017410347011600333,0.015653040119806144,5.7347178702545646e-05,0.015536283828392686,0
64,1,0.8,143,115,0.027972027972027972,0.027972027972027972,0.22377622377622378,0.1276389116553901,0.8152182602884588,0.6875793486330687,0.02898492970212799,0.00011675629141345769,0.023194827400008056,0.02898492970212799,0.07070574901860928,0.0992529691333666,0.00017410347011600333,0.017762481561839433,5.7347178702545646e-05,0.017645725270425974,0
64,2,0.8,143,115,0.027972027972027972,0.02097902097902098,0.21678321678321677,0.1030825063470662,0.7906618549801349,0.6875793486330687,0.02898492970212799,0.00011675629141345769,0.023194827400008056,0.02898492970212799,0.06740451857374918,0.09429370819691767,0.00017410347011600333,0.015653040119806144,5.7347178702545646e-05,0.015536283828392686,0
64,3,0.8,143,115,0.027972027972027972,0.027972027972027972,0.22377622377622378,0.1276389116553901,0.8152182602884588,0.6875793486330687,0.02898492970212799,0.00011675629141345769,0.023194827400008056,0.02898492970212799,0.07070574901860928,0.0992529691333666,0.00017410347011600333,0.017762481561839433,5.7347178702545646e-05,0.017645725270425974,0
64,4,0.8,143,115,0.027972027972027972,0.02097902097902098,0.21678321678321677,0.1030825063470662,0.7906618549801349,0.6875793486330687,0.02898492970212799,0.00011675629141345769,0.023194827400008056,0.02898492970212799,0.06740451857374918,0.09429370819691767,0.00017410347011600333,0.015653040119806144,5.7347178702545646e-05,0.015536283828392686,0
64,0,0.95,143,136,0.027972027972027972,0.027972027972027972,0.07692307692307693,0.1276389116553901,0.2995337488136573,0.1718948371582672,0.02898492970212799,0.00011675629141345769,0.023194827400008056,0.02898492970212799,0.034280244934176876,0.04514258930142021,0.00017410347011600333,0.0006402654254289153,5.7347178702545646e-05,0.0005235091340154576,0
64,1,0.95,143,136,0.027972027972027972,0.027972027972027972,0.07692307692307693,0.1276389116553901,0.2995337488136573,0.1718948371582672,0.02898492970212799,0.00011675629141345769,0.023194827400008056,0.02898492970212799,0.034280244934176876,0.04514258930142021,0.00017410347011600333,0.0006402654254289153,5.7347178702545646e-05,0.0005235091340154576,0
64,2,0.95,143,136,0.027972027972027972,0.027972027972027972,0.07692307692307693,0.1276389116553901,0.2995337488136573,0.1718948371582672,0.02898492970212799,0.00011675629141345769,0.023194827400008056,0.02898492970212799,0.034280244934176876,0.04514258930142021,0.00017410347011600333,0.0006402654254289153,5.7347178702545646e-05,0.0005235091340154576,0
64,3,0.95,143,136,0.027972027972027972,0.027972027972027972,0.07692307692307693,0.1276389116553901,0.2995337488136573,0.1718948371582672,0.02898492970212799,0.00011675629141345769,0.023194827400008056,0.02898492970212799,0.034280244934176876,0.04514258930142021,0.00017410347011600333,0.0006402654254289153,5.7347178702545646e-05,0.0005235091340154576,0
64,4,0.95,143,136,0.027972027972027972,0.027972027972027972,0.07692307692307693,0.1276389116553901,0.2995337488136573,0.1718948371582672,0.02898492970212799,0.00011675629141345769,0.023194827400008056,0.02898492970212799,0.034280244934176876,0.04514258930142021,0.00017410347011600333,0.0006402654254289153,5.7347178702545646e-05,0.0005235091340154576,0
65,0,0.5,140,70,0.05,0.02142857142857143,0.5214285714285715,0.1046611324026013,1.8604441119477588,1.7557829795451576,0.02898492970212799,0.0005279042207651565,0.023194827400008056,0.02898492970212799,0.13524423105552189,0.19793854286747675,0.006476345030737768,0.03956115942013916,0.005948440809972612,0.039033255199374,0
65,1,0.5,140,70,0.05,0.02142857142857143,0.5214285714285715,0.1046611324026013,1.8604441119477588,1.7557829795451576,0.02898492970212799,0.0005279042207651565,0.023194827400008056,0.02898492970212799,0.13524423105552189,0.19793854286747675,0.006476345030737768,0.03956115942013916,0.005948440809972612,0.039033255199374,0
65,2,0.5,140,70,0.05,0.02857142857142857,0.5285714285714286,0.12974374639610356,1.8855267259412611,1.7557829795451576,0.02898492970212799,0.0005279042207651565,0.023194827400008056,0.02898492970212799,0.13827702217044482,0.2026466047926082,0.006476345030737768,0.04178992642812168,0.005948440809972612,0.04126202220735652,0
65,3,0.5,140,70,0.05,0.02142857142857143,0.5214285714285715,0.1046611324026013,1.8604441119477588,1.7557829795451576,0.02898492970212799,0.0005279042207651565,0.023194827400008056,0.02898492970212799,0.13524423105552189,0.19793854286747675,0.006476345030737768,0.03956115942013916,0.005948440809972612,0.039033255199374,0
65,4,0.5,140,70,0.05,0.02142857142857143,0.5214285714285715,0.1046611324026013,1.8604441119477588,1.7557829795451576,0.02898492970212799,0.0005279042207651565,0.023194827400008056,0.02898492970212799,0.13524423105552189,0.19793854286747675,0.006476345030737768,0.03956115942013916,0.005948440809972612,0.039033255199374,0
65,0,0.8,140,112,0.05,0.02857142857142857,0.22857142857142856,0.12974374639610356,0.8320569382141665,0.702313191818063,0.02898492970212799,0.0005279042207651565,0.023194827400008056,0.02898492970212799,0.07197200674320423,0.1011578201501877,0.006476345030737768,0.004017370622430239,0.005948440809972612,0.003489466401665082,1
65,1,0.8,140,112,0.05,0.04285714285714286,0.24285714285714285,0.17990897438310807,0.8822221662011711,0.7023131918180631,0.02898492970212799,0.0005279042207651565,0.023194827400008056,0.02898492970212799,0.07861748762092667,0.11117788597639773,0.006476345030737768,0.0064288181872630135,0.005948440809972612,0.005900913966497857,1
65,2,0.8,140,112,0.05,0.03571428571428571,0.2357142857142857,0.1548263603896058,0.8571395522076687,0.702313191818063,0.02898492970212799,0.0005279042207651565,0.023194827400008056,0.02898492970212799,0.07530719411264877,0.10618181028102905,0.006476345030737768,0.005172750576447949,0.005948440809972612,0.0046448463556827925,1
65,3,0.8,140,112,0.05,0.04285714285714286,0.24285714285714285,0.17990897438310807,0.8822221662011711,0.7023131918180631,0.02898492970212799,0.0005279042207651565,0.023194827400008056,0.02898492970212799,0.07861748762092667,0.11117788597639773,0.006476345030737768,0.0064288181872630135,0.005948440809972612,0.005900913966497857,1
65,4,0.8,140,112,0.05,0.04285714285714286,0.24285714285714285,0.17990897438310807,0.8822221662011711,0.7023131918180631,0.02898492970212799,0.0005279042207651565,0.023194827400008056,0.02898492970212799,0.07861748762092667,0.11117788597639773,0.006476345030737768,0.0064288181872630135,0.005948440809972612,0.005900913966497857,1
65,0,0.95,140,133,0.05,0.05,0.1,0.20499158837661033,0.3805698863311261,0.17557829795451577,0.02898492970212799,0.0005279042207651565,0.023194827400008056,0.02898492970212799,0.045959331686143995,0.06233604102906609,0.006476345030737768,0.0012930735353141195,0.005948440809972612,0.0007651693145489629,1
65,1,0.95,140,133,0.05,0.04285714285714286,0.09285714285714286,0.17990897438310807,0.3554872723376238,0.1755782979545157,0.02898492970212799,0.0005279042207651565,0.023194827400008056,0.02898492970212799,0.042320064475935955,0.056961148721817276,0.006476345030737768,0.0010445865677286572,0.005948440809972612,0.0005166823469635007,1
65,2,0.95,140,133,0.05,0.05,0.1,0.20499158837661033,0.3805698863311261,0.17557829795451577,0.02898492970212799,0.0005279042207651565,0.023194827400008056,0.02898492970212799,0.045959331686143995,0.06233604102906609,0.006476345030737768,0.0012930735353141195,0.005948440809972612,0.0007651693145489629,1
65,3,0.95,140,133,0.05,0.05,0.1,0.20499158837661033,0.3805698863311261,0.17557829795451577,0.02898492970212799,0.0005279042207651565,0.023194827400008056,0.02898492970212799,0.045959331686143995,0.06233604102906609,0.006476345030737768,0.0012930735353141195,0.005948440809972612,0.0007651693145489629,1
65,4,0.95,140,133,0.05,0.04285714285714286,0.09285714285714286,0.17990897438310807,0.3554872723376238,0.1755782979545157,0.02898492970212799,0.0005279042207651565,0.023194827400008056,0.02898492970212799,0.042320064475935955,0.056961148721817276,0.006476345030737768,0.0010445865677286572,0.005948440809972612,0.0005166823469635007,1
66,0,0.5,128,64,0.03125,0.015625,0.515625,0.08428150853288073,1.8400644880780381,1.7557829795451574,0.02898492970212799,0.00016064709719054303,0.023194827400008056,0.02898492970212799,0.13277393828519976,0.19410789052410066,0.00017410347011600333,0.06204016361000747,1.3456372925460303e-05,0.06187951651281693,0
66,1,0.5,128,64,0.03125,0.0078125,0.5078125,0.05684739947748764,1.8126303790226452,1.7557829795451576,0.02898492970212799,0.00016064709719054303,0.023194827400008056,0.02898492970212799,0.12943932681809453,0.18894300587381982,0.00017410347011600333,0.05911718712303635,1.3456372925460303e-05,0.058956540025845806,0
66,2,0.5,128,64,0.03125,0.0234375,0.5234375,0.11171561758827381,1.8674985971334312,1.7557829795451574,0.02898492970212799,0.00016064709719054303,0.023194827400008056,0.02898492970212799,0.13609802953130576,0.19926339632127216,0.00017410347011600333,0.06498779922870992,1.3456372925460303e-05,0.06482715213151938,0
66,3,0.5,128,64,0.03125,0.0078125,0.5078125,0.05684739947748764,1.8126303790226452,1.7557829795451576,0.02898492970212799,0.00016064709719054303,0.023194827400008056,0.02898492970212799,0.12943932681809453,0.18894300587381982,0.00017410347011600333,0.05911718712303635,1.3456372925460303e-05,0.058956540025845806,0
66,4,0.5,128,64,0.03125,0.0234375,0.5234375,0.11171561758827381,1.8674985971334312,1.7557829795451574,0.02898492970212799,0.00016064709719054303,0.023194827400008056,0.02898492970212799,0.13609802953130576,0.19926339632127216,0.00017410347011600333,0.06498779922870992,1.3456372925460303e-05,0.06482715213151938,0
66,0,0.8,128,103,0.03125,0.03125,0.2265625,0.1391497266436669,0.8250024530284941,0.6858527263848272,0.02898492970212799,0.00016064709719054303,0.023194827400008056,0.02898492970212799,0.07212892357331725,0.10139397252656089,0.00017410347011600333,0.015627860965818086,1.3456372925460303e-05,0.015467213868627542,0
66,1,0.8,128,103,0.03125,0.03125,0.2265625,0.1391497266436669,0.8250024530284941,0.6858527263848272,0.02898492970212799,0.00016064709719054303,0.023194827400008056,0.02898492970212799,0.07212892357331725,0.10139397252656089,0.00017410347011600333,0.015627860965818086,1.3456372925460303e-05,0.015467213868627542,0
66,2,0.8,128,103,0.03125,0.03125,0.2265625,0.1391497266436669,0.8250024530284941,0.6858527263848272,0.02898492970212799,0.00016064709719054303,0.023194827400008056,0.02898492970212799,0.07212892357331725,0.10139397252656089,0.00017410347011600333,0.015627860965818086,1.3456372925460303e-05,0.015467213868627542,0
66,3,0.8,128,103,0.03125,0.0234375,0.21875,0.11171561758827381,0.797568343973101,0.6858527263848271,0.02898492970212799,0.00016064709719054303,0.023194827400008056,0.02898492970212799,0.0684519795883621,0.09586617344608997,0.00017410347011600333,0.013431592263997427,1.3456372925460303e-05,0.013270945166806884,0
66,4,0.8,128,103,0.03125,0.0234375,0.21875,0.11171561758827381,0.797568343973101,0.6858527263848271,0.02898492970212799,0.00016064709719054303,0.023194827400008056,0.02898492970212799,0.0684519795883621,0.09586617344608997,0.00017410347011600333,0.013431592263997427,1.3456372925460303e-05,0.013270945166806884,0
66,0,0.95,128,122,0.03125,0.03125,0.078125,0.1391497266436669,0.3037543809760254,0.16460465433235852,0.02898492970212799,0.00016064709719054303,0.023194827400008056,0.02898492970212799,0.03546670899466508,0.04688168464868911,0.00017410347011600333,0.0006485532670189552,1.3456372925460303e-05,0.00048790616982841216,0
66,1,0.95,128,122,0.03125,0.03125,0.078125,0.1391497266436669,0.3037543809760254,0.16460465433235852,0.02898492970212799,0.00016064709719054303,0.023194827400008056,0.02898492970212799,0.03546670899466508,0.04688168464868911,0.00017410347011600333,0.0006485532670189552,1.3456372925460303e-05,0.00048790616982841216,0
66,2,0.95,128,122,0.03125,0.03125,0.078125,0.1391497266436669,0.3037543809760254,0.16460465433235852,0.02898492970212799,0.00016064709719054303,0.023194827400008056,0.02898492970212799,0.03546670899466508,0.04688168464868911,0.00017410347011600333,0.0006485532670189552,1.3456372925460303e-05,0.00048790616982841216,0
66,3,0.95,128,122,0.03125,0.03125,0.078125,0.1391497266436669,0.3037543809760254,0.16460465433235852,0.02898492970212799,0.00016064709719054303,0.023194827400008056,0.02898492970212799,0.03546670899466508,0.04688168464868911,0.00017410347011600333,0.0006485532670189552,1.3456372925460303e-05,0.00048790616982841216,0
66,4,0.95,128,122,0.03125,0.03125,0.078125,0.1391497266436669,0.3037543809760254,0.16460465433235852,0.02898492970212799,0.00016064709719054303,0.023194827400008056,0.02898492970212799,0.03546670899466508,0.04688168464868911,0.00017410347011600333,0.0006485532670189552,1.3456372925460303e-05,0.00048790616982841216,0
67,0,0.5,130,65,0.007692307692307693,0.007692307692307693,0.5076923076923077,0.056425336261250826,1.8122083158064082,1.7557829795451574,0.02898492970212799,0.0,0.023194827400008056,0.02898492970212799,0.12938793937109547,0.18886346826160083,0.006842633131508548,0.10782585670423306,0.006842633131508548,0.10782585670423306,0
67,1,0.5,130,65,0.007692307692307693,0.0,0.5,0.029413290422094555,1.7851962699672521,1.7557829795451576,0.02898492970212799,0.0,0.023194827400008056,0.02898492970212799,0.12609350848783066,0.1837678580483093,0.006842633131508548,0.10427640668348076,0.006842633131508548,0.10427640668348076,0
67,2,0.5,130,65,0.007692307692307693,0.007692307692307693,0.5076923076923077,0.056425336261250826,1.8122083158064082,1.7557829795451574,0.02898492970212799,0.0,0.023194827400008056,0.02898492970212799,0.12938793937109547,0.18886346826160083,0.006842633131508548,0.10782585670423306,0.006842633131508548,0.10782585670423306,0
67,3,0.5,130,65,0.007692307692307693,0.007692307692307693,0.5076923076923077,0.056425336261250826,1.8122083158064082,1.7557829795451574,0.02898492970212799,0.0,0.023194827400008056,0.02898492970212799,0.12938793937109547,0.18886346826160083,0.006842633131508548,0.10782585670423306,0.006842633131508548,0.10782585670423306,0
67,4,0.5,130,65,0.007692307692307693,0.007692307692307693,0.5076923076923077,0.056425336261250826,1.8122083158064082,1.7557829795451574,0.02898492970212799,0.0,0.023194827400008056,0.02898492970212799,0.12938793937109547,0.18886346826160083,0.006842633131508548,0.10782585670423306,0.006842633131508548,0.10782585670423306,0
67,0,0.8,130,104,0.007692307692307693,0.007692307692307693,0.2076923076923077,0.056425336261250826,0.7587385280793139,0.7023131918180631,0.02898492970212799,0.0,0.023194827400008056,0.02898492970212799,0.06206362624882527,0.08629182816359199,0.006842633131508548,0.039564383445623456,0.006842633131508548,0.039564383445623456,0
67,1,0.8,130,104,0.007692307692307693,0.007692307692307693,0.2076923076923077,0.056425336261250826,0.7587385280793139,0.7023131918180631,0.02898492970212799,0.0,0.023194827400008056,0.02898492970212799,0.06206362624882527,0.08629182816359199,0.006842633131508548,0.039564383445623456,0.006842633131508548,0.039564383445623456,0
67,2,0.8,130,104,0.007692307692307693,0.007692307692307693,0.2076923076923077,0.056425336261250826,0.7587385280793139,0.7023131918180631,0.02898492970212799,0.0,0.023194827400008056,0.02898492970212799,0.06206362624882527,0.08629182816359199,0.006842633131508548,0.039564383445623456,0.006842633131508548,0.039564383445623456,0
67,3,0.8,130,104,0.007692307692307693,0.007692307692307693,0.2076923076923077,0.056425336261250826,0.7587385280793139,0.7023131918180631,0.02898492970212799,0.0,0.023194827400008056,0.02898492970212799,0.06206362624882527,0.08629182816359199,0.006842633131508548,0.039564383445623456,0.006842633131508548,0.039564383445623456,0
67,4,0.8,130,104,0.007692307692307693,0.007692307692307693,0.2076923076923077,0.056425336261250826,0.7587385280793139,0.7023131918180631,0.02898492970212799,0.0,0.023194827400008056,0.02898492970212799,0.06206362624882527,0.08629182816359199,0.006842633131508548,0.039564383445623456,0.006842633131508548,0.039564383445623456,0
67,0,0.95,130,124,0.007692307692307693,0.007692307692307693,0.05384615384615385,0.056425336261250826,0.21849761129618844,0.16207227503493762,0.02898492970212799,0.0,0.023194827400008056,0.02898492970212799,0.02240199591760704,0.027836055179695333,0.006842633131508548,0.006305078196845566,0.006842633131508548,0.006305078196845566,1
67,1,0.95,130,124,0.007692307692307693,0.007692307692307693,0.05384615384615385,0.056425336261250826,0.21849761129618844,0.16207227503493762,0.02898492970212799,0.0,0.023194827400008056,0.02898492970212799,0.02240199591760704,0.027836055179695333,0.006842633131508548,0.006305078196845566,0.006842633131508548,0.006305078196845566,1
67,2,0.95,130,124,0.007692307692307693,0.007692307692307693,0.05384615384615385,0.056425336261250826,0.21849761129618844,0.16207227503493762,0.02898492970212799,0.0,0.023194827400008056,0.02898492970212799,0.02240199591760704,0.027836055179695333,0.006842633131508548,0.006305078196845566,0.006842633131508548,0.006305078196845566,1
67,3,0.95,130,124,0.007692307692307693,0.007692307692307693,0.05384615384615385,0.056425336261250826,0.21849761129618844,0.16207227503493762,0.02898492970212799,0.0,0.023194827400008056,0.02898492970212799,0.02240199591760704,0.027836055179695333,0.006842633131508548,0.006305078196845566,0.006842633131508548,0.006305078196845566,1
67,4,0.95,130,124,0.007692307692307693,0.007692307692307693,0.05384615384615385,0.056425336261250826,0.21849761129618844,0.16207227503493762,0.02898492970212799,0.0,0.023194827400008056,0.02898492970212799,0.02240199591760704,0.027836055179695333,0.006842633131508548,0.006305078196845566,0.006842633131508548,0.006305078196845566,1
68,0,0.5,82,41,0.04878048780487805,0.036585365853658534,0.5365853658536586,0.15788521575466705,1.9136681952998247,1.7557829795451576,0.02898492970212799,0.0004983300623468705,0.023194827400008056,0.02898492970212799,0.14167028951474092,0.20792090362003648,0.005800503677707014,0.04573564673578265,0.005302173615360143,0.04523731667343578,0
68,1,0.5,82,41,0.04878048780487805,0.024390243902439025,0.524390243902439,0.11506124064380956,1.8708442201889672,1.7557829795451576,0.02898492970212799,0.0004983300623468705,0.023194827400008056,0.02898492970212799,0.13650271889332935,0.19989151639953115,0.005800503677707014,0.04183858513774916,0.005302173615360143,0.04134025507540229,0
68,2,0.5,82,41,0.04878048780487805,0.04878048780487805,0.5487804878048781,0.20070919086552455,1.9564921704106821,1.7557829795451576,0.02898492970212799,0.0004983300623468705,0.023194827400008056,0.02898492970212799,0.14681636870800527,0.2159328232235447,0.005800503677707014,0.049715311820029556,0.005302173615360143,0.04921698175768269,0
68,3,0.5,82,41,0.04878048780487805,0.012195121951219513,0.5121951219512195,0.07223726553295205,1.8280202450781096,1.7557829795451576,0.02898492970212799,0.0004983300623468705,0.023194827400008056,0.02898492970212799,0.13131129783180218,0.19184158652126054,0.005800503677707014,0.038028293239921296,0.005302173615360143,0.03752996317757443,0
68,4,0.5,82,41,0.04878048780487805,0.036585365853658534,0.5365853658536586,0.15788521575466705,1.9136681952998247,1.7557829795451576,0.02898492970212799,0.0004983300623468705,0.023194827400008056,0.02898492970212799,0.14167028951474092,0.20792090362003648,0.005800503677707014,0.04573564673578265,0.005302173615360143,0.04523731667343578,0
68,0,0.8,82,66,0.04878048780487805,0.024390243902439025,0.21951219512195122,0.11506124064380956,0.8002448424175295,0.68518360177372,0.02898492970212799,0.0004983300623468705,0.023194827400008056,0.02898492970212799,0.068857167565582,0.09647471845018095,0.005800503677707014,0.00347675481578566,0.005302173615360143,0.002978424753438789,1
68,1,0.8,82,66,0.04878048780487805,0.036585365853658534,0.23170731707317074,0.15788521575466705,0.8430688175283871,0.6851836017737201,0.02898492970212799,0.0004983300623468705,0.023194827400008056,0.02898492970212799,0.07457726834629315,0.10508144327444985,0.005800503677707014,0.00544545847937658,0.005302173615360143,0.00494712841702971,1
68,2,0.8,82,66,0.04878048780487805,0.024390243902439025,0.21951219512195122,0.11506124064380956,0.8002448424175295,0.68518360177372,0.02898492970212799,0.0004983300623468705,0.023194827400008056,0.02898492970212799,0.068857167565582,0.09647471845018095,0.005800503677707014,0.00347675481578566,0.005302173615360143,0.002978424753438789,1
68,3,0.8,82,66,0.04878048780487805,0.036585365853658534,0.23170731707317074,0.15788521575466705,0.8430688175283871,0.6851836017737201,0.02898492970212799,0.0004983300623468705,0.023194827400008056,0.02898492970212799,0.07457726834629315,0.10508144327444985,0.005800503677707014,0.00544545847937658,0.005302173615360143,0.00494712841702971,1
68,4,0.8,82,66,0.04878048780487805,0.036585365853658534,0.23170731707317074,0.15788521575466705,0.8430688175283871,0.6851836017737201,0.02898492970212799,0.0004983300623468705,0.023194827400008056,0.02898492970212799,0.07457726834629315,0.10508144327444985,0.005800503677707014,0.00544545847937658,0.005302173615360143,0.00494712841702971,1
68,0,0.95,82,78,0.04878048780487805,0.04878048780487805,0.0975609756097561,0.20070919086552455,0.3720050913089546,0.17129590044343004,0.02898492970212799,0.0004983300623468705,0.023194827400008056,0.02898492970212799,0.04503207689101404,0.060965133291079776,0.005800503677707014,0.0012272464112979195,0.005302173615360143,0.0007289163489510491,1
68,1,0.95,82,78,0.04878048780487805,0.036585365853658534,0.08536585365853659,0.15788521575466705,0.3291811161980971,0.17129590044343004,0.02898492970212799,0.0004983300623468705,0.023194827400008056,0.02898492970212799,0.038763872621756706,0.0517238390751601,0.005800503677707014,0.000827360368200645,0.005302173615360143,0.0003290303058537745,1
68,2,0.95,82,78,0.04878048780487805,0.04878048780487805,0.0975609756097561,0.20070919086552455,0.3720050913089546,0.17129590044343004,0.02898492970212799,0.0004983300623468705,0.023194827400008056,0.02898492970212799,0.04503207689101404,0.060965133291079776,0.005800503677707014,0.0012272464112979195,0.005302173615360143,0.0007289163489510491,1
68,3,0.95,82,78,0.04878048780487805,0.04878048780487805,0.0975609756097561,0.20070919086552455,0.3720050913089546,0.17129590044343004,0.02898492970212799,0.0004983300623468705,0.023194827400008056,0.02898492970212799,0.04503207689101404,0.060965133291079776,0.005800503677707014,0.0012272464112979195,0.005302173615360143,0.0007289163489510491,1
68,4,0.95,82,78,0.04878048780487805,0.04878048780487805,0.0975609756097561,0.20070919086552455,0.3720050913089546,0.17129590044343004,0.02898492970212799,0.0004983300623468705,0.023194827400008056,0.02898492970212799,0.04503207689101404,0.060965133291079776,0.005800503677707014,0.0012272464112979195,0.005302173615360143,0.0007289163489510491,1
69,0,0.5,89,45,0.0449438202247191,0.0449438202247191,0.5393258426966292,0.18723647959469297,1.9232915604932757,1.7360550808985826,0.02898492970212799,0.00041027719807559994,0.023194827400008056,0.02898492970212799,0.14401457280119886,0.21156876400408842,0.0038870115047605625,0.05225757637482831,0.0034767343066849626,0.05184729917675271,0
69,1,0.5,89,45,0.0449438202247191,0.02247191011235955,0.5168539325842697,0.10832488500839375,1.8443799659069766,1.7360550808985828,0.02898492970212799,0.00041027719807559994,0.023194827400008056,0.02898492970212799,0.13449327931528035,0.1967736505605701,0.0038870115047605625,0.0447671166010494,0.0034767343066849626,0.0443568394029738,0
69,2,0.5,89,45,0.0449438202247191,0.033707865168539325,0.5280898876404494,0.14778068230154337,1.8838357632001257,1.7360550808985824,0.02898492970212799,0.00041027719807559994,0.023194827400008056,0.02898492970212799,0.13926350623452252,0.20417922017366125,0.0038870115047605625,0.04847899752146706,0.0034767343066849626,0.04806872032339146,0
69,3,0.5,89,45,0.0449438202247191,0.02247191011235955,0.5168539325842697,0.10832488500839375,1.8443799659069766,1.7360550808985828,0.02898492970212799,0.00041027719807559994,0.023194827400008056,0.02898492970212799,0.13449327931528035,0.1967736505605701,0.0038870115047605625,0.0447671166010494,0.0034767343066849626,0.0443568394029738,0
69,4,0.5,89,45,0.0449438202247191,0.011235955056179775,0.5056179775280899,0.06886908771524416,1.8049241686138269,1.7360550808985826,0.02898492970212799,0.00041027719807559994,0.023194827400008056,0.02898492970212799,0.1297019965446837,0.1893495928733844,0.0038870115047605625,0.041125010622818925,0.0034767343066849626,0.04071473342474333,0
69,0,0.8,89,72,0.0449438202247191,0.033707865168539325,0.2247191011235955,0.14778068230154337,0.8185292362850867,0.6707485539835433,0.02898492970212799,0.00041027719807559994,0.023194827400008056,0.02898492970212799,0.07227285973663514,0.10161060892531217,0.0038870115047605625,0.006377768532088934,0.0034767343066849626,0.0059674913340133345,0
69,1,0.8,89,72,0.0449438202247191,0.033707865168539325,0.2247191011235955,0.14778068230154337,0.8185292362850867,0.6707485539835433,0.02898492970212799,0.00041027719807559994,0.023194827400008056,0.02898492970212799,0.07227285973663514,0.10161060892531217,0.0038870115047605625,0.006377768532088934,0.0034767343066849626,0.0059674913340133345,0
69,2,0.8,89,72,0.0449438202247191,0.02247191011235955,0.21348314606741572,0.10832488500839375,0.779073438991937,0.6707485539835433,0.02898492970212799,0.00041027719807559994,0.023194827400008056,0.02898492970212799,0.06697595782836832,0.09365063788040726,0.0038870115047605625,0.004361235078435832,0.0034767343066849626,0.003950957880360232,0
69,3,0.8,89,72,0.0449438202247191,0.02247191011235955,0.21348314606741572,0.10832488500839375,0.779073438991937,0.6707485539835433,0.02898492970212799,0.00041027719807559994,0.023194827400008056,0.02898492970212799,0.06697595782836832,0.09365063788040726,0.0038870115047605625,0.004361235078435832,0.0034767343066849626,0.003950957880360232,0
69,4,0.8,89,72,0.0449438202247191,0.033707865168539325,0.2247191011235955,0.14778068230154337,0.8185292362850867,0.6707485539835433,0.02898492970212799,0.00041027719807559994,0.023194827400008056,0.02898492970212799,0.07227285973663514,0.10161060892531217,0.0038870115047605625,0.006377768532088934,0.0034767343066849626,0.0059674913340133345,0
69,0,0.95,89,85,0.0449438202247191,0.033707865168539325,0.07865168539325842,0.14778068230154337,0.30560387147414175,0.15782318917259838,0.02898492970212799,0.00041027719807559994,0.023194827400008056,0.02898492970212799,0.03625356378770022,0.04803602094722688,0.0038870115047605625,0.0006892496115548443,0.0034767343066849626,0.00027897241347924433,1
69,1,0.95,89,85,0.0449438202247191,0.0449438202247191,0.0898876404494382,0.18723647959469297,0.3450596687672914,0.1578231891725984,0.02898492970212799,0.00041027719807559994,0.023194827400008056,0.02898492970212799,0.04209348386617362,0.05662701158115598,0.0038870115047605625,0.0010299917066683463,0.0034767343066849626,0.0006197145085927464,1
69,2,0.95,89,85,0.0449438202247191,0.0449438202247191,0.0898876404494382,0.18723647959469297,0.3450596687672914,0.1578231891725984,0.02898492970212799,0.00041027719807559994,0.023194827400008056,0.02898492970212799,0.04209348386617362,0.05662701158115598,0.0038870115047605625,0.0010299917066683463,0.0034767343066849626,0.0006197145085927464,1
69,3,0.95,89,85,0.0449438202247191,0.0449438202247191,0.0898876404494382,0.18723647959469297,0.3450596687672914,0.1578231891725984,0.02898492970212799,0.00041027719807559994,0.023194827400008056,0.02898492970212799,0.04209348386617362,0.05662701158115598,0.0038870115047605625,0.0010299917066683463,0.0034767343066849626,0.0006197145085927464,1
69,4,0.95,89,85,0.0449438202247191,0.0449438202247191,0.0898876404494382,0.18723647959469297,0.3450596687672914,0.1578231891725984,0.02898492970212799,0.00041027719807559994,0.023194827400008056,0.02898492970212799,0.04209348386617362,0.05662701158115598,0.0038870115047605625,0.0010299917066683463,0.0034767343066849626,0.0006197145085927464,1
70,0,0.5,110,55,0.05454545454545454,0.01818181818181818,0.5181818181818182,0.09325994422373665,1.8490429237688941,1.7557829795451574,0.02898492970212799,0.0006447365575099792,0.023194827400008056,0.02898492970212799,0.1338629482126287,0.19579613734449997,0.009265707180705407,0.03387330637604222,0.008620970623195428,0.033228569818532235,0
70,1,0.5,110,55,0.05454545454545454,0.01818181818181818,0.5181818181818182,0.09325994422373665,1.8490429237688941,1.7557829795451574,0.02898492970212799,0.0006447365575099792,0.023194827400008056,0.02898492970212799,0.1338629482126287,0.19579613734449997,0.009265707180705407,0.03387330637604222,0.008620970623195428,0.033228569818532235,0
70,2,0.5,110,55,0.05454545454545454,0.01818181818181818,0.5181818181818182,0.09325994422373665,1.8490429237688941,1.7557829795451574,0.02898492970212799,0.0006447365575099792,0.023194827400008056,0.02898492970212799,0.1338629482126287,0.19579613734449997,0.009265707180705407,0.03387330637604222,0.008620970623195428,0.033228569818532235,0
70,3,0.5,110,55,0.05454545454545454,0.05454545454545454,0.5545454545454546,0.22095325182702083,1.9767362313721786,1.7557829795451578,0.02898492970212799,0.0006447365575099792,0.023194827400008056,0.02898492970212799,0.14924222169433576,0.2197150388996805,0.009265707180705407,0.04487974109361151,0.008620970623195428,0.044235004536101526,0
70,4,0.5,110,55,0.05454545454545454,0.01818181818181818,0.5181818181818182,0.09325994422373665,1.8490429237688941,1.7557829795451574,0.02898492970212799,0.0006447365575099792,0.023194827400008056,0.02898492970212799,0.1338629482126287,0.19579613734449997,0.009265707180705407,0.03387330637604222,0.008620970623195428,0.033228569818532235,0
70,0,0.8,110,88,0.05454545454545454,0.05454545454545454,0.2545454545454545,0.22095325182702083,0.9232664436450837,0.7023131918180628,0.02898492970212799,0.0006447365575099792,0.023194827400008056,0.02898492970212799,0.08398458113233023,0.11929792151434526,0.009265707180705407,0.0063654446135612275,0.008620970623195428,0.005720708056051248,1
70,1,0.8,110,88,0.05454545454545454,0.03636363636363636,0.23636363636363636,0.15710659802537874,0.8594197898434417,0.702313191818063,0.02898492970212799,0.0006447365575099792,0.023194827400008056,0.02898492970212799,0.07560913455014598,0.1066371229731089,0.009265707180705407,0.004304558536419159,0.008620970623195428,0.00365982197890918,1
70,2,0.8,110,88,0.05454545454545454,0.045454545454545456,0.24545454545454545,0.1890299249261998,0.8913431167442627,0.702313191818063,0.02898492970212799,0.0006447365575099792,0.023194827400008056,0.02898492970212799,0.07981536184247263,0.1129880924024353,0.009265707180705407,0.004874184749195385,0.008620970623195428,0.004229448191685406,1
70,3,0.8,110,88,0.05454545454545454,0.03636363636363636,0.23636363636363636,0.15710659802537874,0.8594197898434417,0.702313191818063,0.02898492970212799,0.0006447365575099792,0.023194827400008056,0.02898492970212799,0.07560913455014598,0.1066371229731089,0.009265707180705407,0.004304558536419159,0.008620970623195428,0.00365982197890918,1
70,4,0.8,110,88,0.05454545454545454,0.03636363636363636,0.23636363636363636,0.15710659802537874,0.8594197898434417,0.702313191818063,0.02898492970212799,0.0006447365575099792,0.023194827400008056,0.02898492970212799,0.07560913455014598,0.1066371229731089,0.009265707180705407,0.004304558536419159,0.008620970623195428,0.00365982197890918,1
70,0,0.95,110,105,0.05454545454545454,0.05454545454545454,0.1,0.22095325182702083,0.3805698863311261,0.15961663450410526,0.02898492970212799,0.0006447365575099792,0.023194827400008056,0.02898492970212799,0.047107010591389394,0.06403416859319205,0.009265707180705407,0.0013769302350294845,0.008620970623195428,0.0007321936775195054,1
70,1,0.95,110,105,0.05454545454545454,0.05454545454545454,0.1,0.22095325182702083,0.3805698863311261,0.15961663450410526,0.02898492970212799,0.0006447365575099792,0.023194827400008056,0.02898492970212799,0.047107010591389394,0.06403416859319205,0.009265707180705407,0.0013769302350294845,0.008620970623195428,0.0007321936775195054,1
70,2,0.95,110,105,0.05454545454545454,0.05454545454545454,0.1,0.22095325182702083,0.3805698863311261,0.15961663450410526,0.02898492970212799,0.0006447365575099792,0.023194827400008056,0.02898492970212799,0.047107010591389394,0.06403416859319205,0.009265707180705407,0.0013769302350294845,0.008620970623195428,0.0007321936775195054,1
70,3,0.95,110,105,0.05454545454545454,0.045454545454545456,0.09090909090909091,0.1890299249261998,0.348646559430305,0.15961663450410518,0.02898492970212799,0.0006447365575099792,0.023194827400008056,0.02898492970212799,0.042486593866705065,0.05720676676459213,0.009265707180705407,0.001055378781060239,0.008620970623195428,0.0004106422235502599,1
70,4,0.95,110,105,0.05454545454545454,0.05454545454545454,0.1,0.22095325182702083,0.3805698863311261,0.15961663450410526,0.02898492970212799,0.0006447365575099792,0.023194827400008056,0.02898492970212799,0.047107010591389394,0.06403416859319205,0.009265707180705407,0.0013769302350294845,0.008620970623195428,0.0007321936775195054,1
71,0,0.5,95,48,0.07368421052631578,0.021052631578947368,0.5157894736842106,0.10334099482399592,1.840642048268678,1.7373010534446822,0.02898492970212799,0.0012455732916413032,0.023194827400008056,0.02898492970212799,0.13396478707909754,0.19595405166015886,0.025094003359464878,0.018283879396875702,0.023848430067823573,0.017038306105234397,1
71,1,0.5,95,48,0.07368421052631578,0.021052631578947368,0.5157894736842106,0.10334099482399592,1.840642048268678,1.7373010534446822,0.02898492970212799,0.0012455732916413032,0.023194827400008056,0.02898492970212799,0.13396478707909754,0.19595405166015886,0.025094003359464878,0.018283879396875702,0.023848430067823573,0.017038306105234397,1
71,2,0.5,95,48,0.07368421052631578,0.031578947368421054,0.5263157894736842,0.1403048470249466,1.8776059004696286,1.737301053444682,0.02898492970212799,0.0012455732916413032,0.023194827400008056,0.02898492970212799,0.13843641984482183,0.2028942071507351,0.025094003359464878,0.020659791372657055,0.023848430067823573,0.01941421808101575,1
71,3,0.5,95,48,0.07368421052631578,0.042105263157894736,0.5368421052631579,0.1772686992258973,1.9145697526705794,1.737301053444682,0.02898492970212799,0.0012455732916413032,0.023194827400008056,0.02898492970212799,0.1428909551198143,0.20981993096362722,0.025094003359464878,0.023127913047837678,0.023848430067823573,0.021882339756196374,1
71,4,0.5,95,48,0.07368421052631578,0.021052631578947368,0.5157894736842106,0.10334099482399592,1.840642048268678,1.7373010534446822,0.02898492970212799,0.0012455732916413032,0.023194827400008056,0.02898492970212799,0.13396478707909754,0.19595405166015886,0.025094003359464878,0.018283879396875702,0.023848430067823573,0.017038306105234397,1
71,0,0.8,95,76,0.07368421052631578,0.06315789473684211,0.2631578947368421,0.25119640362779866,0.9535095954458616,0.702313191818063,0.02898492970212799,0.0012455732916413032,0.023194827400008056,0.02898492970212799,0.08790274196321946,0.12524079697306528,0.025094003359464878,0.006068837205387955,0.023848430067823573,0.004823263913746652,1
71,1,0.8,95,76,0.07368421052631578,0.042105263157894736,0.24210526315789474,0.1772686992258973,0.8795818910439602,0.702313191818063,0.02898492970212799,0.0012455732916413032,0.023194827400008056,0.02898492970212799,0.07827016131188905,0.11065324048035903,0.025094003359464878,0.004660814925551353,0.023848430067823573,0.0034152416339100497,1
71,2,0.8,95,76,0.07368421052631578,0.06315789473684211,0.2631578947368421,0.25119640362779866,0.9535095954458616,0.702313191818063,0.02898492970212799,0.0012455732916413032,0.023194827400008056,0.02898492970212799,0.08790274196321946,0.12524079697306528,0.025094003359464878,0.006068837205387955,0.023848430067823573,0.004823263913746652,1
71,3,0.8,95,76,0.07368421052631578,0.05263157894736842,0.25263157894736843,0.21423255142684797,0.916545743244911,0.7023131918180631,0.02898492970212799,0.0012455732916413032,0.023194827400008056,0.02898492970212799,0.08310978459713149,0.11797278104476787,0.025094003359464878,0.0053450406038389655,0.023848430067823573,0.0040994673121976626,1
71,4,0.8,95,76,0.07368421052631578,0.042105263157894736,0.24210526315789474,0.1772686992258973,0.8795818910439602,0.702313191818063,0.02898492970212799,0.0012455732916413032,0.023194827400008056,0.02898492970212799,0.07827016131188905,0.11065324048035903,0.025094003359464878,0.004660814925551353,0.023848430067823573,0.0034152416339100497,1
71,0,0.95,95,91,0.07368421052631578,0.07368421052631578,0.11578947368421053,0.28816025582874927,0.4360156646325521,0.14785540880380282,0.02898492970212799,0.0012455732916413032,0.023194827400008056,0.02898492970212799,0.055778700002859526,0.07691093753209499,0.025094003359464878,0.0020956893739518105,0.023848430067823573,0.0008501160823105073,1
71,1,0.95,95,91,0.07368421052631578,0.07368421052631578,0.11578947368421053,0.28816025582874927,0.4360156646325521,0.14785540880380282,0.02898492970212799,0.0012455732916413032,0.023194827400008056,0.02898492970212799,0.055778700002859526,0.07691093753209499,0.025094003359464878,0.0020956893739518105,0.023848430067823573,0.0008501160823105073,1
71,2,0.95,95,91,0.07368421052631578,0.07368421052631578,0.11578947368421053,0.28816025582874927,0.4360156646325521,0.14785540880380282,0.02898492970212799,0.0012455732916413032,0.023194827400008056,0.02898492970212799,0.055778700002859526,0.07691093753209499,0.025094003359464878,0.0020956893739518105,0.023848430067823573,0.0008501160823105073,1
71,3,0.95,95,91,0.07368421052631578,0.07368421052631578,0.11578947368421053,0.28816025582874927,0.4360156646325521,0.14785540880380282,0.02898492970212799,0.0012455732916413032,0.023194827400008056,0.02898492970212799,0.055778700002859526,0.07691093753209499,0.025094003359464878,0.0020956893739518105,0.023848430067823573,0.0008501160823105073,1
71,4,0.95,95,91,0.07368421052631578,0.07368421052631578,0.11578947368421053,0.28816025582874927,0.4360156646325521,0.14785540880380282,0.02898492970212799,0.0012455732916413032,0.023194827400008056,0.02898492970212799,0.055778700002859526,0.07691093753209499,0.025094003359464878,0.0020956893739518105,0.023848430067823573,0.0008501160823105073,1
72,0,0.5,96,48,0.10416666666666667,0.0625,0.5625,0.24888616286523924,2.0046691424103966,1.7557829795451574,0.02898492970212799,0.002536586587278634,0.023194827400008056,0.02898492970212799,0.15258278046225504,0.22492898498977573,0.06105861977347987,0.020329849284347615,0.058522033186201236,0.017793262697068983,1
72,1,0.5,96,48,0.10416666666666667,0.041666666666666664,0.5416666666666666,0.17572853871752434,1.9315115182626816,1.7557829795451574,0.02898492970212799,0.002536586587278634,0.023194827400008056,0.02898492970212799,0.1438169705797508,0.21126115540086587,0.06105861977347987,0.017906981615141888,0.058522033186201236,0.015370395027863254,1
72,2,0.5,96,48,0.10416666666666667,0.052083333333333336,0.5520833333333334,0.2123073507913818,1.9680903303365394,1.7557829795451576,0.02898492970212799,0.002536586587278634,0.023194827400008056,0.02898492970212799,0.14820669236243683,0.21810009584400494,0.06105861977347987,0.01910108981376525,0.058522033186201236,0.016564503226486615,1
72,3,0.5,96,48,0.10416666666666667,0.07291666666666667,0.5729166666666666,0.2854649749390967,2.0412479544842537,1.755782979545157,0.02898492970212799,0.002536586587278634,0.023194827400008056,0.02898492970212799,0.15694653177985085,0.23174954620425653,0.06105861977347987,0.021593283202126713,0.058522033186201236,0.01905669661484808,1
72,4,0.5,96,48,0.10416666666666667,0.0625,0.5625,0.24888616286523924,2.0046691424103966,1.7557829795451574,0.02898492970212799,0.002536586587278634,0.023194827400008056,0.02898492970212799,0.15258278046225504,0.22492898498977573,0.06105861977347987,0.020329849284347615,0.058522033186201236,0.017793262697068983,1
72,0,0.8,96,77,0.10416666666666667,0.07291666666666667,0.2708333333333333,0.2854649749390967,0.9804624043423881,0.6949974294032913,0.02898492970212799,0.002536586587278634,0.023194827400008056,0.02898492970212799,0.09183940093264181,0.1312240913812716,0.06105861977347987,0.006697687545013695,0.058522033186201236,0.004161100957735061,1
72,1,0.8,96,77,0.10416666666666667,0.09375,0.2916666666666667,0.3586225990868116,1.0536200284901032,0.6949974294032916,0.02898492970212799,0.002536586587278634,0.023194827400008056,0.02898492970212799,0.10114061776577248,0.14540842070359525,0.06105861977347987,0.008306612206726642,0.058522033186201236,0.005770025619448008,1
72,2,0.8,96,77,0.10416666666666667,0.07291666666666667,0.2708333333333333,0.2854649749390967,0.9804624043423881,0.6949974294032913,0.02898492970212799,0.002536586587278634,0.023194827400008056,0.02898492970212799,0.09183940093264181,0.1312240913812716,0.06105861977347987,0.006697687545013695,0.058522033186201236,0.004161100957735061,1
72,3,0.8,96,77,0.10416666666666667,0.08333333333333333,0.28125,0.3220437870129541,1.0170412164162457,0.6949974294032916,0.02898492970212799,0.002536586587278634,0.023194827400008056,0.02898492970212799,0.09650794690612313,0.13833541534639393,0.06105861977347987,0.00748362487791262,0.058522033186201236,0.004947038290633986,1
72,4,0.8,96,77,0.10416666666666667,0.09375,0.2916666666666667,0.3586225990868116,1.0536200284901032,0.6949974294032916,0.02898492970212799,0.002536586587278634,0.023194827400008056,0.02898492970212799,0.10114061776577248,0.14540842070359525,0.06105861977347987,0.008306612206726642,0.058522033186201236,0.005770025619448008,1
72,0,0.95,96,92,0.10416666666666667,0.10416666666666667,0.14583333333333334,0.39520141116066904,0.541516659456099,0.1463152482954299,0.02898492970212799,0.002536586587278634,0.023194827400008056,0.02898492970212799,0.07029455909062078,0.09863471997470259,0.06105861977347987,0.003635433855932361,0.058522033186201236,0.0010988472686537269,1
72,1,0.95,96,92,0.10416666666666667,0.09375,0.13541666666666666,0.3586225990868116,0.5049378473822413,0.14631524829542975,0.02898492970212799,0.002536586587278634,0.023194827400008056,0.02898492970212799,0.06536190275077916,0.09123022596641671,0.06105861977347987,0.003064940276186729,0.058522033186201236,0.0005283536889080947,1
72,2,0.95,96,92,0.10416666666666667,0.10416666666666667,0.14583333333333334,0.39520141116066904,0.541516659456099,0.1463152482954299,0.02898492970212799,0.002536586587278634,0.023194827400008056,0.02898492970212799,0.07029455909062078,0.09863471997470259,0.06105861977347987,0.003635433855932361,0.058522033186201236,0.0010988472686537269,1
72,3,0.95,96,92,0.10416666666666667,0.09375,0.13541666666666666,0.3586225990868116,0.5049378473822413,0.14631524829542975,0.02898492970212799,0.002536586587278634,0.023194827400008056,0.02898492970212799,0.06536190275077916,0.09123022596641671,0.06105861977347987,0.003064940276186729,0.058522033186201236,0.0005283536889080947,1
72,4,0.95,96,92,0.10416666666666667,0.10416666666666667,0.14583333333333334,0.39520141116066904,0.541516659456099,0.1463152482954299,0.02898492970212799,0.002536586587278634,0.023194827400008056,0.02898492970212799,0.07029455909062078,0.09863471997470259,0.06105861977347987,0.003635433855932361,0.058522033186201236,0.0010988472686537269,1
73,0,0.5,87,44,0.022988505747126436,0.022988505747126436,0.5172413793103449,0.11013894465405581,1.8457405106412232,1.7356015659871675,0.02898492970212799,6.262858183615575e-05,0.023194827400008056,0.02898492970212799,0.134685578430423,0.19707191579027056,0.00017410347011600333,0.07797205393386322,0.00011147488827984758,0.07790942535202706,0
73,1,0.5,87,44,0.022988505747126436,0.0,0.4942528735632184,0.029413290422094555,1.7650148564092618,1.7356015659871673,0.02898492970212799,6.262858183615575e-05,0.023194827400008056,0.02898492970212799,0.1248599018323408,0.18186159187371015,0.00017410347011600333,0.06868196180686176,0.00011147488827984758,0.0686193332250256,0
73,2,0.5,87,44,0.022988505747126436,0.0,0.4942528735632184,0.029413290422094555,1.7650148564092618,1.7356015659871673,0.02898492970212799,6.262858183615575e-05,0.023194827400008056,0.02898492970212799,0.1248599018323408,0.18186159187371015,0.00017410347011600333,0.06868196180686176,0.00011147488827984758,0.0686193332250256,0
73,3,0.5,87,44,0.022988505747126436,0.0,0.4942528735632184,0.029413290422094555,1.7650148564092618,1.7356015659871673,0.02898492970212799,6.262858183615575e-05,0.023194827400008056,0.02898492970212799,0.1248599018323408,0.18186159187371015,0.00017410347011600333,0.06868196180686176,0.00011147488827984758,0.0686193332250256,0
73,4,0.5,87,44,0.022988505747126436,0.011494252873563218,0.5057471264367817,0.06977611753807518,1.8053776835252424,1.7356015659871673,0.02898492970212799,6.262858183615575e-05,0.023194827400008056,0.02898492970212799,0.129784794359576,0.1894777648480868,0.00017410347011600333,0.07330635151000017,0.00011147488827984758,0.07324372292816402,0
73,0,0.8,87,70,0.022988505747126436,0.022988505747126436,0.21839080459770116,0.11013894465405581,0.7963070056257265,0.6861680609716707,0.02898492970212799,6.262858183615575e-05,0.023194827400008056,0.02898492970212799,0.06826088672401331,0.09557922650472639,0.00017410347011600333,0.021335490152935538,0.00011147488827984758,0.021272861571099384,0
73,1,0.8,87,70,0.022988505747126436,0.022988505747126436,0.21839080459770116,0.11013894465405581,0.7963070056257265,0.6861680609716707,0.02898492970212799,6.262858183615575e-05,0.023194827400008056,0.02898492970212799,0.06826088672401331,0.09557922650472639,0.00017410347011600333,0.021335490152935538,0.00011147488827984758,0.021272861571099384,0
73,2,0.8,87,70,0.022988505747126436,0.011494252873563218,0.20689655172413793,0.06977611753807518,0.7559441785097459,0.6861680609716707,0.02898492970212799,6.262858183615575e-05,0.023194827400008056,0.02898492970212799,0.06278557143424487,0.08737188452145139,0.00017410347011600333,0.01753304440346426,0.00011147488827984758,0.017470415821628105,0
73,3,0.8,87,70,0.022988505747126436,0.011494252873563218,0.20689655172413793,0.06977611753807518,0.7559441785097459,0.6861680609716707,0.02898492970212799,6.262858183615575e-05,0.023194827400008056,0.02898492970212799,0.06278557143424487,0.08737188452145139,0.00017410347011600333,0.01753304440346426,0.00011147488827984758,0.017470415821628105,0
73,4,0.8,87,70,0.022988505747126436,0.011494252873563218,0.20689655172413793,0.06977611753807518,0.7559441785097459,0.6861680609716707,0.02898492970212799,6.262858183615575e-05,0.023194827400008056,0.02898492970212799,0.06278557143424487,0.08737188452145139,0.00017410347011600333,0.01753304440346426,0.00011147488827984758,0.017470415821628105,0
73,0,0.95,87,83,0.022988505747126436,0.011494252873563218,0.05747126436781609,0.06977611753807518,0.2312274260019977,0.16145130846392253,0.02898492970212799,6.262858183615575e-05,0.023194827400008056,0.02898492970212799,0.024495591124222515,0.03087188335704937,0.00017410347011600333,0.00021012216204063853,0.00011147488827984758,0.00014749358020448277,0
73,1,0.95,87,83,0.022988505747126436,0.022988505747126436,0.06896551724137931,0.11013894465405581,0.27159025311797835,0.16145130846392253,0.02898492970212799,6.262858183615575e-05,0.023194827400008056,0.02898492970212799,0.030814359045356815,0.04007278271706691,0.00017410347011600333,0.001122043652418872,0.00011147488827984758,0.0010594150705827163,0
73,2,0.95,87,83,0.022988505747126436,0.022988505747126436,0.06896551724137931,0.11013894465405581,0.27159025311797835,0.16145130846392253,0.02898492970212799,6.262858183615575e-05,0.023194827400008056,0.02898492970212799,0.030814359045356815,0.04007278271706691,0.00017410347011600333,0.001122043652418872,0.00011147488827984758,0.0010594150705827163,0
73,3,0.95,87,83,0.022988505747126436,0.011494252873563218,0.05747126436781609,0.06977611753807518,0.2312274260019977,0.16145130846392253,0.02898492970212799,6.262858183615575e-05,0.023194827400008056,0.02898492970212799,0.024495591124222515,0.03087188335704937,0.00017410347011600333,0.00021012216204063853,0.00011147488827984758,0.00014749358020448277,0
73,4,0.95,87,83,0.022988505747126436,0.022988505747126436,0.06896551724137931,0.11013894465405581,0.27159025311797835,0.16145130846392253,0.02898492970212799,6.262858183615575e-05,0.023194827400008056,0.02898492970212799,0.030814359045356815,0.04007278271706691,0.00017410347011600333,0.001122043652418872,0.00011147488827984758,0.0010594150705827163,0
74,0,0.5,137,69,0.051094890510948905,0.021897810218978103,0.5182481751824818,0.1063088953656781,1.8492759407535717,1.7429670453878936,0.02898492970212799,0.0005550991986187653,0.023194827400008056,0.02898492970212799,0.13466773354049516,0.19704423653848585,0.007109819457072647,0.03796715394933542,0.0065547202584538816,0.037412054750716656,0
74,1,0.5,137,69,0.051094890510948905,0.014598540145985401,0.5109489051094891,0.08067702705115025,1.823644072439044,1.7429670453878936,0.02898492970212799,0.0005550991986187653,0.023194827400008056,0.02898492970212799,0.13155818144587647,0.19222402882800685,0.007109819457072647,0.035757040472602364,0.0065547202584538816,0.0352019412739836,0
74,2,0.5,137,69,0.051094890510948905,0.029197080291970802,0.5255474452554745,0.13194076368020594,1.8749078090680995,1.7429670453878936,0.02898492970212799,0.0005550991986187653,0.023194827400008056,0.02898492970212799,0.13776843202034833,0.20185668350222694,0.007109819457072647,0.040210310330914545,0.0065547202584538816,0.03965521113229578,0
74,3,0.5,137,69,0.051094890510948905,0.021897810218978103,0.5182481751824818,0.1063088953656781,1.8492759407535717,1.7429670453878936,0.02898492970212799,0.0005550991986187653,0.023194827400008056,0.02898492970212799,0.13466773354049516,0.19704423653848585,0.007109819457072647,0.03796715394933542,0.0065547202584538816,0.037412054750716656,0
74,4,0.5,137,69,0.051094890510948905,0.0072992700729927005,0.5036496350364964,0.0550451587366224,1.7980122041245161,1.7429670453878938,0.02898492970212799,0.0005550991986187653,0.023194827400008056,0.02898492970212799,0.1284392306094191,0.187395356247216,0.007109819457072647,0.03358115218120514,0.0065547202584538816,0.033026052982586374,0
74,0,0.8,137,110,0.051094890510948905,0.0364963503649635,0.23357664233576642,0.15757263199473379,0.8496330764869856,0.6920604444922518,0.02898492970212799,0.0005550991986187653,0.023194827400008056,0.02898492970212799,0.07499181064986356,0.10570631092296015,0.007109819457072647,0.004598151560742919,0.0065547202584538816,0.004043052362124154,1
74,1,0.8,137,110,0.051094890510948905,0.051094890510948905,0.24817518248175183,0.2088363686237895,0.9008968131160413,0.6920604444922518,0.02898492970212799,0.0005550991986187653,0.023194827400008056,0.02898492970212799,0.08173701604776083,0.11589458771219385,0.007109819457072647,0.007142262750870293,0.0065547202584538816,0.0065871635522515275,0
74,2,0.8,137,110,0.051094890510948905,0.029197080291970802,0.22627737226277372,0.13194076368020594,0.8240012081724578,0.6920604444922519,0.02898492970212799,0.0005550991986187653,0.023194827400008056,0.02898492970212799,0.07158079671287015,0.10056916341713894,0.007109819457072647,0.0037921945237918394,0.0065547202584538816,0.003237095325173074,1
74,3,0.8,137,110,0.051094890510948905,0.043795620437956206,0.24087591240875914,0.18320450030926166,0.8752649448015135,0.6920604444922518,0.02898492970212799,0.0005550991986187653,0.023194827400008056,0.02898492970212799,0.07837666851662117,0.11081411147713975,0.007109819457072647,0.005821118279520032,0.0065547202584538816,0.005266019080901267,1
74,4,0.8,137,110,0.051094890510948905,0.0364963503649635,0.23357664233576642,0.15757263199473379,0.8496330764869856,0.6920604444922518,0.02898492970212799,0.0005550991986187653,0.023194827400008056,0.02898492970212799,0.07499181064986356,0.10570631092296015,0.007109819457072647,0.004598151560742919,0.0065547202584538816,0.004043052362124154,1
74,0,0.95,137,131,0.051094890510948905,0.051094890510948905,0.0948905109489051,0.2088363686237895,0.3626275785109565,0.15379120988716702,0.02898492970212799,0.0005550991986187653,0.023194827400008056,0.02898492970212799,0.04494166253192867,0.060831511261648555,0.007109819457072647,0.0012209197804951876,0.0065547202584538816,0.0006658205818764223,1
74,1,0.95,137,131,0.051094890510948905,0.051094890510948905,0.0948905109489051,0.2088363686237895,0.3626275785109565,0.15379120988716702,0.02898492970212799,0.0005550991986187653,0.023194827400008056,0.02898492970212799,0.04494166253192867,0.060831511261648555,0.007109819457072647,0.0012209197804951876,0.0065547202584538816,0.0006658205818764223,1
74,2,0.95,137,131,0.051094890510948905,0.051094890510948905,0.0948905109489051,0.2088363686237895,0.3626275785109565,0.15379120988716702,0.02898492970212799,0.0005550991986187653,0.023194827400008056,0.02898492970212799,0.04494166253192867,0.060831511261648555,0.007109819457072647,0.0012209197804951876,0.0065547202584538816,0.0006658205818764223,1
74,3,0.95,137,131,0.051094890510948905,0.051094890510948905,0.0948905109489051,0.2088363686237895,0.3626275785109565,0.15379120988716702,0.02898492970212799,0.0005550991986187653,0.023194827400008056,0.02898492970212799,0.04494166253192867,0.060831511261648555,0.007109819457072647,0.0012209197804951876,0.0065547202584538816,0.0006658205818764223,1
74,4,0.95,137,131,0.051094890510948905,0.043795620437956206,0.08759124087591241,0.18320450030926166,0.33699571019642877,0.1537912098871671,0.02898492970212799,0.0005550991986187653,0.023194827400008056,0.02898492970212799,0.0412074558856417,0.05532096748890379,0.007109819457072647,0.0009739053028542729,0.0065547202584538816,0.00041880610423550757,1
75,0,0.5,156,78,0.057692307692307696,0.02564102564102564,0.5256410256410257,0.11945344321928211,1.8752364227644396,1.7557829795451574,0.02898492970212799,0.0007316087034801767,0.023194827400008056,0.02898492970212799,0.13703378269319866,0.20071593534873142,0.011433597815589863,0.03297208600226095,0.010701989112109686,0.032240477298780774,0
75,1,0.5,156,78,0.057692307692307696,0.03205128205128205,0.532051282051282,0.141963481418579,1.8977464609637364,1.7557829795451574,0.02898492970212799,0.0007316087034801767,0.023194827400008056,0.02898492970212799,0.1397516458451842,0.2049378191245357,0.011433597815589863,0.034811471263412025,0.010701989112109686,0.034079862559931846,0
75,2,0.5,156,78,0.057692307692307696,0.038461538461538464,0.5384615384615384,0.16447351961787593,1.9202564991630333,1.7557829795451574,0.02898492970212799,0.0007316087034801767,0.023194827400008056,0.02898492970212799,0.14246333574931988,0.20915456880198968,0.011433597815589863,0.0366778031769138,0.010701989112109686,0.03594619447343362,0
75,3,0.5,156,78,0.057692307692307696,0.04487179487179487,0.5448717948717948,0.1869835578171728,1.94276653736233,1.7557829795451572,0.02898492970212799,0.0007316087034801767,0.023194827400008056,0.02898492970212799,0.14516918660746755,0.21336662146354116,0.011433597815589863,0.038570347521601295,0.010701989112109686,0.037838738818121116,0
75,4,0.5,156,78,0.057692307692307696,0.019230769230769232,0.5192307692307693,0.09694340501998523,1.8527263845651427,1.7557829795451574,0.02898492970212799,0.0007316087034801767,0.023194827400008056,0.02898492970212799,0.13430940106169603,0.19648846793212552,0.011433597815589863,0.031160450860550665,0.010701989112109686,0.03042884215707049,0
75,0,0.8,156,125,0.057692307692307696,0.05128205128205128,0.25,0.20949359601646966,0.9073047801946733,0.6978111841782036,0.02898492970212799,0.0007316087034801767,0.023194827400008056,0.02898492970212799,0.08219830458087339,0.11659274429014796,0.011433597815589863,0.005212595184352564,0.010701989112109686,0.004480986480872387,1
75,1,0.8,156,125,0.057692307692307696,0.04487179487179487,0.24358974358974358,0.1869835578171728,0.8847947419953763,0.6978111841782035,0.02898492970212799,0.0007316087034801767,0.023194827400008056,0.02898492970212799,0.07925135909077169,0.1121356299091816,0.011433597815589863,0.004795750735919008,0.010701989112109686,0.004064142032438831,1
75,2,0.8,156,125,0.057692307692307696,0.04487179487179487,0.24358974358974358,0.1869835578171728,0.8847947419953763,0.6978111841782035,0.02898492970212799,0.0007316087034801767,0.023194827400008056,0.02898492970212799,0.07925135909077169,0.1121356299091816,0.011433597815589863,0.004795750735919008,0.010701989112109686,0.004064142032438831,1
75,3,0.8,156,125,0.057692307692307696,0.038461538461538464,0.23717948717948717,0.16447351961787593,0.8622847037960795,0.6978111841782035,0.02898492970212799,0.0007316087034801767,0.023194827400008056,0.02898492970212799,0.07628582294299126,0.10765782643703335,0.011433597815589863,0.004393810323229587,0.010701989112109686,0.00366220161974941,1
75,4,0.8,156,125,0.057692307692307696,0.057692307692307696,0.2564102564102564,0.23200363421576659,0.9298148183939701,0.6978111841782035,0.02898492970212799,0.0007316087034801767,0.023194827400008056,0.02898492970212799,0.08512765876236385,0.12103039930243467,0.011433597815589863,0.005644165111114186,0.010701989112109686,0.004912556407634009,1
75,0,0.95,156,149,0.057692307692307696,0.05128205128205128,0.09615384615384616,0.20949359601646966,0.3670638634115479,0.15757026739507823,0.02898492970212799,0.0007316087034801767,0.023194827400008056,0.02898492970212799,0.04530979457823522,0.061375625848979806,0.011433597815589863,0.001246781593157169,0.010701989112109686,0.0005151728896769923,1
75,1,0.95,156,149,0.057692307692307696,0.057692307692307696,0.10256410256410256,0.23200363421576659,0.38957390161084476,0.15757026739507818,0.02898492970212799,0.0007316087034801767,0.023194827400008056,0.02898492970212799,0.04854231857641749,0.06615992663089063,0.011433597815589863,0.0014855103212460567,0.010701989112109686,0.00075390161776588,1
75,2,0.95,156,149,0.057692307692307696,0.05128205128205128,0.09615384615384616,0.20949359601646966,0.3670638634115479,0.15757026739507823,0.02898492970212799,0.0007316087034801767,0.023194827400008056,0.02898492970212799,0.04530979457823522,0.061375625848979806,0.011433597815589863,0.001246781593157169,0.010701989112109686,0.0005151728896769923,1
75,3,0.95,156,149,0.057692307692307696,0.057692307692307696,0.10256410256410256,0.23200363421576659,0.38957390161084476,0.15757026739507818,0.02898492970212799,0.0007316087034801767,0.023194827400008056,0.02898492970212799,0.04854231857641749,0.06615992663089063,0.011433597815589863,0.0014855103212460567,0.010701989112109686,0.00075390161776588,1
75,4,0.95,156,149,0.057692307692307696,0.057692307692307696,0.10256410256410256,0.23200363421576659,0.38957390161084476,0.15757026739507818,0.02898492970212799,0.0007316087034801767,0.023194827400008056,0.02898492970212799,0.04854231857641749,0.06615992663089063,0.011433597815589863,0.0014855103212460567,0.010701989112109686,0.00075390161776588,1
76,0,0.5,169,85,0.023668639053254437,0.023668639053254437,0.5207100591715976,0.11252727761949846,1.8579210087649805,1.745393731145482,0.02898492970212799,6.909420849338804e-05,0.023194827400008056,0.02898492970212799,0.13556764042713185,0.19844032974562245,0.00017410347011600333,0.0775384749525429,0.00010500926162261529,0.0774693807440495,0
76,1,0.5,169,85,0.023668639053254437,0.011834319526627219,0.5088757396449705,0.0709702840207965,1.8163640151662788,1.7453937311454824,0.02898492970212799,6.909420849338804e-05,0.023194827400008056,0.02898492970212799,0.1305257515913061,0.19062496841611584,0.00017410347011600333,0.07275751207883369,0.00010500926162261529,0.07268841787034029,0
76,2,0.5,169,85,0.023668639053254437,0.011834319526627219,0.5088757396449705,0.0709702840207965,1.8163640151662788,1.7453937311454824,0.02898492970212799,6.909420849338804e-05,0.023194827400008056,0.02898492970212799,0.1305257515913061,0.19062496841611584,0.00017410347011600333,0.07275751207883369,0.00010500926162261529,0.07268841787034029,0
76,3,0.5,169,85,0.023668639053254437,0.011834319526627219,0.5088757396449705,0.0709702840207965,1.8163640151662788,1.7453937311454824,0.02898492970212799,6.909420849338804e-05,0.023194827400008056,0.02898492970212799,0.1305257515913061,0.19062496841611584,0.00017410347011600333,0.07275751207883369,0.00010500926162261529,0.07268841787034029,0
76,4,0.5,169,85,0.023668639053254437,0.023668639053254437,0.5207100591715976,0.11252727761949846,1.8579210087649805,1.745393731145482,0.02898492970212799,6.909420849338804e-05,0.023194827400008056,0.02898492970212799,0.13556764042713185,0.19844032974562245,0.00017410347011600333,0.0775384749525429,0.00010500926162261529,0.0774693807440495,0
76,0,0.8,169,136,0.023668639053254437,0.01775147928994083,0.21301775147928995,0.09174878082014748,0.7774391751987297,0.6856903943785823,0.02898492970212799,6.909420849338804e-05,0.023194827400008056,0.02898492970212799,0.06574354975754523,0.0918023180953482,0.00017410347011600333,0.018828303201193025,0.00010500926162261529,0.018759208992699637,0
76,1,0.8,169,136,0.023668639053254437,0.023668639053254437,0.21893491124260356,0.11252727761949846,0.7982176719980807,0.6856903943785823,0.02898492970212799,6.909420849338804e-05,0.023194827400008056,0.02898492970212799,0.06855031724308841,0.09601385129733371,0.00017410347011600333,0.020776388103523724,0.00010500926162261529,0.020707293895030336,0
76,2,0.8,169,136,0.023668639053254437,0.01775147928994083,0.21301775147928995,0.09174878082014748,0.7774391751987297,0.6856903943785823,0.02898492970212799,6.909420849338804e-05,0.023194827400008056,0.02898492970212799,0.06574354975754523,0.0918023180953482,0.00017410347011600333,0.018828303201193025,0.00010500926162261529,0.018759208992699637,0
76,3,0.8,169,136,0.023668639053254437,0.023668639053254437,0.21893491124260356,0.11252727761949846,0.7982176719980807,0.6856903943785823,0.02898492970212799,6.909420849338804e-05,0.023194827400008056,0.02898492970212799,0.06855031724308841,0.09601385129733371,0.00017410347011600333,0.020776388103523724,0.00010500926162261529,0.020707293895030336,0
76,4,0.8,169,136,0.023668639053254437,0.023668639053254437,0.21893491124260356,0.11252727761949846,0.7982176719980807,0.6856903943785823,0.02898492970212799,6.909420849338804e-05,0.023194827400008056,0.02898492970212799,0.06855031724308841,0.09601385129733371,0.00017410347011600333,0.020776388103523724,0.00010500926162261529,0.020707293895030336,0
76,0,0.95,169,161,0.023668639053254437,0.023668639053254437,0.07100591715976332,0.11252727761949846,0.2787552520143063,0.16622797439480783,0.02898492970212799,6.909420849338804e-05,0.023194827400008056,0.02898492970212799,0.0315479502286185,0.04114454289872257,0.00017410347011600333,0.0011099120697446313,0.00010500926162261529,0.0010408178612512434,0
76,1,0.95,169,161,0.023668639053254437,0.023668639053254437,0.07100591715976332,0.11252727761949846,0.2787552520143063,0.16622797439480783,0.02898492970212799,6.909420849338804e-05,0.023194827400008056,0.02898492970212799,0.0315479502286185,0.04114454289872257,0.00017410347011600333,0.0011099120697446313,0.00010500926162261529,0.0010408178612512434,0
76,2,0.95,169,161,0.023668639053254437,0.01775147928994083,0.0650887573964497,0.09174878082014748,0.2579767552149553,0.1662279743948078,0.02898492970212799,6.909420849338804e-05,0.023194827400008056,0.02898492970212799,0.0283360552031448,0.03645741388012178,0.00017410347011600333,0.00041862948512629006,0.00010500926162261529,0.000349535276632902,0
76,3,0.95,169,161,0.023668639053254437,0.023668639053254437,0.07100591715976332,0.11252727761949846,0.2787552520143063,0.16622797439480783,0.02898492970212799,6.909420849338804e-05,0.023194827400008056,0.02898492970212799,0.0315479502286185,0.04114454289872257,0.00017410347011600333,0.0011099120697446313,0.00010500926162261529,0.0010408178612512434,0
76,4,0.95,169,161,0.023668639053254437,0.023668639053254437,0.07100591715976332,0.11252727761949846,0.2787552520143063,0.16622797439480783,0.02898492970212799,6.909420849338804e-05,0.023194827400008056,0.02898492970212799,0.0315479502286185,0.04114454289872257,0.00017410347011600333,0.0011099120697446313,0.00010500926162261529,0.0010408178612512434,0
77,0,0.5,66,33,0.42424242424242425,0.19696969696969696,0.696969696969697,0.7210853732732172,2.476868352818375,1.7557829795451578,0.02898492970212799,0.03571584852656763,0.023194827400008056,0.02898492970212799,0.20837337108488385,0.3128934925732747,0.8375441121689599,0.03935199435558103,0.8018282636423922,0.0036361458290134,1
77,1,0.5,66,33,0.42424242424242425,0.21212121212121213,0.7121212121212122,0.774290918107919,2.5300738976530766,1.7557829795451576,0.02898492970212799,0.03571584852656763,0.023194827400008056,0.02898492970212799,0.21463440982568843,0.32286238442007803,0.8375441121689599,0.041875241684707805,0.8018282636423922,0.006159393158140174,1
77,2,0.5,66,33,0.42424242424242425,0.25757575757575757,0.7575757575757576,0.9339075526120241,2.6896905321571816,1.7557829795451574,0.02898492970212799,0.03571584852656763,0.023194827400008056,0.02898492970212799,0.23346489047128502,0.3529544123503194,0.8375441121689599,0.0499365572733434,0.8018282636423922,0.014220708746775772,1
77,3,0.5,66,33,0.42424242424242425,0.22727272727272727,0.7272727272727273,0.8274964629426206,2.583279442487778,1.7557829795451574,0.02898492970212799,0.03571584852656763,0.023194827400008056,0.02898492970212799,0.22090134743853984,0.332859096737418,0.8375441121689599,0.044479378351391693,0.8018282636423922,0.008763529824824062,1
77,4,0.5,66,33,0.42424242424242425,0.2878787878787879,0.7878787878787878,1.0403186422814277,2.796101621826585,1.7557829795451574,0.02898492970212799,0.03571584852656763,0.023194827400008056,0.02898492970212799,0.24608837233545142,0.3732176021821664,0.8375441121689599,0.05573771955200274,0.8018282636423922,0.02002187102543511,1
77,0,0.8,66,53,0.42424242424242425,0.3333333333333333,0.5303030303030303,1.199935276785533,1.8916073596366554,0.6916720828511225,0.02898492970212799,0.03571584852656763,0.023194827400008056,0.02898492970212799,0.2021152592925997,0.30294792434850454,0.8375441121689599,0.03690827285306282,0.8018282636423922,0.0011924243264951895,1
77,1,0.8,66,53,0.42424242424242425,0.3333333333333333,0.5303030303030303,1.199935276785533,1.8916073596366554,0.6916720828511225,0.02898492970212799,0.03571584852656763,0.023194827400008056,0.02898492970212799,0.2021152592925997,0.30294792434850454,0.8375441121689599,0.03690827285306282,0.8018282636423922,0.0011924243264951895,1
77,2,0.8,66,53,0.42424242424242425,0.3333333333333333,0.5303030303030303,1.199935276785533,1.8916073596366554,0.6916720828511225,0.02898492970212799,0.03571584852656763,0.023194827400008056,0.02898492970212799,0.2021152592925997,0.30294792434850454,0.8375441121689599,0.03690827285306282,0.8018282636423922,0.0011924243264951895,1
77,3,0.8,66,53,0.42424242424242425,0.30303030303030304,0.5,1.0935241871161294,1.7851962699672521,0.6916720828511227,0.02898492970212799,0.03571584852656763,0.023194827400008056,0.02898492970212799,0.18959588227092564,0.28310901455490195,0.8375441121689599,0.045367196362894546,0.8018282636423922,0.009651347836326915,1
77,4,0.8,66,53,0.42424242424242425,0.3181818181818182,0.5151515151515151,1.146729731950831,1.8384018148019536,0.6916720828511227,0.02898492970212799,0.03571584852656763,0.023194827400008056,0.02898492970212799,0.19585709698101458,0.2930212371427075,0.8375441121689599,0.038784083311528605,0.8018282636423922,0.0030682347849609742,1
77,0,0.95,66,63,0.42424242424242425,0.3939393939393939,0.4393939393939394,1.41275745612434,1.5723740906284451,0.15961663450410524,0.02898492970212799,0.03571584852656763,0.023194827400008056,0.02898492970212799,0.1958570969810147,0.2930212371427077,0.8375441121689599,0.03878408331152838,0.8018282636423922,0.003068234784960752,1
77,1,0.95,66,63,0.42424242424242425,0.4090909090909091,0.45454545454545453,1.4659630009590416,1.6255796354631467,0.15961663450410501,0.02898492970212799,0.03571584852656763,0.023194827400008056,0.02898492970212799,0.2021152592925997,0.30294792434850454,0.8375441121689599,0.03690827285306282,0.8018282636423922,0.0011924243264951895,1
77,2,0.95,66,63,0.42424242424242425,0.42424242424242425,0.4696969696969697,1.5191685457937434,1.6787851802978488,0.15961663450410546,0.02898492970212799,0.03571584852656763,0.023194827400008056,0.02898492970212799,0.20837337108488385,0.3128934925732747,0.8375441121689599,0.03935199435558103,0.8018282636423922,0.0036361458290134,1
77,3,0.95,66,63,0.42424242424242425,0.3939393939393939,0.4393939393939394,1.41275745612434,1.5723740906284451,0.15961663450410524,0.02898492970212799,0.03571584852656763,0.023194827400008056,0.02898492970212799,0.1958570969810147,0.2930212371427077,0.8375441121689599,0.03878408331152838,0.8018282636423922,0.003068234784960752,1
77,4,0.95,66,63,0.42424242424242425,0.3787878787878788,0.42424242424242425,1.359551911289638,1.5191685457937434,0.15961663450410546,0.02898492970212799,0.03571584852656763,0.023194827400008056,0.02898492970212799,0.18959588227092564,0.28310901455490195,0.8375441121689599,0.045367196362894546,0.8018282636423922,0.009651347836326915,1
78,0,0.5,125,63,0.128,0.056,0.552,0.2260609841311522,1.9677976998399487,1.7417367157087964,0.02898492970212799,0.0038073919000649716,0.023194827400008056,0.02898492970212799,0.14901287688315473,0.2193573141138277,0.09632670563385903,0.01932457993933113,0.09251931373379406,0.015517188039266161,1
78,1,0.5,125,63,0.128,0.056,0.552,0.2260609841311522,1.9677976998399487,1.7417367157087964,0.02898492970212799,0.0038073919000649716,0.023194827400008056,0.02898492970212799,0.14901287688315473,0.2193573141138277,0.09632670563385903,0.01932457993933113,0.09251931373379406,0.015517188039266161,1
78,2,0.5,125,63,0.128,0.072,0.568,0.28224603947659727,2.023982755185393,1.7417367157087957,0.02898492970212799,0.0038073919000649716,0.023194827400008056,0.02898492970212799,0.15572585218061838,0.22984053128186802,0.09632670563385903,0.021236023993767436,0.09251931373379406,0.017428632093702465,1
78,3,0.5,125,63,0.128,0.064,0.56,0.2541535118038747,1.995890227512671,1.7417367157087964,0.02898492970212799,0.0038073919000649716,0.023194827400008056,0.02898492970212799,0.1523730202361362,0.2246014021035794,0.09632670563385903,0.02027007689115924,0.09251931373379406,0.01646268499109427,1
78,4,0.5,125,63,0.128,0.048,0.544,0.1979684564584297,1.9397051721672258,1.7417367157087962,0.02898492970212799,0.0038073919000649716,0.023194827400008056,0.02898492970212799,0.14564483655705163,0.21410748876387362,0.09632670563385903,0.01839952168458925,0.09251931373379406,0.014592129784524278,1
78,0,0.8,125,100,0.128,0.096,0.296,0.36652362249476483,1.0688368143128277,0.702313191818063,0.02898492970212799,0.0038073919000649716,0.023194827400008056,0.02898492970212799,0.10259754161167828,0.14763609343180825,0.09632670563385903,0.00857430471252649,0.09251931373379406,0.004766912812461519,1
78,1,0.8,125,100,0.128,0.112,0.312,0.4227086778402098,1.1250218696582728,0.702313191818063,0.02898492970212799,0.0038073919000649716,0.023194827400008056,0.02898492970212799,0.1096349485977228,0.15841808259981188,0.09632670563385903,0.009927122982070866,0.09251931373379406,0.006119731082005894,1
78,2,0.8,125,100,0.128,0.112,0.312,0.4227086778402098,1.1250218696582728,0.702313191818063,0.02898492970212799,0.0038073919000649716,0.023194827400008056,0.02898492970212799,0.1096349485977228,0.15841808259981188,0.09632670563385903,0.009927122982070866,0.09251931373379406,0.006119731082005894,1
78,3,0.8,125,100,0.128,0.096,0.296,0.36652362249476483,1.0688368143128277,0.702313191818063,0.02898492970212799,0.0038073919000649716,0.023194827400008056,0.02898492970212799,0.10259754161167828,0.14763609343180825,0.09632670563385903,0.00857430471252649,0.09251931373379406,0.004766912812461519,1
78,4,0.8,125,100,0.128,0.12,0.32,0.45080120551293235,1.1531143973309954,0.7023131918180631,0.02898492970212799,0.0038073919000649716,0.023194827400008056,0.02898492970212799,0.11312793041084954,0.1637826776057274,0.09632670563385903,0.010635370030825026,0.09251931373379406,0.006827978130760055,1
78,0,0.95,125,119,0.128,0.128,0.176,0.47889373318565487,0.6474488992219899,0.16855516603633502,0.02898492970212799,0.0038073919000649716,0.023194827400008056,0.02898492970212799,0.08282076472414697,0.11753511277274084,0.09632670563385903,0.005302863775009568,0.09251931373379406,0.0014954718749445968,1
78,1,0.95,125,119,0.128,0.112,0.16,0.4227086778402098,0.591263843876545,0.16855516603633514,0.02898492970212799,0.0038073919000649716,0.023194827400008056,0.02898492970212799,0.07544007316797106,0.10638217618486163,0.09632670563385903,0.004282403176229407,0.09251931373379406,0.0004750112761644351,1
78,2,0.95,125,119,0.128,0.128,0.176,0.47889373318565487,0.6474488992219899,0.16855516603633502,0.02898492970212799,0.0038073919000649716,0.023194827400008056,0.02898492970212799,0.08282076472414697,0.11753511277274084,0.09632670563385903,0.005302863775009568,0.09251931373379406,0.0014954718749445968,1
78,3,0.95,125,119,0.128,0.12,0.168,0.45080120551293235,0.6193563715492675,0.16855516603633514,0.02898492970212799,0.0038073919000649716,0.023194827400008056,0.02898492970212799,0.07914492860107711,0.11197479563931338,0.09632670563385903,0.004781021151248052,0.09251931373379406,0.0009736292511830806,1
78,4,0.95,125,119,0.128,0.12,0.168,0.45080120551293235,0.6193563715492675,0.16855516603633514,0.02898492970212799,0.0038073919000649716,0.023194827400008056,0.02898492970212799,0.07914492860107711,0.11197479563931338,0.09632670563385903,0.004781021151248052,0.09251931373379406,0.0009736292511830806,1
79,0,0.5,111,56,0.12612612612612611,0.07207207207207207,0.5675675675675675,0.28249912531148663,2.0224642401760566,1.73996511486457,0.02898492970212799,0.003699585052372949,0.023194827400008056,0.02898492970212799,0.15565041428334211,0.22972258192463174,0.09335778241341958,0.021214043180909185,0.08965819736104663,0.017514458128536237,1
79,1,0.5,111,56,0.12612612612612611,0.08108108108108109,0.5765765765765766,0.3141348546726606,2.0540999695372313,1.7399651148645707,0.02898492970212799,0.003699585052372949,0.023194827400008056,0.02898492970212799,0.1594182428566903,0.23561760708993545,0.09335778241341958,0.022325811298380877,0.08965819736104663,0.01862622624600793,1
79,2,0.5,111,56,0.12612612612612611,0.0990990990990991,0.5945945945945946,0.37740631339500863,2.1173714282595792,1.7399651148645705,0.02898492970212799,0.003699585052372949,0.023194827400008056,0.02898492970212799,0.16693130382343804,0.2473958099598356,0.09335778241341958,0.024627434119724217,0.08965819736104663,0.02092784906735127,1
79,3,0.5,111,56,0.12612612612612611,0.07207207207207207,0.5675675675675675,0.28249912531148663,2.0224642401760566,1.73996511486457,0.02898492970212799,0.003699585052372949,0.023194827400008056,0.02898492970212799,0.15565041428334211,0.22972258192463174,0.09335778241341958,0.021214043180909185,0.08965819736104663,0.017514458128536237,1
79,4,0.5,111,56,0.12612612612612611,0.06306306306306306,0.5585585585585585,0.2508633959503126,1.990828510814883,1.7399651148645705,0.02898492970212799,0.003699585052372949,0.023194827400008056,0.02898492970212799,0.1518740160728489,0.22382220790889804,0.09335778241341958,0.020128236436638983,0.08965819736104663,0.016428651384266035,1
79,0,0.8,111,89,0.12612612612612611,0.0990990990990991,0.2972972972972973,0.37740631339500863,1.073392359340837,0.6959860459458284,0.02898492970212799,0.003699585052372949,0.023194827400008056,0.02898492970212799,0.10356868971524529,0.149121865621258,0.09335778241341958,0.00875509969502785,0.08965819736104663,0.005055514642654901,1
79,1,0.8,111,89,0.12612612612612611,0.11711711711711711,0.3153153153153153,0.44067777211735665,1.1366638180631847,0.695986045945828,0.02898492970212799,0.003699585052372949,0.023194827400008056,0.02898492970212799,0.11147787222730869,0.16124742548101068,0.09335778241341958,0.01029775855178199,0.08965819736104663,0.006598173499409042,1
79,2,0.8,111,89,0.12612612612612611,0.0990990990990991,0.2972972972972973,0.37740631339500863,1.073392359340837,0.6959860459458284,0.02898492970212799,0.003699585052372949,0.023194827400008056,0.02898492970212799,0.10356868971524529,0.149121865621258,0.09335778241341958,0.00875509969502785,0.08965819736104663,0.005055514642654901,1
79,3,0.8,111,89,0.12612612612612611,0.10810810810810811,0.3063063063063063,0.40904204275618267,1.1050280887020107,0.695986045945828,0.02898492970212799,0.003699585052372949,0.023194827400008056,0.02898492970212799,0.10753432969615061,0.15519602548444247,0.09335778241341958,0.009512945469277407,0.08965819736104663,0.005813360416904458,1
79,4,0.8,111,89,0.12612612612612611,0.0990990990990991,0.2972972972972973,0.37740631339500863,1.073392359340837,0.6959860459458284,0.02898492970212799,0.003699585052372949,0.023194827400008056,0.02898492970212799,0.10356868971524529,0.149121865621258,0.09335778241341958,0.00875509969502785,0.08965819736104663,0.005055514642654901,1
79,0,0.95,111,106,0.12612612612612611,0.12612612612612611,0.17117117117117117,0.47231350147853063,0.6304921482844007,0.15817864680587007,0.02898492970212799,0.003699585052372949,0.023194827400008056,0.02898492970212799,0.0812842914095563,0.11520956483429934,0.09335778241341958,0.005081450201762543,0.08965819736104663,0.001381865149389594,1
79,1,0.95,111,106,0.12612612612612611,0.11711711711711711,0.16216216216216217,0.44067777211735665,0.5988564189232267,0.15817864680587007,0.02898492970212799,0.003699585052372949,0.023194827400008056,0.02898492970212799,0.0771293445286945,0.10893073228647662,0.09335778241341958,0.004506348896852166,0.08965819736104663,0.0008067638444792169,1
79,2,0.95,111,106,0.12612612612612611,0.12612612612612611,0.17117117117117117,0.47231350147853063,0.6304921482844007,0.15817864680587007,0.02898492970212799,0.003699585052372949,0.023194827400008056,0.02898492970212799,0.0812842914095563,0.11520956483429934,0.09335778241341958,0.005081450201762543,0.08965819736104663,0.001381865149389594,1
79,3,0.95,111,106,0.12612612612612611,0.11711711711711711,0.16216216216216217,0.44067777211735665,0.5988564189232267,0.15817864680587007,0.02898492970212799,0.003699585052372949,0.023194827400008056,0.02898492970212799,0.0771293445286945,0.10893073228647662,0.09335778241341958,0.004506348896852166,0.08965819736104663,0.0008067638444792169,1
79,4,0.95,111,106,0.12612612612612611,0.12612612612612611,0.17117117117117117,0.47231350147853063,0.6304921482844007,0.15817864680587007,0.02898492970212799,0.003699585052372949,0.023194827400008056,0.02898492970212799,0.0812842914095563,0.11520956483429934,0.09335778241341958,0.005081450201762543,0.08965819736104663,0.001381865149389594,1
80,0,0.5,129,65,0.1937984496124031,0.10077519379844961,0.5968992248062015,0.3832920304854596,2.1254642892589493,1.7421722587734896,0.02898492970212799,0.008394861194649834,0.023194827400008056,0.02898492970212799,0.16775958542061026,0.24869619127228032,0.2182652124919392,0.024888086792082823,0.20987035129728937,0.01649322559743299,1
80,1,0.5,129,65,0.1937984496124031,0.08527131782945736,0.5813953488372093,0.32884914739878807,2.0710214061722776,1.7421722587734896,0.02898492970212799,0.008394861194649834,0.023194827400008056,0.02898492970212799,0.16129918962330173,0.2385634449462105,0.2182652124919392,0.02289144478066781,0.20987035129728937,0.014496583586017974,1
80,2,0.5,129,65,0.1937984496124031,0.09302325581395349,0.5891472868217055,0.35607058894212384,2.0982428477156136,1.7421722587734898,0.02898492970212799,0.008394861194649834,0.023194827400008056,0.02898492970212799,0.1645318888731058,0.24363089012551745,0.2182652124919392,0.023880104678689916,0.20987035129728937,0.015485243484040082,1
80,3,0.5,129,65,0.1937984496124031,0.10852713178294573,0.6046511627906976,0.4105134720287954,2.152685730802285,1.7421722587734894,0.02898492970212799,0.008394861194649834,0.023194827400008056,0.02898492970212799,0.1709827454830319,0.2537599869724791,0.2182652124919392,0.02591544434325463,0.20987035129728937,0.017520583148604794,1
80,4,0.5,129,65,0.1937984496124031,0.11627906976744186,0.6124031007751938,0.4377349135721312,2.179907172345621,1.7421722587734898,0.02898492970212799,0.008394861194649834,0.023194827400008056,0.02898492970212799,0.17420182484090324,0.25882290566731186,0.2182652124919392,0.026962239281082667,0.20987035129728937,0.018567378086432832,1
80,0,0.8,129,104,0.1937984496124031,0.13953488372093023,0.3333333333333333,0.5193992382021385,1.199935276785533,0.6805360385833944,0.02898492970212799,0.008394861194649834,0.023194827400008056,0.02898492970212799,0.1202549419955208,0.17475442036123837,0.2182652124919392,0.012156152234435657,0.20987035129728937,0.003761291039785822,1
80,1,0.8,129,104,0.1937984496124031,0.17054263565891473,0.3643410852713178,0.6282850043754815,1.308821042958876,0.6805360385833945,0.02898492970212799,0.008394861194649834,0.023194827400008056,0.02898492970212799,0.13354789701144623,0.19530765060521627,0.2182652124919392,0.015264082855950926,0.20987035129728937,0.006869221661301092,1
80,2,0.8,129,104,0.1937984496124031,0.17829457364341086,0.37209302325581395,0.6555064459188175,1.3360424845022116,0.6805360385833942,0.02898492970212799,0.008394861194649834,0.023194827400008056,0.02898492970212799,0.13684392514457314,0.2004211822308046,0.2182652124919392,0.016089381346082073,0.20987035129728937,0.007694520151432238,1
80,3,0.8,129,104,0.1937984496124031,0.16279069767441862,0.35658914728682173,0.6010635628321459,1.2815996014155404,0.6805360385833945,0.02898492970212799,0.008394861194649834,0.023194827400008056,0.02898492970212799,0.13024166409519372,0.19018508256198657,0.2182652124919392,0.0144580577843814,0.20987035129728937,0.0060631965897315655,1
80,4,0.8,129,104,0.1937984496124031,0.17054263565891473,0.3643410852713178,0.6282850043754815,1.308821042958876,0.6805360385833945,0.02898492970212799,0.008394861194649834,0.023194827400008056,0.02898492970212799,0.13354789701144623,0.19530765060521627,0.2182652124919392,0.015264082855950926,0.20987035129728937,0.006869221661301092,1
80,0,0.95,129,123,0.1937984496124031,0.17829457364341086,0.2248062015503876,0.6555064459188175,0.8188350951788321,0.16332864926001467,0.02898492970212799,0.008394861194649834,0.023194827400008056,0.02898492970212799,0.10504695649557722,0.15138480006441687,0.2182652124919392,0.00903392393907215,0.20987035129728937,0.0006390627444223147,1
80,1,0.95,129,123,0.1937984496124031,0.1937984496124031,0.24031007751937986,0.709949329005489,0.8732779782655037,0.16332864926001467,0.02898492970212799,0.008394861194649834,0.023194827400008056,0.02898492970212799,0.11184364335148853,0.1618092562179802,0.2182652124919392,0.010372127691105194,0.20987035129728937,0.0019772664964553596,1
80,2,0.95,129,123,0.1937984496124031,0.18604651162790697,0.23255813953488372,0.6827278874621531,0.8460565367221677,0.16332864926001467,0.02898492970212799,0.008394861194649834,0.023194827400008056,0.02898492970212799,0.1084533485202297,0.15660528869061396,0.2182652124919392,0.009693061834845817,0.20987035129728937,0.0012982006401959824,1
80,3,0.95,129,123,0.1937984496124031,0.1937984496124031,0.24031007751937986,0.709949329005489,0.8732779782655037,0.16332864926001467,0.02898492970212799,0.008394861194649834,0.023194827400008056,0.02898492970212799,0.11184364335148853,0.1618092562179802,0.2182652124919392,0.010372127691105194,0.20987035129728937,0.0019772664964553596,1
80,4,0.95,129,123,0.1937984496124031,0.17829457364341086,0.2248062015503876,0.6555064459188175,0.8188350951788321,0.16332864926001467,0.02898492970212799,0.008394861194649834,0.023194827400008056,0.02898492970212799,0.10504695649557722,0.15138480006441687,0.2182652124919392,0.00903392393907215,0.20987035129728937,0.0006390627444223147,1
81,0,0.5,111,56,0.05405405405405406,0.036036036036036036,0.5315315315315315,0.1559562078667906,1.8959213227313612,1.7399651148645705,0.02898492970212799,0.0006316096353954971,0.023194827400008056,0.02898492970212799,0.14048512961880524,0.20607796901717235,0.008944254303005245,0.0390100371317921,0.008312644667609748,0.038378427496396604,0
81,1,0.5,111,56,0.05405405405405406,0.036036036036036036,0.5315315315315315,0.1559562078667906,1.8959213227313612,1.7399651148645705,0.02898492970212799,0.0006316096353954971,0.023194827400008056,0.02898492970212799,0.14048512961880524,0.20607796901717235,0.008944254303005245,0.0390100371317921,0.008312644667609748,0.038378427496396604,0
81,2,0.5,111,56,0.05405405405405406,0.009009009009009009,0.5045045045045045,0.06104901978326857,1.8010141346478388,1.7399651148645703,0.02898492970212799,0.0006316096353954971,0.023194827400008056,0.02898492970212799,0.12898785965338316,0.1882442813020895,0.008944254303005245,0.031055823239675012,0.008312644667609748,0.030424213604279514,0
81,3,0.5,111,56,0.05405405405405406,0.018018018018018018,0.5135135135135135,0.09268474914444258,1.8326498640090128,1.73996511486457,0.02898492970212799,0.0006316096353954971,0.023194827400008056,0.02898492970212799,0.13283392287556442,0.19420086289112096,0.008944254303005245,0.033653833642308145,0.008312644667609748,0.03302222400691265,0
81,4,0.5,111,56,0.05405405405405406,0.036036036036036036,0.5315315315315315,0.1559562078667906,1.8959213227313612,1.7399651148645705,0.02898492970212799,0.0006316096353954971,0.023194827400008056,0.02898492970212799,0.14048512961880524,0.20607796901717235,0.008944254303005245,0.0390100371317921,0.008312644667609748,0.038378427496396604,0
81,0,0.8,111,89,0.05405405405405406,0.05405405405405406,0.25225225225225223,0.21922766658913861,0.9152137125349666,0.695986045945828,0.02898492970212799,0.0006316096353954971,0.023194827400008056,0.02898492970212799,0.08334833809322614,0.11833407905609257,0.008944254303005245,0.006349677608335685,0.008312644667609748,0.005718067972940189,1
81,1,0.8,111,89,0.05405405405405406,0.05405405405405406,0.25225225225225223,0.21922766658913861,0.9152137125349666,0.695986045945828,0.02898492970212799,0.0006316096353954971,0.023194827400008056,0.02898492970212799,0.08334833809322614,0.11833407905609257,0.008944254303005245,0.006349677608335685,0.008312644667609748,0.005718067972940189,1
81,2,0.8,111,89,0.05405405405405406,0.04504504504504504,0.24324324324324326,0.18759193722796458,0.8835779831737929,0.6959860459458282,0.02898492970212799,0.0006316096353954971,0.023194827400008056,0.02898492970212799,0.0792114105319033,0.11207525983011092,0.008944254303005245,0.004841947532845614,0.008312644667609748,0.0042103378974501175,1
81,3,0.8,111,89,0.05405405405405406,0.036036036036036036,0.23423423423423423,0.1559562078667906,0.8519422538126187,0.695986045945828,0.02898492970212799,0.0006316096353954971,0.023194827400008056,0.02898492970212799,0.07503772243342621,0.10577552609762253,0.008944254303005245,0.004229905339327392,0.008312644667609748,0.0035982957039318946,1
81,4,0.8,111,89,0.05405405405405406,0.05405405405405406,0.25225225225225223,0.21922766658913861,0.9152137125349666,0.695986045945828,0.02898492970212799,0.0006316096353954971,0.023194827400008056,0.02898492970212799,0.08334833809322614,0.11833407905609257,0.008944254303005245,0.006349677608335685,0.008312644667609748,0.005718067972940189,1
81,0,0.95,111,106,0.05405405405405406,0.05405405405405406,0.0990990990990991,0.21922766658913861,0.37740631339500863,0.15817864680587002,0.02898492970212799,0.0006316096353954971,0.023194827400008056,0.02898492970212799,0.0467559753636412,0.06351461469421493,0.008944254303005245,0.0013510017249325987,0.008312644667609748,0.0007193920895371016,1
81,1,0.95,111,106,0.05405405405405406,0.05405405405405406,0.0990990990990991,0.21922766658913861,0.37740631339500863,0.15817864680587002,0.02898492970212799,0.0006316096353954971,0.023194827400008056,0.02898492970212799,0.0467559753636412,0.06351461469421493,0.008944254303005245,0.0013510017249325987,0.008312644667609748,0.0007193920895371016,1
81,2,0.95,111,106,0.05405405405405406,0.05405405405405406,0.0990990990990991,0.21922766658913861,0.37740631339500863,0.15817864680587002,0.02898492970212799,0.0006316096353954971,0.023194827400008056,0.02898492970212799,0.0467559753636412,0.06351461469421493,0.008944254303005245,0.0013510017249325987,0.008312644667609748,0.0007193920895371016,1
81,3,0.95,111,106,0.05405405405405406,0.04504504504504504,0.09009009009009009,0.18759193722796458,0.3457705840338346,0.15817864680587002,0.02898492970212799,0.0006316096353954971,0.023194827400008056,0.02898492970212799,0.04217144602738813,0.05674197518818467,0.008944254303005245,0.0010350019394931471,0.008312644667609748,0.0004033923040976501,1
81,4,0.95,111,106,0.05405405405405406,0.05405405405405406,0.0990990990990991,0.21922766658913861,0.37740631339500863,0.15817864680587002,0.02898492970212799,0.0006316096353954971,0.023194827400008056,0.02898492970212799,0.0467559753636412,0.06351461469421493,0.008944254303005245,0.0013510017249325987,0.008312644667609748,0.0007193920895371016,1
82,0,0.5,123,62,0.07317073170731707,0.056910569105691054,0.5528455284552846,0.2292585076060962,1.9707668287809679,1.7415083211748716,0.02898492970212799,0.0012272464112979332,0.023194827400008056,0.02898492970212799,0.14938204815872178,0.21993315079022036,0.024592658178224147,0.027304975507957574,0.023365411766926213,0.02607772909665964,0
82,1,0.5,123,62,0.07317073170731707,0.04878048780487805,0.5447154471544715,0.20070919086552455,1.9422175120403962,1.7415083211748716,0.02898492970212799,0.0012272464112979332,0.023194827400008056,0.02898492970212799,0.14596008545275166,0.21459859062553271,0.024592658178224147,0.025279552886210532,0.023365411766926213,0.024052306474912598,0
82,2,0.5,123,62,0.07317073170731707,0.06504065040650407,0.5609756097560976,0.2578078243466679,1.9993161455215398,1.7415083211748719,0.02898492970212799,0.0012272464112979332,0.023194827400008056,0.02898492970212799,0.15279592231406322,0.2252618747812683,0.024592658178224147,0.0293788289667275,0.023365411766926213,0.028151582555429565,0
82,3,0.5,123,62,0.07317073170731707,0.032520325203252036,0.5284552845528455,0.14361055738438122,1.8851188785592528,1.7415083211748716,0.02898492970212799,0.0012272464112979332,0.023194827400008056,0.02898492970212799,0.13908933461771045,0.20390858174421703,0.024592658178224147,0.02138110168112073,0.023365411766926213,0.020153855269822794,1
82,4,0.5,123,62,0.07317073170731707,0.056910569105691054,0.5528455284552846,0.2292585076060962,1.9707668287809679,1.7415083211748716,0.02898492970212799,0.0012272464112979332,0.023194827400008056,0.02898492970212799,0.14938204815872178,0.21993315079022036,0.024592658178224147,0.027304975507957574,0.023365411766926213,0.02607772909665964,0
82,0,0.8,123,99,0.07317073170731707,0.06504065040650407,0.2601626016260163,0.2578078243466679,0.942991426120388,0.6851836017737201,0.02898492970212799,0.0012272464112979332,0.023194827400008056,0.02898492970212799,0.08765055775989153,0.12485792332676075,0.024592658178224147,0.006029609120422251,0.023365411766926213,0.0048023627091243175,1
82,1,0.8,123,99,0.07317073170731707,0.056910569105691054,0.25203252032520324,0.2292585076060962,0.9144421093798162,0.68518360177372,0.02898492970212799,0.0012272464112979332,0.023194827400008056,0.02898492970212799,0.08395082664964662,0.11924677860725028,0.024592658178224147,0.005468724762166086,0.023365411766926213,0.004241478350868152,1
82,2,0.8,123,99,0.07317073170731707,0.056910569105691054,0.25203252032520324,0.2292585076060962,0.9144421093798162,0.68518360177372,0.02898492970212799,0.0012272464112979332,0.023194827400008056,0.02898492970212799,0.08395082664964662,0.11924677860725028,0.024592658178224147,0.005468724762166086,0.023365411766926213,0.004241478350868152,1
82,3,0.8,123,99,0.07317073170731707,0.07317073170731707,0.2682926829268293,0.28635714108723953,0.9715407428609596,0.6851836017737201,0.02898492970212799,0.0012272464112979332,0.023194827400008056,0.02898492970212799,0.09132468460363576,0.13044108526863446,0.024592658178224147,0.006613704325880832,0.023365411766926213,0.005386457914582898,1
82,4,0.8,123,99,0.07317073170731707,0.04878048780487805,0.24390243902439024,0.20070919086552455,0.8858927926392446,0.6851836017737201,0.02898492970212799,0.0012272464112979332,0.023194827400008056,0.02898492970212799,0.08022369720259111,0.11360543886325797,0.024592658178224147,0.004931367648801203,0.023365411766926213,0.0037041212375032695,1
82,0,0.95,123,117,0.07317073170731707,0.07317073170731707,0.12195121951219512,0.28635714108723953,0.45765304153066955,0.17129590044343002,0.02898492970212799,0.0012272464112979332,0.023194827400008056,0.02898492970212799,0.057158664023810306,0.07896730215631426,0.024592658178224147,0.0022239395925106203,0.023365411766926213,0.000996693181212687,1
82,1,0.95,123,117,0.07317073170731707,0.06504065040650407,0.11382113821138211,0.2578078243466679,0.42910372479009784,0.17129590044342996,0.02898492970212799,0.0012272464112979332,0.023194827400008056,0.02898492970212799,0.05317002766739323,0.07302892350958727,0.024592658178224147,0.001863651288803497,0.023365411766926213,0.0006364048775055638,1
82,2,0.95,123,117,0.07317073170731707,0.07317073170731707,0.12195121951219512,0.28635714108723953,0.45765304153066955,0.17129590044343002,0.02898492970212799,0.0012272464112979332,0.023194827400008056,0.02898492970212799,0.057158664023810306,0.07896730215631426,0.024592658178224147,0.0022239395925106203,0.023365411766926213,0.000996693181212687,1
82,3,0.95,123,117,0.07317073170731707,0.06504065040650407,0.11382113821138211,0.2578078243466679,0.42910372479009784,0.17129590044342996,0.02898492970212799,0.0012272464112979332,0.023194827400008056,0.02898492970212799,0.05317002766739323,0.07302892350958727,0.024592658178224147,0.001863651288803497,0.023365411766926213,0.0006364048775055638,1
82,4,0.95,123,117,0.07317073170731707,0.07317073170731707,0.12195121951219512,0.28635714108723953,0.45765304153066955,0.17129590044343002,0.02898492970212799,0.0012272464112979332,0.023194827400008056,0.02898492970212799,0.057158664023810306,0.07896730215631426,0.024592658178224147,0.0022239395925106203,0.023365411766926213,0.000996693181212687,1
83,0,0.5,111,56,0.12612612612612611,0.05405405405405406,0.5495495495495496,0.21922766658913861,1.9591927814537091,1.7399651148645705,0.02898492970212799,0.003699585052372949,0.023194827400008056,0.02898492970212799,0.1480882364619984,0.21791539967424106,0.09335778241341958,0.01906836104918478,0.08965819736104663,0.015368775996811832,1
83,1,0.5,111,56,0.12612612612612611,0.06306306306306306,0.5585585585585585,0.2508633959503126,1.990828510814883,1.7399651148645705,0.02898492970212799,0.003699585052372949,0.023194827400008056,0.02898492970212799,0.1518740160728489,0.22382220790889804,0.09335778241341958,0.020128236436638983,0.08965819736104663,0.016428651384266035,1
83,2,0.5,111,56,0.12612612612612611,0.07207207207207207,0.5675675675675675,0.28249912531148663,2.0224642401760566,1.73996511486457,0.02898492970212799,0.003699585052372949,0.023194827400008056,0.02898492970212799,0.15565041428334211,0.22972258192463174,0.09335778241341958,0.021214043180909185,0.08965819736104663,0.017514458128536237,1
83,3,0.5,111,56,0.12612612612612611,0.04504504504504504,0.5405405405405406,0.18759193722796458,1.9275570520925351,1.7399651148645705,0.02898492970212799,0.003699585052372949,0.023194827400008056,0.02898492970212799,0.1442922331080743,0.21200103870716921,0.09335778241341958,0.018034403873153363,0.08965819736104663,0.014334818820780415,1
83,4,0.5,111,56,0.12612612612612611,0.04504504504504504,0.5405405405405406,0.18759193722796458,1.9275570520925351,1.7399651148645705,0.02898492970212799,0.003699585052372949,0.023194827400008056,0.02898492970212799,0.1442922331080743,0.21200103870716921,0.09335778241341958,0.018034403873153363,0.08965819736104663,0.014334818820780415,1
83,0,0.8,111,89,0.12612612612612611,0.0990990990990991,0.2972972972972973,0.37740631339500863,1.073392359340837,0.6959860459458284,0.02898492970212799,0.003699585052372949,0.023194827400008056,0.02898492970212799,0.10356868971524529,0.149121865621258,0.09335778241341958,0.00875509969502785,0.08965819736104663,0.005055514642654901,1
83,1,0.8,111,89,0.12612612612612611,0.0990990990990991,0.2972972972972973,0.37740631339500863,1.073392359340837,0.6959860459458284,0.02898492970212799,0.003699585052372949,0.023194827400008056,0.02898492970212799,0.10356868971524529,0.149121865621258,0.09335778241341958,0.00875509969502785,0.08965819736104663,0.005055514642654901,1
83,2,0.8,111,89,0.12612612612612611,0.11711711711711711,0.3153153153153153,0.44067777211735665,1.1366638180631847,0.695986045945828,0.02898492970212799,0.003699585052372949,0.023194827400008056,0.02898492970212799,0.11147787222730869,0.16124742548101068,0.09335778241341958,0.01029775855178199,0.08965819736104663,0.006598173499409042,1
83,3,0.8,111,89,0.12612612612612611,0.0990990990990991,0.2972972972972973,0.37740631339500863,1.073392359340837,0.6959860459458284,0.02898492970212799,0.003699585052372949,0.023194827400008056,0.02898492970212799,0.10356868971524529,0.149121865621258,0.09335778241341958,0.00875509969502785,0.08965819736104663,0.005055514642654901,1
83,4,0.8,111,89,0.12612612612612611,0.11711711711711711,0.3153153153153153,0.44067777211735665,1.1366638180631847,0.695986045945828,0.02898492970212799,0.003699585052372949,0.023194827400008056,0.02898492970212799,0.11147787222730869,0.16124742548101068,0.09335778241341958,0.01029775855178199,0.08965819736104663,0.006598173499409042,1
83,0,0.95,111,106,0.12612612612612611,0.12612612612612611,0.17117117117117117,0.47231350147853063,0.6304921482844007,0.15817864680587007,0.02898492970212799,0.003699585052372949,0.023194827400008056,0.02898492970212799,0.0812842914095563,0.11520956483429934,0.09335778241341958,0.005081450201762543,0.08965819736104663,0.001381865149389594,1
83,1,0.95,111,106,0.12612612612612611,0.12612612612612611,0.17117117117117117,0.47231350147853063,0.6304921482844007,0.15817864680587007,0.02898492970212799,0.003699585052372949,0.023194827400008056,0.02898492970212799,0.0812842914095563,0.11520956483429934,0.09335778241341958,0.005081450201762543,0.08965819736104663,0.001381865149389594,1
83,2,0.95,111,106,0.12612612612612611,0.12612612612612611,0.17117117117117117,0.47231350147853063,0.6304921482844007,0.15817864680587007,0.02898492970212799,0.003699585052372949,0.023194827400008056,0.02898492970212799,0.0812842914095563,0.11520956483429934,0.09335778241341958,0.005081450201762543,0.08965819736104663,0.001381865149389594,1
83,3,0.95,111,106,0.12612612612612611,0.12612612612612611,0.17117117117117117,0.47231350147853063,0.6304921482844007,0.15817864680587007,0.02898492970212799,0.003699585052372949,0.023194827400008056,0.02898492970212799,0.0812842914095563,0.11520956483429934,0.09335778241341958,0.005081450201762543,0.08965819736104663,0.001381865149389594,1
83,4,0.95,111,106,0.12612612612612611,0.12612612612612611,0.17117117117117117,0.47231350147853063,0.6304921482844007,0.15817864680587007,0.02898492970212799,0.003699585052372949,0.023194827400008056,0.02898492970212799,0.0812842914095563,0.11520956483429934,0.09335778241341958,0.005081450201762543,0.08965819736104663,0.001381865149389594,1
84,0,0.5,129,65,0.08527131782945736,0.03875968992248062,0.5348837209302325,0.16552049813877343,1.9076927569122628,1.7421722587734894,0.02898492970212799,0.0016900025292028679,0.023194827400008056,0.02898492970212799,0.14177021656595898,0.20807632969819104,0.037390492554406796,0.017363389973839728,0.03570049002520393,0.01567338744463686,1
84,1,0.5,129,65,0.08527131782945736,0.031007751937984496,0.5271317829457365,0.13829905659543765,1.8804713153689274,1.7421722587734898,0.02898492970212799,0.0016900025292028679,0.023194827400008056,0.02898492970212799,0.13848831205458756,0.20297481789749955,0.037390492554406796,0.01650924633463707,0.03570049002520393,0.014819243805434201,1
84,2,0.5,129,65,0.08527131782945736,0.03875968992248062,0.5348837209302325,0.16552049813877343,1.9076927569122628,1.7421722587734894,0.02898492970212799,0.0016900025292028679,0.023194827400008056,0.02898492970212799,0.14177021656595898,0.20807632969819104,0.037390492554406796,0.017363389973839728,0.03570049002520393,0.01567338744463686,1
84,3,0.5,129,65,0.08527131782945736,0.031007751937984496,0.5271317829457365,0.13829905659543765,1.8804713153689274,1.7421722587734898,0.02898492970212799,0.0016900025292028679,0.023194827400008056,0.02898492970212799,0.13848831205458756,0.20297481789749955,0.037390492554406796,0.01650924633463707,0.03570049002520393,0.014819243805434201,1
84,4,0.5,129,65,0.08527131782945736,0.031007751937984496,0.5271317829457365,0.13829905659543765,1.8804713153689274,1.7421722587734898,0.02898492970212799,0.0016900025292028679,0.023194827400008056,0.02898492970212799,0.13848831205458756,0.20297481789749955,0.037390492554406796,0.01650924633463707,0.03570049002520393,0.014819243805434201,1
84,0,0.8,129,104,0.08527131782945736,0.07751937984496124,0.2713178294573643,0.3016277058554523,0.9821637444388467,0.6805360385833944,0.02898492970212799,0.0016900025292028679,0.023194827400008056,0.02898492970212799,0.09298286783315948,0.13296431510129503,0.037390492554406796,0.006886156353815616,0.03570049002520393,0.005196153824612748,1
84,1,0.8,129,104,0.08527131782945736,0.07751937984496124,0.2713178294573643,0.3016277058554523,0.9821637444388467,0.6805360385833944,0.02898492970212799,0.0016900025292028679,0.023194827400008056,0.02898492970212799,0.09298286783315948,0.13296431510129503,0.037390492554406796,0.006886156353815616,0.03570049002520393,0.005196153824612748,1
84,2,0.8,129,104,0.08527131782945736,0.06201550387596899,0.2558139534883721,0.24718482276878073,0.9277208613521752,0.6805360385833945,0.02898492970212799,0.0016900025292028679,0.023194827400008056,0.02898492970212799,0.08597604951009574,0.12231693029019843,0.037390492554406796,0.00577236009916052,0.03570049002520393,0.004082357569957652,1
84,3,0.8,129,104,0.08527131782945736,0.06201550387596899,0.2558139534883721,0.24718482276878073,0.9277208613521752,0.6805360385833945,0.02898492970212799,0.0016900025292028679,0.023194827400008056,0.02898492970212799,0.08597604951009574,0.12231693029019843,0.037390492554406796,0.00577236009916052,0.03570049002520393,0.004082357569957652,1
84,4,0.8,129,104,0.08527131782945736,0.06201550387596899,0.2558139534883721,0.24718482276878073,0.9277208613521752,0.6805360385833945,0.02898492970212799,0.0016900025292028679,0.023194827400008056,0.02898492970212799,0.08597604951009574,0.12231693029019843,0.037390492554406796,0.00577236009916052,0.03570049002520393,0.004082357569957652,1
84,0,0.95,129,123,0.08527131782945736,0.08527131782945736,0.13178294573643412,0.32884914739878807,0.4921777966588028,0.16332864926001472,0.02898492970212799,0.0016900025292028679,0.023194827400008056,0.02898492970212799,0.06246477392574914,0.08689189782797396,0.037390492554406796,0.0027525525030799663,0.03570049002520393,0.0010625499738770984,1
84,1,0.95,129,123,0.08527131782945736,0.08527131782945736,0.13178294573643412,0.32884914739878807,0.4921777966588028,0.16332864926001472,0.02898492970212799,0.0016900025292028679,0.023194827400008056,0.02898492970212799,0.06246477392574914,0.08689189782797396,0.037390492554406796,0.0027525525030799663,0.03570049002520393,0.0010625499738770984,1
84,2,0.95,129,123,0.08527131782945736,0.08527131782945736,0.13178294573643412,0.32884914739878807,0.4921777966588028,0.16332864926001472,0.02898492970212799,0.0016900025292028679,0.023194827400008056,0.02898492970212799,0.06246477392574914,0.08689189782797396,0.037390492554406796,0.0027525525030799663,0.03570049002520393,0.0010625499738770984,1
84,3,0.95,129,123,0.08527131782945736,0.07751937984496124,0.12403100775193798,0.3016277058554523,0.46495635511546696,0.16332864926001467,0.02898492970212799,0.0016900025292028679,0.023194827400008056,0.02898492970212799,0.058722333362517705,0.08129973177622432,0.037390492554406796,0.0023738657682883055,0.03570049002520393,0.0006838632390854377,1
84,4,0.95,129,123,0.08527131782945736,0.08527131782945736,0.13178294573643412,0.32884914739878807,0.4921777966588028,0.16332864926001472,0.02898492970212799,0.0016900025292028679,0.023194827400008056,0.02898492970212799,0.06246477392574914,0.08689189782797396,0.037390492554406796,0.0027525525030799663,0.03570049002520393,0.0010625499738770984,1
85,0,0.5,114,57,0.12280701754385964,0.06140350877192982,0.5614035087719298,0.24503576159430687,2.0008187411394642,1.7557829795451574,0.02898492970212799,0.003511885020459607,0.023194827400008056,0.02898492970212799,0.1521227426030499,0.2242105761219542,0.08817751431432863,0.02019887396501277,0.08466562929386902,0.016686988944553165,1
85,1,0.5,114,57,0.12280701754385964,0.08771929824561403,0.5877192982456141,0.33744539209668356,2.093228371641841,1.7557829795451576,0.02898492970212799,0.003511885020459607,0.023194827400008056,0.02898492970212799,0.1631288591196229,0.24143085334863396,0.08817751431432863,0.023448447495277316,0.08466562929386902,0.01993656247481771,1
85,2,0.5,114,57,0.12280701754385964,0.07017543859649122,0.5701754385964912,0.27583897176176575,2.0316219513069234,1.7557829795451576,0.02898492970212799,0.003511885020459607,0.023194827400008056,0.02898492970212799,0.15579930158328958,0.22995537466190755,0.08817751431432863,0.021257436342175026,0.08466562929386902,0.01774555132171542,1
85,3,0.5,114,57,0.12280701754385964,0.05263157894736842,0.5526315789473685,0.21423255142684797,1.9700155309720058,1.7557829795451578,0.02898492970212799,0.003511885020459607,0.023194827400008056,0.02898492970212799,0.1484373410965052,0.21845974630517184,0.08817751431432863,0.019164897409870124,0.08466562929386902,0.01565301238941052,1
85,4,0.5,114,57,0.12280701754385964,0.043859649122807015,0.543859649122807,0.18342934125938906,1.9392123208045466,1.7557829795451576,0.02898492970212799,0.003511885020459607,0.023194827400008056,0.02898492970212799,0.14474232184839056,0.2127018552799851,0.08817751431432863,0.018155493297095267,0.08466562929386902,0.01464360827663566,1
85,0,0.8,114,92,0.12280701754385964,0.09649122807017543,0.2894736842105263,0.36824860226414247,1.0459192259482384,0.6776706236840959,0.02898492970212799,0.003511885020459607,0.023194827400008056,0.02898492970212799,0.10126207197123285,0.14559406759767524,0.08817751431432863,0.008328765780482486,0.08466562929386902,0.004816880760022879,1
85,1,0.8,114,92,0.12280701754385964,0.08771929824561403,0.2807017543859649,0.33744539209668356,1.0151160157807795,0.6776706236840959,0.02898492970212799,0.003511885020459607,0.023194827400008056,0.02898492970212799,0.09736394204255414,0.13964110836509203,0.08817751431432863,0.0076324583692147585,0.08466562929386902,0.004120573348755152,1
85,2,0.8,114,92,0.12280701754385964,0.11403508771929824,0.30701754385964913,0.4298550225990603,1.1075256462831562,0.6776706236840959,0.02898492970212799,0.003511885020459607,0.023194827400008056,0.02898492970212799,0.10898970380861162,0.15742803530014363,0.08817751431432863,0.009798961460116658,0.08466562929386902,0.006287076439657051,1
85,3,0.8,114,92,0.12280701754385964,0.11403508771929824,0.30701754385964913,0.4298550225990603,1.1075256462831562,0.6776706236840959,0.02898492970212799,0.003511885020459607,0.023194827400008056,0.02898492970212799,0.10898970380861162,0.15742803530014363,0.08817751431432863,0.009798961460116658,0.08466562929386902,0.006287076439657051,1
85,4,0.8,114,92,0.12280701754385964,0.10526315789473684,0.2982456140350877,0.39905181243160137,1.0767224361156973,0.6776706236840959,0.02898492970212799,0.003511885020459607,0.023194827400008056,0.02898492970212799,0.10513681284659994,0.1515224033056606,0.08817751431432863,0.009051013158608984,0.08466562929386902,0.005539128138149376,1
85,0,0.95,114,109,0.12280701754385964,0.12280701754385964,0.16666666666666666,0.4606582327665192,0.6146742836038137,0.15401605083729453,0.02898492970212799,0.003511885020459607,0.023194827400008056,0.02898492970212799,0.07948467503254651,0.11248824288713694,0.08817751431432863,0.004828120064378594,0.08466562929386902,0.0013162350439189867,1
85,1,0.95,114,109,0.12280701754385964,0.12280701754385964,0.16666666666666666,0.4606582327665192,0.6146742836038137,0.15401605083729453,0.02898492970212799,0.003511885020459607,0.023194827400008056,0.02898492970212799,0.07948467503254651,0.11248824288713694,0.08817751431432863,0.004828120064378594,0.08466562929386902,0.0013162350439189867,1
85,2,0.95,114,109,0.12280701754385964,0.12280701754385964,0.16666666666666666,0.4606582327665192,0.6146742836038137,0.15401605083729453,0.02898492970212799,0.003511885020459607,0.023194827400008056,0.02898492970212799,0.07948467503254651,0.11248824288713694,0.08817751431432863,0.004828120064378594,0.08466562929386902,0.0013162350439189867,1
85,3,0.95,114,109,0.12280701754385964,0.11403508771929824,0.15789473684210525,0.4298550225990603,0.5838710734363548,0.15401605083729453,0.02898492970212799,0.003511885020459607,0.023194827400008056,0.02898492970212799,0.07542375682832991,0.1063575722459221,0.08817751431432863,0.004280267957532446,0.08466562929386902,0.0007683829370728388,1
85,4,0.95,114,109,0.12280701754385964,0.11403508771929824,0.15789473684210525,0.4298550225990603,0.5838710734363548,0.15401605083729453,0.02898492970212799,0.003511885020459607,0.023194827400008056,0.02898492970212799,0.07542375682832991,0.1063575722459221,0.08817751431432863,0.004280267957532446,0.08466562929386902,0.0007683829370728388,1
86,0,0.5,123,62,0.4634146341463415,0.25203252032520324,0.7479674796747967,0.9144421093798162,2.6559504305546877,1.7415083211748716,0.02898492970212799,0.0420943678008884,0.023194827400008056,0.02898492970212799,0.23031935184909832,0.34791637587126995,0.966256535931477,0.04854061679920678,0.9241621681305886,0.006446248998318381,1
86,1,0.5,123,62,0.4634146341463415,0.2032520325203252,0.6991869918699187,0.7431462089363863,2.484654530111258,1.7415083211748716,0.02898492970212799,0.0420943678008884,0.023194827400008056,0.02898492970212799,0.21012909280067196,0.3156870992047859,0.966256535931477,0.04739929883639904,0.9241621681305886,0.005304931035510642,1
86,2,0.5,123,62,0.4634146341463415,0.23577235772357724,0.7317073170731707,0.8573434758986729,2.5988517970735443,1.7415083211748714,0.02898492970212799,0.0420943678008884,0.023194827400008056,0.02898492970212799,0.2235787904398845,0.33713558208016325,0.966256535931477,0.04561589972576409,0.9241621681305886,0.0035215319248756913,1
86,3,0.5,123,62,0.4634146341463415,0.24390243902439024,0.7398373983739838,0.8858927926392446,2.6274011138141162,1.7415083211748716,0.02898492970212799,0.0420943678008884,0.023194827400008056,0.02898492970212799,0.22694737438609108,0.3425206655087071,0.966256535931477,0.04706616325301877,0.9241621681305886,0.004971795452130369,1
86,4,0.5,123,62,0.4634146341463415,0.24390243902439024,0.7398373983739838,0.8858927926392446,2.6274011138141162,1.7415083211748716,0.02898492970212799,0.0420943678008884,0.023194827400008056,0.02898492970212799,0.22694737438609108,0.3425206655087071,0.966256535931477,0.04706616325301877,0.9241621681305886,0.004971795452130369,1
86,0,0.8,123,99,0.4634146341463415,0.37398373983739835,0.5691056910569106,1.342681860488391,2.027865462262111,0.6851836017737201,0.02898492970212799,0.0420943678008884,0.023194827400008056,0.02898492970212799,0.2185312565944903,0.32907629221733353,0.966256535931477,0.04348528497687715,0.9241621681305886,0.0013909171759887498,1
86,1,0.8,123,99,0.4634146341463415,0.3902439024390244,0.5853658536585366,1.3997804939695346,2.0849640957432545,0.6851836017737198,0.02898492970212799,0.0420943678008884,0.023194827400008056,0.02898492970212799,0.2252626875010459,0.3398268412019287,0.966256535931477,0.04633802463017293,0.9241621681305886,0.004243656829284535,1
86,2,0.8,123,99,0.4634146341463415,0.37398373983739835,0.5691056910569106,1.342681860488391,2.027865462262111,0.6851836017737201,0.02898492970212799,0.0420943678008884,0.023194827400008056,0.02898492970212799,0.2185312565944903,0.32907629221733353,0.966256535931477,0.04348528497687715,0.9241621681305886,0.0013909171759887498,1
86,3,0.8,123,99,0.4634146341463415,0.35772357723577236,0.5528455284552846,1.2855832270072478,1.9707668287809679,0.6851836017737201,0.02898492970212799,0.0420943678008884,0.023194827400008056,0.02898492970212799,0.21180875472401328,0.31836105236017304,0.966256535931477,0.0455913999208557,0.9241621681305886,0.003497032119967304,1
86,4,0.8,123,99,0.4634146341463415,0.34959349593495936,0.5447154471544715,1.257033910266676,1.9422175120403962,0.6851836017737201,0.02898492970212799,0.0420943678008884,0.023194827400008056,0.02898492970212799,0.2084497015486438,0.313014914869833,0.966256535931477,0.04924740260363003,0.9241621681305886,0.007153034802741633,1
86,0,0.95,123,117,0.4634146341463415,0.43902439024390244,0.4878048780487805,1.5710763944129644,1.7423722948563947,0.17129590044343024,0.02898492970212799,0.0420943678008884,0.023194827400008056,0.02898492970212799,0.21516911999832822,0.3237146121695263,0.966256535931477,0.042094367800890174,0.9241621681305886,1.7763568394002505e-15,1
86,1,0.95,123,117,0.4634146341463415,0.43089430894308944,0.4796747967479675,1.5425270776723927,1.713822978115823,0.17129590044343024,0.02898492970212799,0.0420943678008884,0.023194827400008056,0.02898492970212799,0.21180875472401328,0.31836105236017304,0.966256535931477,0.0455913999208557,0.9241621681305886,0.003497032119967304,1
86,2,0.95,123,117,0.4634146341463415,0.45528455284552843,0.5040650406504065,1.6281750278941078,1.7994709283375379,0.17129590044343002,0.02898492970212799,0.0420943678008884,0.023194827400008056,0.02898492970212799,0.22189562494242376,0.3344467974645719,0.966256535931477,0.044899755869740314,0.9241621681305886,0.002805388068851916,1
86,3,0.95,123,117,0.4634146341463415,0.43902439024390244,0.4878048780487805,1.5710763944129644,1.7423722948563947,0.17129590044343024,0.02898492970212799,0.0420943678008884,0.023194827400008056,0.02898492970212799,0.21516911999832822,0.3237146121695263,0.966256535931477,0.042094367800890174,0.9241621681305886,1.7763568394002505e-15,1
86,4,0.95,123,117,0.4634146341463415,0.45528455284552843,0.5040650406504065,1.6281750278941078,1.7994709283375379,0.17129590044343002,0.02898492970212799,0.0420943678008884,0.023194827400008056,0.02898492970212799,0.22189562494242376,0.3344467974645719,0.966256535931477,0.044899755869740314,0.9241621681305886,0.002805388068851916,1
87,0,0.5,116,58,0.4051724137931034,0.19827586206896552,0.6982758620689655,0.7256720581727605,2.481455037717918,1.7557829795451576,0.02898492970212799,0.032799981608910275,0.023194827400008056,0.02898492970212799,0.20891295815079414,0.3137518974595088,0.7771497042711474,0.03956636492029958,0.7443497226622371,0.006766383311389304,1
87,1,0.5,116,58,0.4051724137931034,0.21551724137931033,0.7155172413793104,0.7862162988467314,2.541999278391889,1.7557829795451578,0.02898492970212799,0.032799981608910275,0.023194827400008056,0.02898492970212799,0.21603844977934178,0.32510044686958545,0.7771497042711474,0.04245184278747434,0.7443497226622371,0.009651861178564064,1
87,2,0.5,116,58,0.4051724137931034,0.20689655172413793,0.7068965517241379,0.7559441785097459,2.5117271580549034,1.7557829795451574,0.02898492970212799,0.032799981608910275,0.023194827400008056,0.02898492970212799,0.21247491519016729,0.31942192204491177,0.7771497042711474,0.04099609128126543,0.7443497226622371,0.008196109672355158,1
87,3,0.5,116,58,0.4051724137931034,0.1810344827586207,0.6810344827586207,0.6651278174987895,2.420910797043947,1.7557829795451574,0.02898492970212799,0.032799981608910275,0.023194827400008056,0.02898492970212799,0.20179158815486478,0.3024340499971614,0.7771497042711474,0.03678401328696527,0.7443497226622371,0.003984031678054993,1
87,4,0.5,116,58,0.4051724137931034,0.25862068965517243,0.7586206896551724,0.9375769005316589,2.6933598800768164,1.7557829795451574,0.02898492970212799,0.032799981608910275,0.023194827400008056,0.02898492970212799,0.23389904269587594,0.3536501224048662,0.7771497042711474,0.05013078132012967,0.7443497226622371,0.017330799711219397,1
87,0,0.8,116,93,0.4051724137931034,0.3275862068965517,0.5258620689655172,1.1797538632275424,1.8760126309782086,0.6962587677506662,0.02898492970212799,0.032799981608910275,0.023194827400008056,0.02898492970212799,0.20001137610629127,0.2996086165628237,0.7771497042711474,0.03610432304980647,0.7443497226622371,0.003304341440896197,1
87,1,0.8,116,93,0.4051724137931034,0.33620689655172414,0.5344827586206896,1.210025983564528,1.906284751315194,0.696258767750666,0.02898492970212799,0.032799981608910275,0.023194827400008056,0.02898492970212799,0.20357178376750054,0.30526099280725527,0.7771497042711474,0.03747003547093198,0.7443497226622371,0.004670053862021704,1
87,2,0.8,116,93,0.4051724137931034,0.3103448275862069,0.5086206896551724,1.1192096225535717,1.8154683903042375,0.6962587677506658,0.02898492970212799,0.032799981608910275,0.023194827400008056,0.02898492970212799,0.1928889834449397,0.28831994348117784,0.7771497042711474,0.03344838026552343,0.7443497226622371,0.0006483986566131542,1
87,3,0.8,116,93,0.4051724137931034,0.31896551724137934,0.5172413793103449,1.149481742890557,1.8457405106412232,0.6962587677506662,0.02898492970212799,0.032799981608910275,0.023194827400008056,0.02898492970212799,0.19645062712647818,0.29396187104385474,0.7771497042711474,0.034763836355856996,0.7443497226622371,0.0019638547469467207,1
87,4,0.8,116,93,0.4051724137931034,0.3448275862068966,0.5431034482758621,1.2402981039015135,1.9365568716521795,0.696258767750666,0.02898492970212799,0.032799981608910275,0.023194827400008056,0.02898492970212799,0.20713240026548993,0.3109198143063729,0.7771497042711474,0.03886118323443333,0.7443497226622371,0.006061201625523052,1
87,0,0.95,116,111,0.4051724137931034,0.3793103448275862,0.4224137931034483,1.3613865852494553,1.5127471869343827,0.15136060168492738,0.02898492970212799,0.032799981608910275,0.023194827400008056,0.02898492970212799,0.18932588728018535,0.28268202117983515,0.7771497042711474,0.03447796815136761,0.7443497226622371,0.0016779865424573354,1
87,1,0.95,116,111,0.4051724137931034,0.3879310344827586,0.43103448275862066,1.391658705586441,1.543019307271368,0.15136060168492715,0.02898492970212799,0.032799981608910275,0.023194827400008056,0.02898492970212799,0.1928889834449397,0.28831994348117784,0.7771497042711474,0.03344838026552343,0.7443497226622371,0.0006483986566131542,1
87,2,0.95,116,111,0.4051724137931034,0.3879310344827586,0.43103448275862066,1.391658705586441,1.543019307271368,0.15136060168492715,0.02898492970212799,0.032799981608910275,0.023194827400008056,0.02898492970212799,0.1928889834449397,0.28831994348117784,0.7771497042711474,0.03344838026552343,0.7443497226622371,0.0006483986566131542,1
87,3,0.95,116,111,0.4051724137931034,0.3706896551724138,0.41379310344827586,1.33111446491247,1.4824750665973971,0.15136060168492715,0.02898492970212799,0.032799981608910275,0.023194827400008056,0.02898492970212799,0.18576077524529244,0.277047289807555,0.7771497042711474,0.03798161410914347,0.7443497226622371,0.005181632500233194,1
87,4,0.95,116,111,0.4051724137931034,0.39655172413793105,0.4396551724137931,1.4219308259234262,1.5732914276083536,0.15136060168492738,0.02898492970212799,0.032799981608910275,0.023194827400008056,0.02898492970212799,0.19645062712647834,0.2939618710438546,0.7771497042711474,0.03476383635585706,0.7443497226622371,0.001963854746946783,1
88,0,0.5,119,60,0.19327731092436976,0.08403361344537816,0.5798319327731093,0.3245028668162387,2.065531367541689,1.7410285007254505,0.02898492970212799,0.008352623109889818,0.023194827400008056,0.02898492970212799,0.1607145600951076,0.23764761924452757,0.2171789603892204,0.022714878624661795,0.2088263372793306,0.014362255514771978,1
88,1,0.5,119,60,0.19327731092436976,0.11764705882352941,0.6134453781512605,0.4425386973738963,2.1835671980993467,1.7410285007254505,0.02898492970212799,0.008352623109889818,0.023194827400008056,0.02898492970212799,0.17470193236630724,0.25960995939584464,0.2171789603892204,0.02712672652519564,0.2088263372793306,0.018774103415305825,1
88,2,0.5,119,60,0.19327731092436976,0.12605042016806722,0.6218487394957983,0.4720476550133107,2.213076155738761,1.7410285007254505,0.02898492970212799,0.008352623109889818,0.023194827400008056,0.02898492970212799,0.1781868647082134,0.26509808287867975,0.2171789603892204,0.028286821460378878,0.2088263372793306,0.01993419835048906,1
88,3,0.5,119,60,0.19327731092436976,0.07563025210084033,0.5714285714285714,0.2949939091768242,2.0360224099022743,1.74102850072545,0.02898492970212799,0.008352623109889818,0.023194827400008056,0.02898492970212799,0.1572028656645126,0.23215053219996562,0.2171789603892204,0.02166868365984454,0.2088263372793306,0.013316060549954723,1
88,4,0.5,119,60,0.19327731092436976,0.11764705882352941,0.6134453781512605,0.4425386973738963,2.1835671980993467,1.7410285007254505,0.02898492970212799,0.008352623109889818,0.023194827400008056,0.02898492970212799,0.17470193236630724,0.25960995939584464,0.2171789603892204,0.02712672652519564,0.2088263372793306,0.018774103415305825,1
88,0,0.8,119,96,0.19327731092436976,0.14285714285714285,0.33613445378151263,0.5310655702921395,1.209771595998671,0.6787060257065315,0.02898492970212799,0.008352623109889818,0.023194827400008056,0.02898492970212799,0.12157599609309266,0.17679187323994633,0.2171789603892204,0.01244920290416583,0.2088263372793306,0.0040965797942760125,1
88,1,0.8,119,96,0.19327731092436976,0.17647058823529413,0.3697478991596639,0.6491014008497973,1.3278074265563289,0.6787060257065316,0.02898492970212799,0.008352623109889818,0.023194827400008056,0.02898492970212799,0.13595856483333935,0.1990469559086249,0.2171789603892204,0.01586556005487455,0.2088263372793306,0.007512936944984732,1
88,2,0.8,119,96,0.19327731092436976,0.16806722689075632,0.36134453781512604,0.6195924432103829,1.2982984689169141,0.6787060257065313,0.02898492970212799,0.008352623109889818,0.023194827400008056,0.02898492970212799,0.13238219008228097,0.19350076060376706,0.2171789603892204,0.014977400449335551,0.2088263372793306,0.006624777339445734,1
88,3,0.8,119,96,0.19327731092436976,0.18487394957983194,0.37815126050420167,0.6786103584892117,1.3573163841957432,0.6787060257065315,0.02898492970212799,0.008352623109889818,0.023194827400008056,0.02898492970212799,0.13952349629239688,0.2045832427318841,0.2171789603892204,0.016776336091806548,0.2088263372793306,0.00842371298191673,1
88,4,0.8,119,96,0.19327731092436976,0.15126050420168066,0.3445378151260504,0.5605745279315539,1.2392805536380853,0.6787060257065314,0.02898492970212799,0.008352623109889818,0.023194827400008056,0.02898492970212799,0.12519178864446398,0.1823743526398981,0.2171789603892204,0.013269148171110861,0.2088263372793306,0.004916525061221044,1
88,0,0.95,119,114,0.19327731092436976,0.18487394957983194,0.226890756302521,0.6786103584892117,0.8261551466862836,0.14754478819707195,0.02898492970212799,0.008352623109889818,0.023194827400008056,0.02898492970212799,0.10695257010390408,0.15430424028014317,0.2171789603892204,0.009399800849752435,0.2088263372793306,0.0010471777398626172,1
88,1,0.95,119,114,0.19327731092436976,0.17647058823529413,0.2184873949579832,0.6491014008497973,0.7966461890468692,0.14754478819707195,0.02898492970212799,0.008352623109889818,0.023194827400008056,0.02898492970212799,0.10325110577806203,0.14863591417622365,0.2171789603892204,0.008695768728831314,0.2088263372793306,0.0003431456189414966,1
88,2,0.95,119,114,0.19327731092436976,0.19327731092436976,0.23529411764705882,0.7081193161286261,0.8556641043256981,0.14754478819707195,0.02898492970212799,0.008352623109889818,0.023194827400008056,0.02898492970212799,0.11063461185208248,0.15995251794337834,0.2171789603892204,0.010127325102619301,0.2088263372793306,0.0017747019927294837,1
88,3,0.95,119,114,0.19327731092436976,0.18487394957983194,0.226890756302521,0.6786103584892117,0.8261551466862836,0.14754478819707195,0.02898492970212799,0.008352623109889818,0.023194827400008056,0.02898492970212799,0.10695257010390408,0.15430424028014317,0.2171789603892204,0.009399800849752435,0.2088263372793306,0.0010471777398626172,1
88,4,0.95,119,114,0.19327731092436976,0.18487394957983194,0.226890756302521,0.6786103584892117,0.8261551466862836,0.14754478819707195,0.02898492970212799,0.008352623109889818,0.023194827400008056,0.02898492970212799,0.10695257010390408,0.15430424028014317,0.2171789603892204,0.009399800849752435,0.2088263372793306,0.0010471777398626172,1
89,0,0.5,100,50,0.08,0.04,0.54,0.16987592878570718,1.9256589083308646,1.7557829795451574,0.02898492970212799,0.0014805589054385849,0.023194827400008056,0.02898492970212799,0.1431132600996741,0.21016587358134936,0.031569195380732384,0.018853708608123854,0.0300886364752938,0.01737314970268527,1
89,1,0.5,100,50,0.08,0.02,0.52,0.09964460960390085,1.8554275891490584,1.7557829795451576,0.02898492970212799,0.0014805589054385849,0.023194827400008056,0.02898492970212799,0.1346366827350061,0.19699607402941702,0.031569195380732384,0.015534302683186566,0.0300886364752938,0.014053743777747981,1
89,2,0.5,100,50,0.08,0.04,0.54,0.16987592878570718,1.9256589083308646,1.7557829795451574,0.02898492970212799,0.0014805589054385849,0.023194827400008056,0.02898492970212799,0.1431132600996741,0.21016587358134936,0.031569195380732384,0.018853708608123854,0.0300886364752938,0.01737314970268527,1
89,3,0.5,100,50,0.08,0.04,0.54,0.16987592878570718,1.9256589083308646,1.7557829795451574,0.02898492970212799,0.0014805589054385849,0.023194827400008056,0.02898492970212799,0.1431132600996741,0.21016587358134936,0.031569195380732384,0.018853708608123854,0.0300886364752938,0.01737314970268527,1
89,4,0.5,100,50,0.08,0.06,0.56,0.24010724796751345,1.995890227512671,1.7557829795451576,0.02898492970212799,0.0014805589054385849,0.023194827400008056,0.02898492970212799,0.1515336923819584,0.2232908750430988,0.031569195380732384,0.023365322179889847,0.0300886364752938,0.021884763274451262,1
89,0,0.8,100,80,0.08,0.08,0.28,0.3103385671493198,1.012651758967383,0.7023131918180632,0.02898492970212799,0.0014805589054385849,0.023194827400008056,0.02898492970212799,0.09548404849512176,0.13677434036374028,0.031569195380732384,0.007307522547116331,0.0300886364752938,0.005826963641677746,1
89,1,0.8,100,80,0.08,0.07,0.27,0.2752229075584166,0.9775360993764796,0.702313191818063,0.02898492970212799,0.0014805589054385849,0.023194827400008056,0.02898492970212799,0.09099501786483893,0.12993969248525689,0.031569195380732384,0.006560192918925579,0.0300886364752938,0.005079634013486994,1
89,2,0.8,100,80,0.08,0.06,0.26,0.24010724796751345,0.9424204397855764,0.702313191818063,0.02898492970212799,0.0014805589054385849,0.023194827400008056,0.02898492970212799,0.08646951218880324,0.1230655035217668,0.031569195380732384,0.005847586294393527,0.0300886364752938,0.004367027388954942,1
89,3,0.8,100,80,0.08,0.05,0.25,0.20499158837661033,0.9073047801946733,0.702313191818063,0.02898492970212799,0.0014805589054385849,0.023194827400008056,0.02898492970212799,0.08190441753191403,0.1161479280881162,0.031569195380732384,0.005170245260603827,0.0300886364752938,0.003689686355165242,1
89,4,0.8,100,80,0.08,0.07,0.27,0.2752229075584166,0.9775360993764796,0.702313191818063,0.02898492970212799,0.0014805589054385849,0.023194827400008056,0.02898492970212799,0.09099501786483893,0.12993969248525689,0.031569195380732384,0.006560192918925579,0.0300886364752938,0.005079634013486994,1
89,0,0.95,100,95,0.08,0.07,0.12,0.2752229075584166,0.45080120551293235,0.17557829795451574,0.02898492970212799,0.0014805589054385849,0.023194827400008056,0.02898492970212799,0.05590753244394829,0.07710283650087894,0.031569195380732384,0.002107501535092165,0.0300886364752938,0.00062694262965358,1
89,1,0.95,100,95,0.08,0.08,0.13,0.3103385671493198,0.4859168651038355,0.17557829795451574,0.02898492970212799,0.0014805589054385849,0.023194827400008056,0.02898492970212799,0.060766872238306326,0.08435310207238413,0.031569195380732384,0.0025772753168605174,0.0300886364752938,0.0010967164114219325,1
89,2,0.95,100,95,0.08,0.08,0.13,0.3103385671493198,0.4859168651038355,0.17557829795451574,0.02898492970212799,0.0014805589054385849,0.023194827400008056,0.02898492970212799,0.060766872238306326,0.08435310207238413,0.031569195380732384,0.0025772753168605174,0.0300886364752938,0.0010967164114219325,1
89,3,0.95,100,95,0.08,0.08,0.13,0.3103385671493198,0.4859168651038355,0.17557829795451574,0.02898492970212799,0.0014805589054385849,0.023194827400008056,0.02898492970212799,0.060766872238306326,0.08435310207238413,0.031569195380732384,0.0025772753168605174,0.0300886364752938,0.0010967164114219325,1
89,4,0.95,100,95,0.08,0.07,0.12,0.2752229075584166,0.45080120551293235,0.17557829795451574,0.02898492970212799,0.0014805589054385849,0.023194827400008056,0.02898492970212799,0.05590753244394829,0.07710283650087894,0.031569195380732384,0.002107501535092165,0.0300886364752938,0.00062694262965358,1
90,0,0.5,92,46,0.07608695652173914,0.043478260869565216,0.5434782608695652,0.18209007125210824,1.9378730507972657,1.7557829795451574,0.02898492970212799,0.0013328937318213812,0.023194827400008056,0.02898492970212799,0.14458143833843312,0.2124513357166016,0.027490904228448743,0.022321063050533274,0.02615801049662736,0.02098816931871189,1
90,1,0.5,92,46,0.07608695652173914,0.03260869565217391,0.532608695652174,0.14392087604460482,1.8997038555897625,1.7557829795451576,0.02898492970212799,0.0013328937318213812,0.023194827400008056,0.02898492970212799,0.139987685149719,0.20530469045126745,0.027490904228448743,0.01982948903781112,0.02615801049662736,0.018496595305989738,1
90,2,0.5,92,46,0.07608695652173914,0.043478260869565216,0.5434782608695652,0.18209007125210824,1.9378730507972657,1.7557829795451574,0.02898492970212799,0.0013328937318213812,0.023194827400008056,0.02898492970212799,0.14458143833843312,0.2124513357166016,0.027490904228448743,0.022321063050533274,0.02615801049662736,0.02098816931871189,1
90,3,0.5,92,46,0.07608695652173914,0.03260869565217391,0.532608695652174,0.14392087604460482,1.8997038555897625,1.7557829795451576,0.02898492970212799,0.0013328937318213812,0.023194827400008056,0.02898492970212799,0.139987685149719,0.20530469045126745,0.027490904228448743,0.01982948903781112,0.02615801049662736,0.018496595305989738,1
90,4,0.5,92,46,0.07608695652173914,0.043478260869565216,0.5434782608695652,0.18209007125210824,1.9378730507972657,1.7557829795451574,0.02898492970212799,0.0013328937318213812,0.023194827400008056,0.02898492970212799,0.14458143833843312,0.2124513357166016,0.027490904228448743,0.022321063050533274,0.02615801049662736,0.02098816931871189,1
90,0,0.8,92,74,0.07608695652173914,0.06521739130434782,0.2608695652173913,0.2584284616671151,0.9454739754021767,0.6870455137350616,0.02898492970212799,0.0013328937318213812,0.023194827400008056,0.02898492970212799,0.08785088105950119,0.125162056032695,0.027490904228448743,0.006060759681740601,0.02615801049662736,0.00472786594991922,1
90,1,0.8,92,74,0.07608695652173914,0.06521739130434782,0.2608695652173913,0.2584284616671151,0.9454739754021767,0.6870455137350616,0.02898492970212799,0.0013328937318213812,0.023194827400008056,0.02898492970212799,0.08785088105950119,0.125162056032695,0.027490904228448743,0.006060759681740601,0.02615801049662736,0.00472786594991922,1
90,2,0.8,92,74,0.07608695652173914,0.043478260869565216,0.2391304347826087,0.18209007125210824,0.8691355849871699,0.6870455137350617,0.02898492970212799,0.0013328937318213812,0.023194827400008056,0.02898492970212799,0.07789989674183657,0.11009405947357495,0.027490904228448743,0.0046103959775520694,0.02615801049662736,0.0032775022457306882,1
90,3,0.8,92,74,0.07608695652173914,0.06521739130434782,0.2608695652173913,0.2584284616671151,0.9454739754021767,0.6870455137350616,0.02898492970212799,0.0013328937318213812,0.023194827400008056,0.02898492970212799,0.08785088105950119,0.125162056032695,0.027490904228448743,0.006060759681740601,0.02615801049662736,0.00472786594991922,1
90,4,0.8,92,74,0.07608695652173914,0.05434782608695652,0.25,0.22025926645961166,0.9073047801946733,0.6870455137350616,0.02898492970212799,0.0013328937318213812,0.023194827400008056,0.02898492970212799,0.08290036670390205,0.11765564867417876,0.027490904228448743,0.005314463465563392,0.02615801049662736,0.003981569733742011,1
90,0,0.95,92,88,0.07608695652173914,0.07608695652173914,0.11956521739130435,0.29659765687461853,0.4492744377046322,0.15267678083001368,0.02898492970212799,0.0013328937318213812,0.023194827400008056,0.02898492970212799,0.05728791163891552,0.07916000006162636,0.027490904228448743,0.0022361465871698818,0.02615801049662736,0.0009032528553485006,1
90,1,0.95,92,88,0.07608695652173914,0.07608695652173914,0.11956521739130435,0.29659765687461853,0.4492744377046322,0.15267678083001368,0.02898492970212799,0.0013328937318213812,0.023194827400008056,0.02898492970212799,0.05728791163891552,0.07916000006162636,0.027490904228448743,0.0022361465871698818,0.02615801049662736,0.0009032528553485006,1
90,2,0.95,92,88,0.07608695652173914,0.06521739130434782,0.10869565217391304,0.2584284616671151,0.41110524249712876,0.15267678083001368,0.02898492970212799,0.0013328937318213812,0.023194827400008056,0.02898492970212799,0.05194605613343641,0.071209945491078,0.027490904228448743,0.0017594716251493983,0.02615801049662736,0.00042657789332801706,1
90,3,0.95,92,88,0.07608695652173914,0.07608695652173914,0.11956521739130435,0.29659765687461853,0.4492744377046322,0.15267678083001368,0.02898492970212799,0.0013328937318213812,0.023194827400008056,0.02898492970212799,0.05728791163891552,0.07916000006162636,0.027490904228448743,0.0022361465871698818,0.02615801049662736,0.0009032528553485006,1
90,4,0.95,92,88,0.07608695652173914,0.07608695652173914,0.11956521739130435,0.29659765687461853,0.4492744377046322,0.15267678083001368,0.02898492970212799,0.0013328937318213812,0.023194827400008056,0.02898492970212799,0.05728791163891552,0.07916000006162636,0.027490904228448743,0.0022361465871698818,0.02615801049662736,0.0009032528553485006,1
91,0,0.5,91,46,0.054945054945054944,0.02197802197802198,0.5164835164835165,0.10659056424825533,1.8430792253368726,1.7364886610886172,0.02898492970212799,0.0006554990323356803,0.023194827400008056,0.02898492970212799,0.13430940106169603,0.19648846793212552,0.009530562316494434,0.03378539473496514,0.008875063284158755,0.03312989570262946,0
91,1,0.5,91,46,0.054945054945054944,0.02197802197802198,0.5164835164835165,0.10659056424825533,1.8430792253368726,1.7364886610886172,0.02898492970212799,0.0006554990323356803,0.023194827400008056,0.02898492970212799,0.13430940106169603,0.19648846793212552,0.009530562316494434,0.03378539473496514,0.008875063284158755,0.03312989570262946,0
91,2,0.5,91,46,0.054945054945054944,0.04395604395604396,0.5384615384615384,0.1837678380744161,1.9202564991630333,1.7364886610886172,0.02898492970212799,0.0006554990323356803,0.023194827400008056,0.02898492970212799,0.1436236819857007,0.21096028430358502,0.009530562316494434,0.04032459172013575,0.008875063284158755,0.03966909268780007,0
91,3,0.5,91,46,0.054945054945054944,0.02197802197802198,0.5164835164835165,0.10659056424825533,1.8430792253368726,1.7364886610886172,0.02898492970212799,0.0006554990323356803,0.023194827400008056,0.02898492970212799,0.13430940106169603,0.19648846793212552,0.009530562316494434,0.03378539473496514,0.008875063284158755,0.03312989570262946,0
91,4,0.5,91,46,0.054945054945054944,0.03296703296703297,0.5274725274725275,0.1451792011613357,1.8816678622499532,1.7364886610886174,0.02898492970212799,0.0006554990323356803,0.023194827400008056,0.02898492970212799,0.13897575832290548,0.20373210992154744,0.009530562316494434,0.03701676976481855,0.008875063284158755,0.03636127073248287,0
91,0,0.8,91,73,0.054945054945054944,0.04395604395604396,0.24175824175824176,0.1837678380744161,0.878363302509863,0.694595464435447,0.02898492970212799,0.0006554990323356803,0.023194827400008056,0.02898492970212799,0.07861748762092667,0.11117788597639773,0.009530562316494434,0.004708359607408025,0.008875063284158755,0.004052860575072345,1
91,1,0.8,91,73,0.054945054945054944,0.03296703296703297,0.23076923076923078,0.1451792011613357,0.8397746655967826,0.6945954644354468,0.02898492970212799,0.0006554990323356803,0.023194827400008056,0.02898492970212799,0.07351452064855164,0.10348018043186616,0.009530562316494434,0.004034094333215293,0.008875063284158755,0.0033785953008796128,1
91,2,0.8,91,73,0.054945054945054944,0.04395604395604396,0.24175824175824176,0.1837678380744161,0.878363302509863,0.694595464435447,0.02898492970212799,0.0006554990323356803,0.023194827400008056,0.02898492970212799,0.07861748762092667,0.11117788597639773,0.009530562316494434,0.004708359607408025,0.008875063284158755,0.004052860575072345,1
91,3,0.8,91,73,0.054945054945054944,0.04395604395604396,0.24175824175824176,0.1837678380744161,0.878363302509863,0.694595464435447,0.02898492970212799,0.0006554990323356803,0.023194827400008056,0.02898492970212799,0.07861748762092667,0.11117788597639773,0.009530562316494434,0.004708359607408025,0.008875063284158755,0.004052860575072345,1
91,4,0.8,91,73,0.054945054945054944,0.04395604395604396,0.24175824175824176,0.1837678380744161,0.878363302509863,0.694595464435447,0.02898492970212799,0.0006554990323356803,0.023194827400008056,0.02898492970212799,0.07861748762092667,0.11117788597639773,0.009530562316494434,0.004708359607408025,0.008875063284158755,0.004052860575072345,1
91,0,0.95,91,87,0.054945054945054944,0.04395604395604396,0.08791208791208792,0.1837678380744161,0.3381223857267377,0.1543545476523216,0.02898492970212799,0.0006554990323356803,0.023194827400008056,0.02898492970212799,0.04133143852077293,0.05550366788980738,0.009530562316494434,0.0009816590397809736,0.008875063284158755,0.00032616000744529333,1
91,1,0.95,91,87,0.054945054945054944,0.054945054945054944,0.0989010989010989,0.22235647498749647,0.37671102263981804,0.15435454765232157,0.02898492970212799,0.0006554990323356803,0.023194827400008056,0.02898492970212799,0.04693075416646868,0.06377328108532969,0.009530562316494434,0.0013638806033041434,0.008875063284158755,0.0007083815709684632,1
91,2,0.95,91,87,0.054945054945054944,0.054945054945054944,0.0989010989010989,0.22235647498749647,0.37671102263981804,0.15435454765232157,0.02898492970212799,0.0006554990323356803,0.023194827400008056,0.02898492970212799,0.04693075416646868,0.06377328108532969,0.009530562316494434,0.0013638806033041434,0.008875063284158755,0.0007083815709684632,1
91,3,0.95,91,87,0.054945054945054944,0.04395604395604396,0.08791208791208792,0.1837678380744161,0.3381223857267377,0.1543545476523216,0.02898492970212799,0.0006554990323356803,0.023194827400008056,0.02898492970212799,0.04133143852077293,0.05550366788980738,0.009530562316494434,0.0009816590397809736,0.008875063284158755,0.00032616000744529333,1
91,4,0.95,91,87,0.054945054945054944,0.054945054945054944,0.0989010989010989,0.22235647498749647,0.37671102263981804,0.15435454765232157,0.02898492970212799,0.0006554990323356803,0.023194827400008056,0.02898492970212799,0.04693075416646868,0.06377328108532969,0.009530562316494434,0.0013638806033041434,0.008875063284158755,0.0007083815709684632,1
92,0,0.5,64,32,0.03125,0.015625,0.515625,0.08428150853288073,1.8400644880780381,1.7557829795451574,0.02898492970212799,0.00016064709719054303,0.023194827400008056,0.02898492970212799,0.13277393828519976,0.19410789052410066,0.00017410347011600333,0.06204016361000747,1.3456372925460303e-05,0.06187951651281693,0
92,1,0.5,64,32,0.03125,0.015625,0.515625,0.08428150853288073,1.8400644880780381,1.7557829795451574,0.02898492970212799,0.00016064709719054303,0.023194827400008056,0.02898492970212799,0.13277393828519976,0.19410789052410066,0.00017410347011600333,0.06204016361000747,1.3456372925460303e-05,0.06187951651281693,0
92,2,0.5,64,32,0.03125,0.015625,0.515625,0.08428150853288073,1.8400644880780381,1.7557829795451574,0.02898492970212799,0.00016064709719054303,0.023194827400008056,0.02898492970212799,0.13277393828519976,0.19410789052410066,0.00017410347011600333,0.06204016361000747,1.3456372925460303e-05,0.06187951651281693,0
92,3,0.5,64,32,0.03125,0.03125,0.53125,0.1391497266436669,1.8949327061888244,1.7557829795451574,0.02898492970212799,0.00016064709719054303,0.023194827400008056,0.02898492970212799,0.13941225752113895,0.20441037351865168,0.00017410347011600333,0.06795953297766344,1.3456372925460303e-05,0.06779888588047289,0
92,4,0.5,64,32,0.03125,0.0,0.5,0.029413290422094555,1.7851962699672521,1.7557829795451576,0.02898492970212799,0.00016064709719054303,0.023194827400008056,0.02898492970212799,0.12609350848783066,0.1837678580483093,0.00017410347011600333,0.056219525282457106,1.3456372925460303e-05,0.056058878185266565,0
92,0,0.8,64,52,0.03125,0.0,0.1875,0.029413290422094555,0.6878319077515286,0.6584186173294341,0.02898492970212799,0.00016064709719054303,0.023194827400008056,0.02898492970212799,0.05529512364422344,0.07619079012548452,0.00017410347011600333,0.006515272398281202,1.3456372925460303e-05,0.006354625301090659,0
92,1,0.8,64,52,0.03125,0.03125,0.21875,0.1391497266436669,0.797568343973101,0.6584186173294341,0.02898492970212799,0.00016064709719054303,0.023194827400008056,0.02898492970212799,0.07029455909062092,0.09863471997470258,0.00017410347011600333,0.014519593677568055,1.3456372925460303e-05,0.01435894658037751,0
92,2,0.8,64,52,0.03125,0.03125,0.21875,0.1391497266436669,0.797568343973101,0.6584186173294341,0.02898492970212799,0.00016064709719054303,0.023194827400008056,0.02898492970212799,0.07029455909062092,0.09863471997470258,0.00017410347011600333,0.014519593677568055,1.3456372925460303e-05,0.01435894658037751,0
92,3,0.8,64,52,0.03125,0.03125,0.21875,0.1391497266436669,0.797568343973101,0.6584186173294341,0.02898492970212799,0.00016064709719054303,0.023194827400008056,0.02898492970212799,0.07029455909062092,0.09863471997470258,0.00017410347011600333,0.014519593677568055,1.3456372925460303e-05,0.01435894658037751,0
92,4,0.8,64,52,0.03125,0.03125,0.21875,0.1391497266436669,0.797568343973101,0.6584186173294341,0.02898492970212799,0.00016064709719054303,0.023194827400008056,0.02898492970212799,0.07029455909062092,0.09863471997470258,0.00017410347011600333,0.014519593677568055,1.3456372925460303e-05,0.01435894658037751,0
92,0,0.95,64,61,0.03125,0.03125,0.078125,0.1391497266436669,0.3037543809760254,0.16460465433235852,0.02898492970212799,0.00016064709719054303,0.023194827400008056,0.02898492970212799,0.03546670899466508,0.04688168464868911,0.00017410347011600333,0.0006485532670189552,1.3456372925460303e-05,0.00048790616982841216,0
92,1,0.95,64,61,0.03125,0.03125,0.078125,0.1391497266436669,0.3037543809760254,0.16460465433235852,0.02898492970212799,0.00016064709719054303,0.023194827400008056,0.02898492970212799,0.03546670899466508,0.04688168464868911,0.00017410347011600333,0.0006485532670189552,1.3456372925460303e-05,0.00048790616982841216,0
92,2,0.95,64,61,0.03125,0.03125,0.078125,0.1391497266436669,0.3037543809760254,0.16460465433235852,0.02898492970212799,0.00016064709719054303,0.023194827400008056,0.02898492970212799,0.03546670899466508,0.04688168464868911,0.00017410347011600333,0.0006485532670189552,1.3456372925460303e-05,0.00048790616982841216,0
92,3,0.95,64,61,0.03125,0.03125,0.078125,0.1391497266436669,0.3037543809760254,0.16460465433235852,0.02898492970212799,0.00016064709719054303,0.023194827400008056,0.02898492970212799,0.03546670899466508,0.04688168464868911,0.00017410347011600333,0.0006485532670189552,1.3456372925460303e-05,0.00048790616982841216,0
92,4,0.95,64,61,0.03125,0.015625,0.0625,0.08428150853288073,0.24888616286523924,0.1646046543323585,0.02898492970212799,0.00016064709719054303,0.023194827400008056,0.02898492970212799,0.027040525233423873,0.034570859537197414,0.00017410347011600333,0.0002903795002309557,1.3456372925460303e-05,0.00012973240304041265,0
93,0,0.5,100,50,0.08,0.06,0.56,0.24010724796751345,1.995890227512671,1.7557829795451576,0.02898492970212799,0.0014805589054385849,0.023194827400008056,0.02898492970212799,0.1515336923819584,0.2232908750430988,0.031569195380732384,0.023365322179889847,0.0300886364752938,0.021884763274451262,1
93,1,0.5,100,50,0.08,0.04,0.54,0.16987592878570718,1.9256589083308646,1.7557829795451574,0.02898492970212799,0.0014805589054385849,0.023194827400008056,0.02898492970212799,0.1431132600996741,0.21016587358134936,0.031569195380732384,0.018853708608123854,0.0300886364752938,0.01737314970268527,1
93,2,0.5,100,50,0.08,0.05,0.55,0.20499158837661033,1.9607745679217679,1.7557829795451576,0.02898492970212799,0.0014805589054385849,0.023194827400008056,0.02898492970212799,0.14732988122170648,0.21673316812256926,0.031569195380732384,0.02106905150922722,0.0300886364752938,0.019588492603788636,1
93,3,0.5,100,50,0.08,0.04,0.54,0.16987592878570718,1.9256589083308646,1.7557829795451574,0.02898492970212799,0.0014805589054385849,0.023194827400008056,0.02898492970212799,0.1431132600996741,0.21016587358134936,0.031569195380732384,0.018853708608123854,0.0300886364752938,0.01737314970268527,1
93,4,0.5,100,50,0.08,0.03,0.53,0.134760269194804,1.8905432487399616,1.7557829795451576,0.02898492970212799,0.0014805589054385849,0.023194827400008056,0.02898492970212799,0.13888261758316622,0.20358739616638488,0.031569195380732384,0.016723217762395826,0.0300886364752938,0.01524265885695724,1
93,0,0.8,100,80,0.08,0.06,0.26,0.24010724796751345,0.9424204397855764,0.702313191818063,0.02898492970212799,0.0014805589054385849,0.023194827400008056,0.02898492970212799,0.08646951218880324,0.1230655035217668,0.031569195380732384,0.005847586294393527,0.0300886364752938,0.004367027388954942,1
93,1,0.8,100,80,0.08,0.08,0.28,0.3103385671493198,1.012651758967383,0.7023131918180632,0.02898492970212799,0.0014805589054385849,0.023194827400008056,0.02898492970212799,0.09548404849512176,0.13677434036374028,0.031569195380732384,0.007307522547116331,0.0300886364752938,0.005826963641677746,1
93,2,0.8,100,80,0.08,0.06,0.26,0.24010724796751345,0.9424204397855764,0.702313191818063,0.02898492970212799,0.0014805589054385849,0.023194827400008056,0.02898492970212799,0.08646951218880324,0.1230655035217668,0.031569195380732384,0.005847586294393527,0.0300886364752938,0.004367027388954942,1
93,3,0.8,100,80,0.08,0.07,0.27,0.2752229075584166,0.9775360993764796,0.702313191818063,0.02898492970212799,0.0014805589054385849,0.023194827400008056,0.02898492970212799,0.09099501786483893,0.12993969248525689,0.031569195380732384,0.006560192918925579,0.0300886364752938,0.005079634013486994,1
93,4,0.8,100,80,0.08,0.06,0.26,0.24010724796751345,0.9424204397855764,0.702313191818063,0.02898492970212799,0.0014805589054385849,0.023194827400008056,0.02898492970212799,0.08646951218880324,0.1230655035217668,0.031569195380732384,0.005847586294393527,0.0300886364752938,0.004367027388954942,1
93,0,0.95,100,95,0.08,0.07,0.12,0.2752229075584166,0.45080120551293235,0.17557829795451574,0.02898492970212799,0.0014805589054385849,0.023194827400008056,0.02898492970212799,0.05590753244394829,0.07710283650087894,0.031569195380732384,0.002107501535092165,0.0300886364752938,0.00062694262965358,1
93,1,0.95,100,95,0.08,0.08,0.13,0.3103385671493198,0.4859168651038355,0.17557829795451574,0.02898492970212799,0.0014805589054385849,0.023194827400008056,0.02898492970212799,0.060766872238306326,0.08435310207238413,0.031569195380732384,0.0025772753168605174,0.0300886364752938,0.0010967164114219325,1
93,2,0.95,100,95,0.08,0.08,0.13,0.3103385671493198,0.4859168651038355,0.17557829795451574,0.02898492970212799,0.0014805589054385849,0.023194827400008056,0.02898492970212799,0.060766872238306326,0.08435310207238413,0.031569195380732384,0.0025772753168605174,0.0300886364752938,0.0010967164114219325,1
93,3,0.95,100,95,0.08,0.08,0.13,0.3103385671493198,0.4859168651038355,0.17557829795451574,0.02898492970212799,0.0014805589054385849,0.023194827400008056,0.02898492970212799,0.060766872238306326,0.08435310207238413,0.031569195380732384,0.0025772753168605174,0.0300886364752938,0.0010967164114219325,1
93,4,0.95,100,95,0.08,0.08,0.13,0.3103385671493198,0.4859168651038355,0.17557829795451574,0.02898492970212799,0.0014805589054385849,0.023194827400008056,0.02898492970212799,0.060766872238306326,0.08435310207238413,0.031569195380732384,0.0025772753168605174,0.0300886364752938,0.0010967164114219325,1
94,0,0.5,78,39,0.05128205128205128,0.0,0.5,0.029413290422094555,1.7851962699672521,1.7557829795451576,0.02898492970212799,0.0005598084749300805,0.023194827400008056,0.02898492970212799,0.12609350848783066,0.1837678580483093,0.007220594219033344,0.0317883639720323,0.006660785744103263,0.031228555497102222,0
94,1,0.5,78,39,0.05128205128205128,0.038461538461538464,0.5384615384615384,0.16447351961787593,1.9202564991630333,1.7557829795451574,0.02898492970212799,0.0005598084749300805,0.023194827400008056,0.02898492970212799,0.14246333574931988,0.20915456880198968,0.007220594219033344,0.04346856046136108,0.006660785744103263,0.042908751986430994,0
94,2,0.5,78,39,0.05128205128205128,0.01282051282051282,0.5128205128205128,0.07443336682068834,1.8302163463658456,1.7557829795451574,0.02898492970212799,0.0005598084749300805,0.023194827400008056,0.02898492970212799,0.1315781438087976,0.19225495378642665,0.007220594219033344,0.03557783430129366,0.006660785744103263,0.035018025826363576,0
94,3,0.5,78,39,0.05128205128205128,0.01282051282051282,0.5128205128205128,0.07443336682068834,1.8302163463658456,1.7557829795451574,0.02898492970212799,0.0005598084749300805,0.023194827400008056,0.02898492970212799,0.1315781438087976,0.19225495378642665,0.007220594219033344,0.03557783430129366,0.006660785744103263,0.035018025826363576,0
94,4,0.5,78,39,0.05128205128205128,0.038461538461538464,0.5384615384615384,0.16447351961787593,1.9202564991630333,1.7557829795451574,0.02898492970212799,0.0005598084749300805,0.023194827400008056,0.02898492970212799,0.14246333574931988,0.20915456880198968,0.007220594219033344,0.04346856046136108,0.006660785744103263,0.042908751986430994,0
94,0,0.8,78,63,0.05128205128205128,0.038461538461538464,0.23076923076923078,0.16447351961787593,0.8397746655967826,0.6753011459789067,0.02898492970212799,0.0005598084749300805,0.023194827400008056,0.02898492970212799,0.07479574890210529,0.10541075506107828,0.007220594219033344,0.004455109723211476,0.006660785744103263,0.003895301248281395,1
94,1,0.8,78,63,0.05128205128205128,0.02564102564102564,0.21794871794871795,0.11945344321928211,0.7947545891981889,0.6753011459789068,0.02898492970212799,0.0005598084749300805,0.023194827400008056,0.02898492970212799,0.06878331760710053,0.09636379324228048,0.007220594219033344,0.0034554784288972555,0.006660785744103263,0.0028956699539671752,1
94,2,0.8,78,63,0.05128205128205128,0.05128205128205128,0.24358974358974358,0.20949359601646966,0.8847947419953763,0.6753011459789067,0.02898492970212799,0.0005598084749300805,0.023194827400008056,0.02898492970212799,0.0807270914024999,0.11436669418571638,0.007220594219033344,0.006643278234803318,0.006660785744103263,0.0060834697598732375,1
94,3,0.8,78,63,0.05128205128205128,0.05128205128205128,0.24358974358974358,0.20949359601646966,0.8847947419953763,0.6753011459789067,0.02898492970212799,0.0005598084749300805,0.023194827400008056,0.02898492970212799,0.0807270914024999,0.11436669418571638,0.007220594219033344,0.006643278234803318,0.006660785744103263,0.0060834697598732375,1
94,4,0.8,78,63,0.05128205128205128,0.038461538461538464,0.23076923076923078,0.16447351961787593,0.8397746655967826,0.6753011459789067,0.02898492970212799,0.0005598084749300805,0.023194827400008056,0.02898492970212799,0.07479574890210529,0.10541075506107828,0.007220594219033344,0.004455109723211476,0.006660785744103263,0.003895301248281395,1
94,0,0.95,78,75,0.05128205128205128,0.05128205128205128,0.08974358974358974,0.20949359601646966,0.34455382521225103,0.13506022919578137,0.02898492970212799,0.0005598084749300805,0.023194827400008056,0.02898492970212799,0.04367902478970807,0.058966448218039307,0.007220594219033344,0.0011342767107857703,0.006660785744103263,0.0005744682358556899,1
94,1,0.95,78,75,0.05128205128205128,0.05128205128205128,0.08974358974358974,0.20949359601646966,0.34455382521225103,0.13506022919578137,0.02898492970212799,0.0005598084749300805,0.023194827400008056,0.02898492970212799,0.04367902478970807,0.058966448218039307,0.007220594219033344,0.0011342767107857703,0.006660785744103263,0.0005744682358556899,1
94,2,0.95,78,75,0.05128205128205128,0.05128205128205128,0.08974358974358974,0.20949359601646966,0.34455382521225103,0.13506022919578137,0.02898492970212799,0.0005598084749300805,0.023194827400008056,0.02898492970212799,0.04367902478970807,0.058966448218039307,0.007220594219033344,0.0011342767107857703,0.006660785744103263,0.0005744682358556899,1
94,3,0.95,78,75,0.05128205128205128,0.05128205128205128,0.08974358974358974,0.20949359601646966,0.34455382521225103,0.13506022919578137,0.02898492970212799,0.0005598084749300805,0.023194827400008056,0.02898492970212799,0.04367902478970807,0.058966448218039307,0.007220594219033344,0.0011342767107857703,0.006660785744103263,0.0005744682358556899,1
94,4,0.95,78,75,0.05128205128205128,0.05128205128205128,0.08974358974358974,0.20949359601646966,0.34455382521225103,0.13506022919578137,0.02898492970212799,0.0005598084749300805,0.023194827400008056,0.02898492970212799,0.04367902478970807,0.058966448218039307,0.007220594219033344,0.0011342767107857703,0.006660785744103263,0.0005744682358556899,1
95,0,0.5,78,39,0.01282051282051282,0.01282051282051282,0.5128205128205128,0.07443336682068834,1.8302163463658456,1.7557829795451574,0.02898492970212799,3.1605280091994453e-06,0.023194827400008056,0.02898492970212799,0.1315781438087976,0.19225495378642665,0.0028281494921134215,0.09667774580002542,0.002824988964104222,0.09667458527201622,0
95,1,0.5,78,39,0.01282051282051282,0.0,0.5,0.029413290422094555,1.7851962699672521,1.7557829795451576,0.02898492970212799,3.1605280091994453e-06,0.023194827400008056,0.02898492970212799,0.12609350848783066,0.1837678580483093,0.0028281494921134215,0.09100854713091333,0.002824988964104222,0.09100538660290414,0
95,2,0.5,78,39,0.01282051282051282,0.0,0.5,0.029413290422094555,1.7851962699672521,1.7557829795451576,0.02898492970212799,3.1605280091994453e-06,0.023194827400008056,0.02898492970212799,0.12609350848783066,0.1837678580483093,0.0028281494921134215,0.09100854713091333,0.002824988964104222,0.09100538660290414,0
95,3,0.5,78,39,0.01282051282051282,0.01282051282051282,0.5128205128205128,0.07443336682068834,1.8302163463658456,1.7557829795451574,0.02898492970212799,3.1605280091994453e-06,0.023194827400008056,0.02898492970212799,0.1315781438087976,0.19225495378642665,0.0028281494921134215,0.09667774580002542,0.002824988964104222,0.09667458527201622,0
95,4,0.5,78,39,0.01282051282051282,0.0,0.5,0.029413290422094555,1.7851962699672521,1.7557829795451576,0.02898492970212799,3.1605280091994453e-06,0.023194827400008056,0.02898492970212799,0.12609350848783066,0.1837678580483093,0.0028281494921134215,0.09100854713091333,0.002824988964104222,0.09100538660290414,0
95,0,0.8,78,63,0.01282051282051282,0.01282051282051282,0.20512820512820512,0.07443336682068834,0.749734512799595,0.6753011459789067,0.02898492970212799,3.1605280091994453e-06,0.023194827400008056,0.02898492970212799,0.06267949267128352,0.08721315540892294,0.0028281494921134215,0.030816151626550353,0.002824988964104222,0.030812991098541152,0
95,1,0.8,78,63,0.01282051282051282,0.01282051282051282,0.20512820512820512,0.07443336682068834,0.749734512799595,0.6753011459789067,0.02898492970212799,3.1605280091994453e-06,0.023194827400008056,0.02898492970212799,0.06267949267128352,0.08721315540892294,0.0028281494921134215,0.030816151626550353,0.002824988964104222,0.030812991098541152,0
95,2,0.8,78,63,0.01282051282051282,0.01282051282051282,0.20512820512820512,0.07443336682068834,0.749734512799595,0.6753011459789067,0.02898492970212799,3.1605280091994453e-06,0.023194827400008056,0.02898492970212799,0.06267949267128352,0.08721315540892294,0.0028281494921134215,0.030816151626550353,0.002824988964104222,0.030812991098541152,0
95,3,0.8,78,63,0.01282051282051282,0.0,0.19230769230769232,0.029413290422094555,0.7047144364010013,0.6753011459789068,0.02898492970212799,3.1605280091994453e-06,0.023194827400008056,0.02898492970212799,0.05647181591367338,0.0779435488277011,0.0028281494921134215,0.02563690888749691,0.002824988964104222,0.02563374835948771,0
95,4,0.8,78,63,0.01282051282051282,0.01282051282051282,0.20512820512820512,0.07443336682068834,0.749734512799595,0.6753011459789067,0.02898492970212799,3.1605280091994453e-06,0.023194827400008056,0.02898492970212799,0.06267949267128352,0.08721315540892294,0.0028281494921134215,0.030816151626550353,0.002824988964104222,0.030812991098541152,0
95,0,0.95,78,75,0.01282051282051282,0.01282051282051282,0.05128205128205128,0.07443336682068834,0.20949359601646966,0.1350602291957813,0.02898492970212799,3.1605280091994453e-06,0.023194827400008056,0.02898492970212799,0.0231280134913718,0.028888074422966554,0.0028281494921134215,0.0027976117319891275,0.002824988964104222,0.002794451203979928,1
95,1,0.95,78,75,0.01282051282051282,0.01282051282051282,0.05128205128205128,0.07443336682068834,0.20949359601646966,0.1350602291957813,0.02898492970212799,3.1605280091994453e-06,0.023194827400008056,0.02898492970212799,0.0231280134913718,0.028888074422966554,0.0028281494921134215,0.0027976117319891275,0.002824988964104222,0.002794451203979928,1
95,2,0.95,78,75,0.01282051282051282,0.01282051282051282,0.05128205128205128,0.07443336682068834,0.20949359601646966,0.1350602291957813,0.02898492970212799,3.1605280091994453e-06,0.023194827400008056,0.02898492970212799,0.0231280134913718,0.028888074422966554,0.0028281494921134215,0.0027976117319891275,0.002824988964104222,0.002794451203979928,1
95,3,0.95,78,75,0.01282051282051282,0.01282051282051282,0.05128205128205128,0.07443336682068834,0.20949359601646966,0.1350602291957813,0.02898492970212799,3.1605280091994453e-06,0.023194827400008056,0.02898492970212799,0.0231280134913718,0.028888074422966554,0.0028281494921134215,0.0027976117319891275,0.002824988964104222,0.002794451203979928,1
95,4,0.95,78,75,0.01282051282051282,0.01282051282051282,0.05128205128205128,0.07443336682068834,0.20949359601646966,0.1350602291957813,0.02898492970212799,3.1605280091994453e-06,0.023194827400008056,0.02898492970212799,0.0231280134913718,0.028888074422966554,0.0028281494921134215,0.0027976117319891275,0.002824988964104222,0.002794451203979928,1
96,0,0.5,69,35,0.014492753623188406,0.014492753623188406,0.5072463768115942,0.08030555069876578,1.8106424001055876,1.7303368494068219,0.02898492970212799,7.916420918283291e-06,0.023194827400008056,0.02898492970212799,0.13074547082179594,0.19096522032229699,0.001925061557935842,0.09182304626871118,0.0019171451370175588,0.0918151298477929,0
96,1,0.5,69,35,0.014492753623188406,0.014492753623188406,0.5072463768115942,0.08030555069876578,1.8106424001055876,1.7303368494068219,0.02898492970212799,7.916420918283291e-06,0.023194827400008056,0.02898492970212799,0.13074547082179594,0.19096522032229699,0.001925061557935842,0.09182304626871118,0.0019171451370175588,0.0918151298477929,0
96,2,0.5,69,35,0.014492753623188406,0.0,0.4927536231884058,0.029413290422094555,1.7597501398289166,1.730336849406822,0.02898492970212799,7.916420918283291e-06,0.023194827400008056,0.02898492970212799,0.1245378215359782,0.18136405040459672,0.001925061557935842,0.08551517780352313,0.0019171451370175588,0.08550726138260485,0
96,3,0.5,69,35,0.014492753623188406,0.014492753623188406,0.5072463768115942,0.08030555069876578,1.8106424001055876,1.7303368494068219,0.02898492970212799,7.916420918283291e-06,0.023194827400008056,0.02898492970212799,0.13074547082179594,0.19096522032229699,0.001925061557935842,0.09182304626871118,0.0019171451370175588,0.0918151298477929,0
96,4,0.5,69,35,0.014492753623188406,0.014492753623188406,0.5072463768115942,0.08030555069876578,1.8106424001055876,1.7303368494068219,0.02898492970212799,7.916420918283291e-06,0.023194827400008056,0.02898492970212799,0.13074547082179594,0.19096522032229699,0.001925061557935842,0.09182304626871118,0.0019171451370175588,0.0918151298477929,0
96,0,0.8,69,56,0.014492753623188406,0.014492753623188406,0.2028985507246377,0.08030555069876578,0.7419049342954919,0.6615993835967261,0.02898492970212799,7.916420918283291e-06,0.023194827400008056,0.02898492970212799,0.06254569727899477,0.08701296840991522,0.001925061557935842,0.02807198640310965,0.0019171451370175588,0.028064069982191367,0
96,1,0.8,69,56,0.014492753623188406,0.014492753623188406,0.2028985507246377,0.08030555069876578,0.7419049342954919,0.6615993835967261,0.02898492970212799,7.916420918283291e-06,0.023194827400008056,0.02898492970212799,0.06254569727899477,0.08701296840991522,0.001925061557935842,0.02807198640310965,0.0019171451370175588,0.028064069982191367,0
96,2,0.8,69,56,0.014492753623188406,0.014492753623188406,0.2028985507246377,0.08030555069876578,0.7419049342954919,0.6615993835967261,0.02898492970212799,7.916420918283291e-06,0.023194827400008056,0.02898492970212799,0.06254569727899477,0.08701296840991522,0.001925061557935842,0.02807198640310965,0.0019171451370175588,0.028064069982191367,0
96,3,0.8,69,56,0.014492753623188406,0.0,0.18840579710144928,0.029413290422094555,0.6910126740188206,0.6615993835967261,0.02898492970212799,7.916420918283291e-06,0.023194827400008056,0.02898492970212799,0.05551714423218519,0.07652139605947576,0.001925061557935842,0.022438335038887924,0.0019171451370175588,0.02243041861796964,0
96,4,0.8,69,56,0.014492753623188406,0.014492753623188406,0.2028985507246377,0.08030555069876578,0.7419049342954919,0.6615993835967261,0.02898492970212799,7.916420918283291e-06,0.023194827400008056,0.02898492970212799,0.06254569727899477,0.08701296840991522,0.001925061557935842,0.02807198640310965,0.0019171451370175588,0.028064069982191367,0
96,0,0.95,69,66,0.014492753623188406,0.014492753623188406,0.057971014492753624,0.08030555069876578,0.23298233152877948,0.15267678083001368,0.02898492970212799,7.916420918283291e-06,0.023194827400008056,0.02898492970212799,0.02547217021808324,0.03229020058397756,0.001925061557935842,0.0028680244473101996,0.0019171451370175588,0.002860108026391916,0
96,1,0.95,69,66,0.014492753623188406,0.014492753623188406,0.057971014492753624,0.08030555069876578,0.23298233152877948,0.15267678083001368,0.02898492970212799,7.916420918283291e-06,0.023194827400008056,0.02898492970212799,0.02547217021808324,0.03229020058397756,0.001925061557935842,0.0028680244473101996,0.0019171451370175588,0.002860108026391916,0
96,2,0.95,69,66,0.014492753623188406,0.014492753623188406,0.057971014492753624,0.08030555069876578,0.23298233152877948,0.15267678083001368,0.02898492970212799,7.916420918283291e-06,0.023194827400008056,0.02898492970212799,0.02547217021808324,0.03229020058397756,0.001925061557935842,0.0028680244473101996,0.0019171451370175588,0.002860108026391916,0
96,3,0.95,69,66,0.014492753623188406,0.014492753623188406,0.057971014492753624,0.08030555069876578,0.23298233152877948,0.15267678083001368,0.02898492970212799,7.916420918283291e-06,0.023194827400008056,0.02898492970212799,0.02547217021808324,0.03229020058397756,0.001925061557935842,0.0028680244473101996,0.0019171451370175588,0.002860108026391916,0
96,4,0.95,69,66,0.014492753623188406,0.014492753623188406,0.057971014492753624,0.08030555069876578,0.23298233152877948,0.15267678083001368,0.02898492970212799,7.916420918283291e-06,0.023194827400008056,0.02898492970212799,0.02547217021808324,0.03229020058397756,0.001925061557935842,0.0028680244473101996,0.0019171451370175588,0.002860108026391916,0
97,0,0.5,80,40,0.05,0.025,0.525,0.11720243939935243,1.8729854189445099,1.7557829795451574,0.02898492970212799,0.0005279042207651565,0.023194827400008056,0.02898492970212799,0.13676164365809818,0.20029344740197358,0.006476345030737768,0.04067175085958091,0.005948440809972612,0.040143846638815754,0
97,1,0.5,80,40,0.05,0.025,0.525,0.11720243939935243,1.8729854189445099,1.7557829795451574,0.02898492970212799,0.0005279042207651565,0.023194827400008056,0.02898492970212799,0.13676164365809818,0.20029344740197358,0.006476345030737768,0.04067175085958091,0.005948440809972612,0.040143846638815754,0
97,2,0.5,80,40,0.05,0.0125,0.5125,0.0733078649107235,1.8290908444558809,1.7557829795451574,0.02898492970212799,0.0005279042207651565,0.023194827400008056,0.02898492970212799,0.13144139388149642,0.19204311084770365,0.006476345030737768,0.03681867176948206,0.005948440809972612,0.0362907675487169,0
97,3,0.5,80,40,0.05,0.025,0.525,0.11720243939935243,1.8729854189445099,1.7557829795451574,0.02898492970212799,0.0005279042207651565,0.023194827400008056,0.02898492970212799,0.13676164365809818,0.20029344740197358,0.006476345030737768,0.04067175085958091,0.005948440809972612,0.040143846638815754,0
97,4,0.5,80,40,0.05,0.025,0.525,0.11720243939935243,1.8729854189445099,1.7557829795451574,0.02898492970212799,0.0005279042207651565,0.023194827400008056,0.02898492970212799,0.13676164365809818,0.20029344740197358,0.006476345030737768,0.04067175085958091,0.005948440809972612,0.040143846638815754,0
97,0,0.8,80,64,0.05,0.0375,0.2375,0.16109701388798137,0.8634102057060443,0.702313191818063,0.02898492970212799,0.0005279042207651565,0.023194827400008056,0.02898492970212799,0.07613703910882884,0.10743336978498465,0.006476345030737768,0.0054777300765475045,0.005948440809972612,0.004949825855782348,1
97,1,0.8,80,64,0.05,0.0375,0.2375,0.16109701388798137,0.8634102057060443,0.702313191818063,0.02898492970212799,0.0005279042207651565,0.023194827400008056,0.02898492970212799,0.07613703910882884,0.10743336978498465,0.006476345030737768,0.0054777300765475045,0.005948440809972612,0.004949825855782348,1
97,2,0.8,80,64,0.05,0.0375,0.2375,0.16109701388798137,0.8634102057060443,0.702313191818063,0.02898492970212799,0.0005279042207651565,0.023194827400008056,0.02898492970212799,0.07613703910882884,0.10743336978498465,0.006476345030737768,0.0054777300765475045,0.005948440809972612,0.004949825855782348,1
97,3,0.8,80,64,0.05,0.05,0.25,0.20499158837661033,0.9073047801946733,0.702313191818063,0.02898492970212799,0.0005279042207651565,0.023194827400008056,0.02898492970212799,0.08190441753191403,0.1161479280881162,0.006476345030737768,0.007775959000960619,0.005948440809972612,0.007248054780195463,0
97,4,0.8,80,64,0.05,0.025,0.225,0.11720243939935243,0.8195156312174154,0.702313191818063,0.02898492970212799,0.0005279042207651565,0.023194827400008056,0.02898492970212799,0.07029455909062078,0.09863471997470259,0.006476345030737768,0.003635433855932361,0.005948440809972612,0.0031075296351672044,1
97,0,0.95,80,76,0.05,0.05,0.1,0.20499158837661033,0.3805698863311261,0.17557829795451577,0.02898492970212799,0.0005279042207651565,0.023194827400008056,0.02898492970212799,0.045959331686143995,0.06233604102906609,0.006476345030737768,0.0012930735353141195,0.005948440809972612,0.0007651693145489629,1
97,1,0.95,80,76,0.05,0.05,0.1,0.20499158837661033,0.3805698863311261,0.17557829795451577,0.02898492970212799,0.0005279042207651565,0.023194827400008056,0.02898492970212799,0.045959331686143995,0.06233604102906609,0.006476345030737768,0.0012930735353141195,0.005948440809972612,0.0007651693145489629,1
97,2,0.95,80,76,0.05,0.05,0.1,0.20499158837661033,0.3805698863311261,0.17557829795451577,0.02898492970212799,0.0005279042207651565,0.023194827400008056,0.02898492970212799,0.045959331686143995,0.06233604102906609,0.006476345030737768,0.0012930735353141195,0.005948440809972612,0.0007651693145489629,1
97,3,0.95,80,76,0.05,0.05,0.1,0.20499158837661033,0.3805698863311261,0.17557829795451577,0.02898492970212799,0.0005279042207651565,0.023194827400008056,0.02898492970212799,0.045959331686143995,0.06233604102906609,0.006476345030737768,0.0012930735353141195,0.005948440809972612,0.0007651693145489629,1
97,4,0.95,80,76,0.05,0.05,0.1,0.20499158837661033,0.3805698863311261,0.17557829795451577,0.02898492970212799,0.0005279042207651565,0.023194827400008056,0.02898492970212799,0.045959331686143995,0.06233604102906609,0.006476345030737768,0.0012930735353141195,0.005948440809972612,0.0007651693145489629,1
98,0,0.5,82,41,0.07317073170731707,0.036585365853658534,0.5365853658536586,0.15788521575466705,1.9136681952998247,1.7557829795451576,0.02898492970212799,0.0012272464112979332,0.023194827400008056,0.02898492970212799,0.14167028951474092,0.20792090362003648,0.024592658178224147,0.022818530298789497,0.023365411766926213,0.021591283887491562,1
98,1,0.5,82,41,0.07317073170731707,0.04878048780487805,0.5487804878048781,0.20070919086552455,1.9564921704106821,1.7557829795451576,0.02898492970212799,0.0012272464112979332,0.023194827400008056,0.02898492970212799,0.14681636870800527,0.2159328232235447,0.024592658178224147,0.02578127677958547,0.023365411766926213,0.024554030368287537,0
98,2,0.5,82,41,0.07317073170731707,0.04878048780487805,0.5487804878048781,0.20070919086552455,1.9564921704106821,1.7557829795451576,0.02898492970212799,0.0012272464112979332,0.023194827400008056,0.02898492970212799,0.14681636870800527,0.2159328232235447,0.024592658178224147,0.02578127677958547,0.023365411766926213,0.024554030368287537,0
98,3,0.5,82,41,0.07317073170731707,0.024390243902439025,0.524390243902439,0.11506124064380956,1.8708442201889672,1.7557829795451576,0.02898492970212799,0.0012272464112979332,0.023194827400008056,0.02898492970212799,0.13650271889332935,0.19989151639953115,0.024592658178224147,0.019974160534435403,0.023365411766926213,0.01874691412313747,1
98,4,0.5,82,41,0.07317073170731707,0.04878048780487805,0.5487804878048781,0.20070919086552455,1.9564921704106821,1.7557829795451576,0.02898492970212799,0.0012272464112979332,0.023194827400008056,0.02898492970212799,0.14681636870800527,0.2159328232235447,0.024592658178224147,0.02578127677958547,0.023365411766926213,0.024554030368287537,0
98,0,0.8,82,66,0.07317073170731707,0.04878048780487805,0.24390243902439024,0.20070919086552455,0.8858927926392446,0.6851836017737201,0.02898492970212799,0.0012272464112979332,0.023194827400008056,0.02898492970212799,0.08022369720259111,0.11360543886325797,0.024592658178224147,0.004931367648801203,0.023365411766926213,0.0037041212375032695,1
98,1,0.8,82,66,0.07317073170731707,0.024390243902439025,0.21951219512195122,0.11506124064380956,0.8002448424175295,0.68518360177372,0.02898492970212799,0.0012272464112979332,0.023194827400008056,0.02898492970212799,0.068857167565582,0.09647471845018095,0.024592658178224147,0.0034641661738429967,0.023365411766926213,0.0022369197625450635,1
98,2,0.8,82,66,0.07317073170731707,0.04878048780487805,0.24390243902439024,0.20070919086552455,0.8858927926392446,0.6851836017737201,0.02898492970212799,0.0012272464112979332,0.023194827400008056,0.02898492970212799,0.08022369720259111,0.11360543886325797,0.024592658178224147,0.004931367648801203,0.023365411766926213,0.0037041212375032695,1
98,3,0.8,82,66,0.07317073170731707,0.04878048780487805,0.24390243902439024,0.20070919086552455,0.8858927926392446,0.6851836017737201,0.02898492970212799,0.0012272464112979332,0.023194827400008056,0.02898492970212799,0.08022369720259111,0.11360543886325797,0.024592658178224147,0.004931367648801203,0.023365411766926213,0.0037041212375032695,1
98,4,0.8,82,66,0.07317073170731707,0.04878048780487805,0.24390243902439024,0.20070919086552455,0.8858927926392446,0.6851836017737201,0.02898492970212799,0.0012272464112979332,0.023194827400008056,0.02898492970212799,0.08022369720259111,0.11360543886325797,0.024592658178224147,0.004931367648801203,0.023365411766926213,0.0037041212375032695,1
98,0,0.95,82,78,0.07317073170731707,0.07317073170731707,0.12195121951219512,0.28635714108723953,0.45765304153066955,0.17129590044343002,0.02898492970212799,0.0012272464112979332,0.023194827400008056,0.02898492970212799,0.057158664023810306,0.07896730215631426,0.024592658178224147,0.0022239395925106203,0.023365411766926213,0.000996693181212687,1
98,1,0.95,82,78,0.07317073170731707,0.07317073170731707,0.12195121951219512,0.28635714108723953,0.45765304153066955,0.17129590044343002,0.02898492970212799,0.0012272464112979332,0.023194827400008056,0.02898492970212799,0.057158664023810306,0.07896730215631426,0.024592658178224147,0.0022239395925106203,0.023365411766926213,0.000996693181212687,1
98,2,0.95,82,78,0.07317073170731707,0.07317073170731707,0.12195121951219512,0.28635714108723953,0.45765304153066955,0.17129590044343002,0.02898492970212799,0.0012272464112979332,0.023194827400008056,0.02898492970212799,0.057158664023810306,0.07896730215631426,0.024592658178224147,0.0022239395925106203,0.023365411766926213,0.000996693181212687,1
98,3,0.95,82,78,0.07317073170731707,0.07317073170731707,0.12195121951219512,0.28635714108723953,0.45765304153066955,0.17129590044343002,0.02898492970212799,0.0012272464112979332,0.023194827400008056,0.02898492970212799,0.057158664023810306,0.07896730215631426,0.024592658178224147,0.0022239395925106203,0.023365411766926213,0.000996693181212687,1
98,4,0.95,82,78,0.07317073170731707,0.06097560975609756,0.10975609756097561,0.24353316597638205,0.41482906641981204,0.17129590044343,0.02898492970212799,0.0012272464112979332,0.023194827400008056,0.02898492970212799,0.05115662259073056,0.07003758399319127,0.024592658178224147,0.001693867583075833,0.023365411766926213,0.0004666211717778998,1
99,0,0.5,78,39,0.08974358974358974,0.02564102564102564,0.5256410256410257,0.11945344321928211,1.8752364227644396,1.7557829795451574,0.02898492970212799,0.0018770003212073892,0.023194827400008056,0.02898492970212799,0.13703378269319866,0.20071593534873142,0.04260964356523095,0.016137581945342816,0.04073264324402356,0.014260581624135427,1
99,1,0.5,78,39,0.08974358974358974,0.038461538461538464,0.5384615384615384,0.16447351961787593,1.9202564991630333,1.7557829795451574,0.02898492970212799,0.0018770003212073892,0.023194827400008056,0.02898492970212799,0.14246333574931988,0.20915456880198968,0.04260964356523095,0.017546535317837043,0.04073264324402356,0.015669534996629653,1
99,2,0.5,78,39,0.08974358974358974,0.02564102564102564,0.5256410256410257,0.11945344321928211,1.8752364227644396,1.7557829795451574,0.02898492970212799,0.0018770003212073892,0.023194827400008056,0.02898492970212799,0.13703378269319866,0.20071593534873142,0.04260964356523095,0.016137581945342816,0.04073264324402356,0.014260581624135427,1
99,3,0.5,78,39,0.08974358974358974,0.038461538461538464,0.5384615384615384,0.16447351961787593,1.9202564991630333,1.7557829795451574,0.02898492970212799,0.0018770003212073892,0.023194827400008056,0.02898492970212799,0.14246333574931988,0.20915456880198968,0.04260964356523095,0.017546535317837043,0.04073264324402356,0.015669534996629653,1
99,4,0.5,78,39,0.08974358974358974,0.0641025641025641,0.5641025641025641,0.25451367241506345,2.010296651960221,1.7557829795451574,0.02898492970212799,0.0018770003212073892,0.023194827400008056,0.02898492970212799,0.15325489809347478,0.2259788018336152,0.04260964356523095,0.020521965827771844,0.04073264324402356,0.018644965506564453,1
99,0,0.8,78,63,0.08974358974358974,0.0641025641025641,0.2564102564102564,0.25451367241506345,0.9298148183939701,0.6753011459789067,0.02898492970212799,0.0018770003212073892,0.023194827400008056,0.02898492970212799,0.0865860313232562,0.12324228947084787,0.04260964356523095,0.0058654201938467794,0.04073264324402356,0.00398841987263939,1
99,1,0.8,78,63,0.08974358974358974,0.07692307692307693,0.2692307692307692,0.2995337488136573,0.9748348947925639,0.6753011459789067,0.02898492970212799,0.0018770003212073892,0.023194827400008056,0.02898492970212799,0.09238000704587555,0.13204670443450078,0.04260964356523095,0.006786465560878507,0.04073264324402356,0.004909465239671118,1
99,2,0.8,78,63,0.08974358974358974,0.0641025641025641,0.2564102564102564,0.25451367241506345,0.9298148183939701,0.6753011459789067,0.02898492970212799,0.0018770003212073892,0.023194827400008056,0.02898492970212799,0.0865860313232562,0.12324228947084787,0.04260964356523095,0.0058654201938467794,0.04073264324402356,0.00398841987263939,1
99,3,0.8,78,63,0.08974358974358974,0.07692307692307693,0.2692307692307692,0.2995337488136573,0.9748348947925639,0.6753011459789067,0.02898492970212799,0.0018770003212073892,0.023194827400008056,0.02898492970212799,0.09238000704587555,0.13204670443450078,0.04260964356523095,0.006786465560878507,0.04073264324402356,0.004909465239671118,1
99,4,0.8,78,63,0.08974358974358974,0.08974358974358974,0.28205128205128205,0.34455382521225103,1.0198549711911578,0.6753011459789067,0.02898492970212799,0.0018770003212073892,0.023194827400008056,0.02898492970212799,0.09811547486771945,0.1407879151295303,0.04260964356523095,0.0077643369111636985,0.04073264324402356,0.0058873365899563095,1
99,0,0.95,78,75,0.08974358974358974,0.08974358974358974,0.1282051282051282,0.34455382521225103,0.47961405440803234,0.1350602291957813,0.02898492970212799,0.0018770003212073892,0.023194827400008056,0.02898492970212799,0.06267949267128352,0.08721315540892294,0.04260964356523095,0.0027751289481038137,0.04073264324402356,0.0008981286268964245,1
99,1,0.95,78,75,0.08974358974358974,0.07692307692307693,0.11538461538461539,0.2995337488136573,0.4345939780094386,0.1350602291957813,0.02898492970212799,0.0018770003212073892,0.023194827400008056,0.02898492970212799,0.056471815913673465,0.07794354882770103,0.04260964356523095,0.002159629674314354,0.04073264324402356,0.00028262935310696484,1
99,2,0.95,78,75,0.08974358974358974,0.08974358974358974,0.1282051282051282,0.34455382521225103,0.47961405440803234,0.1350602291957813,0.02898492970212799,0.0018770003212073892,0.023194827400008056,0.02898492970212799,0.06267949267128352,0.08721315540892294,0.04260964356523095,0.0027751289481038137,0.04073264324402356,0.0008981286268964245,1
99,3,0.95,78,75,0.08974358974358974,0.07692307692307693,0.11538461538461539,0.2995337488136573,0.4345939780094386,0.1350602291957813,0.02898492970212799,0.0018770003212073892,0.023194827400008056,0.02898492970212799,0.056471815913673465,0.07794354882770103,0.04260964356523095,0.002159629674314354,0.04073264324402356,0.00028262935310696484,1
99,4,0.95,78,75,0.08974358974358974,0.07692307692307693,0.11538461538461539,0.2995337488136573,0.4345939780094386,0.1350602291957813,0.02898492970212799,0.0018770003212073892,0.023194827400008056,0.02898492970212799,0.056471815913673465,0.07794354882770103,0.04260964356523095,0.002159629674314354,0.04073264324402356,0.00028262935310696484,1
100,0,0.5,73,37,0.0410958904109589,0.0136986301369863,0.5068493150684932,0.07751693369730435,1.809248091604857,1.7317311579075527,0.02898492970212799,0.0003297292129138747,0.023194827400008056,0.02898492970212799,0.13049113395156156,0.19057136315259268,0.0023127764891884284,0.046358725791333655,0.0019830472762745535,0.04602899657841978,0
100,1,0.5,73,37,0.0410958904109589,0.0136986301369863,0.5068493150684932,0.07751693369730435,1.809248091604857,1.7317311579075527,0.02898492970212799,0.0003297292129138747,0.023194827400008056,0.02898492970212799,0.13049113395156156,0.19057136315259268,0.0023127764891884284,0.046358725791333655,0.0019830472762745535,0.04602899657841978,0
100,2,0.5,73,37,0.0410958904109589,0.0136986301369863,0.5068493150684932,0.07751693369730435,1.809248091604857,1.7317311579075527,0.02898492970212799,0.0003297292129138747,0.023194827400008056,0.02898492970212799,0.13049113395156156,0.19057136315259268,0.0023127764891884284,0.046358725791333655,0.0019830472762745535,0.04602899657841978,0
100,3,0.5,73,37,0.0410958904109589,0.0273972602739726,0.5205479452054794,0.12562057697251414,1.8573517348800668,1.7317311579075527,0.02898492970212799,0.0003297292129138747,0.023194827400008056,0.02898492970212799,0.136325338795331,0.19961619160354221,0.0023127764891884284,0.05101694394653289,0.0019830472762745535,0.050687214733619014,0
100,4,0.5,73,37,0.0410958904109589,0.0410958904109589,0.5342465753424658,0.17372422024772394,1.9054553781552765,1.7317311579075527,0.02898492970212799,0.0003297292129138747,0.023194827400008056,0.02898492970212799,0.1421293400434343,0.2086349581311591,0.0023127764891884284,0.055769226785816306,0.0019830472762745535,0.05543949757290243,0
100,0,0.8,73,59,0.0410958904109589,0.0410958904109589,0.2328767123287671,0.17372422024772394,0.847175226100661,0.673451005852937,0.02898492970212799,0.0003297292129138747,0.023194827400008056,0.02898492970212799,0.07589847445588967,0.1070735089930163,0.0023127764891884284,0.01023800404669803,0.0019830472762745535,0.009908274833784154,0
100,1,0.8,73,59,0.0410958904109589,0.0410958904109589,0.2328767123287671,0.17372422024772394,0.847175226100661,0.673451005852937,0.02898492970212799,0.0003297292129138747,0.023194827400008056,0.02898492970212799,0.07589847445588967,0.1070735089930163,0.0023127764891884284,0.01023800404669803,0.0019830472762745535,0.009908274833784154,0
100,2,0.8,73,59,0.0410958904109589,0.0273972602739726,0.2191780821917808,0.12562057697251414,0.7990715828254512,0.673451005852937,0.02898492970212799,0.0003297292129138747,0.023194827400008056,0.02898492970212799,0.06948788227628283,0.09742227672212285,0.0023127764891884284,0.0072354234243195426,0.0019830472762745535,0.006905694211405668,0
100,3,0.8,73,59,0.0410958904109589,0.0136986301369863,0.2054794520547945,0.07751693369730435,0.7509679395502414,0.673451005852937,0.02898492970212799,0.0003297292129138747,0.023194827400008056,0.02898492970212799,0.06297440277629004,0.08765446572403032,0.0023127764891884284,0.004591410211416597,0.0019830472762745535,0.004261680998502722,0
100,4,0.8,73,59,0.0410958904109589,0.0410958904109589,0.2328767123287671,0.17372422024772394,0.847175226100661,0.673451005852937,0.02898492970212799,0.0003297292129138747,0.023194827400008056,0.02898492970212799,0.07589847445588967,0.1070735089930163,0.0023127764891884284,0.01023800404669803,0.0019830472762745535,0.009908274833784154,0
100,0,0.95,73,70,0.0410958904109589,0.0410958904109589,0.0821917808219178,0.17372422024772394,0.3180351500733533,0.14431092982562937,0.02898492970212799,0.0003297292129138747,0.023194827400008056,0.02898492970212799,0.039111494277717936,0.05223512631439539,0.0023127764891884284,0.000847479099081604,0.0019830472762745535,0.0005177498861677293,1
100,1,0.95,73,70,0.0410958904109589,0.0410958904109589,0.0821917808219178,0.17372422024772394,0.3180351500733533,0.14431092982562937,0.02898492970212799,0.0003297292129138747,0.023194827400008056,0.02898492970212799,0.039111494277717936,0.05223512631439539,0.0023127764891884284,0.000847479099081604,0.0019830472762745535,0.0005177498861677293,1
100,2,0.95,73,70,0.0410958904109589,0.0410958904109589,0.0821917808219178,0.17372422024772394,0.3180351500733533,0.14431092982562937,0.02898492970212799,0.0003297292129138747,0.023194827400008056,0.02898492970212799,0.039111494277717936,0.05223512631439539,0.0023127764891884284,0.000847479099081604,0.0019830472762745535,0.0005177498861677293,1
100,3,0.95,73,70,0.0410958904109589,0.0273972602739726,0.0684931506849315,0.12562057697251414,0.26993150679814354,0.1443109298256294,0.02898492970212799,0.0003297292129138747,0.023194827400008056,0.02898492970212799,0.031874923576210544,0.04162247401767648,0.0023127764891884284,0.0004785122814650518,0.0019830472762745535,0.0001487830685511771,1
100,4,0.95,73,70,0.0410958904109589,0.0410958904109589,0.0821917808219178,0.17372422024772394,0.3180351500733533,0.14431092982562937,0.02898492970212799,0.0003297292129138747,0.023194827400008056,0.02898492970212799,0.039111494277717936,0.05223512631439539,0.0023127764891884284,0.000847479099081604,0.0019830472762745535,0.0005177498861677293,1
101,0,0.5,72,36,0.05555555555555555,0.027777777777777776,0.5277777777777778,0.1269567892857144,1.8827397688308718,1.7557829795451574,0.02898492970212799,0.0006720933824184099,0.023194827400008056,0.02898492970212799,0.13794044406791756,0.20212382787765248,0.0099411329729292,0.03567745019824492,0.009269039590510791,0.03500535681582651,0
101,1,0.5,72,36,0.05555555555555555,0.027777777777777776,0.5277777777777778,0.1269567892857144,1.8827397688308718,1.7557829795451574,0.02898492970212799,0.0006720933824184099,0.023194827400008056,0.02898492970212799,0.13794044406791756,0.20212382787765248,0.0099411329729292,0.03567745019824492,0.009269039590510791,0.03500535681582651,0
101,2,0.5,72,36,0.05555555555555555,0.027777777777777776,0.5277777777777778,0.1269567892857144,1.8827397688308718,1.7557829795451574,0.02898492970212799,0.0006720933824184099,0.023194827400008056,0.02898492970212799,0.13794044406791756,0.20212382787765248,0.0099411329729292,0.03567745019824492,0.009269039590510791,0.03500535681582651,0
101,3,0.5,72,36,0.05555555555555555,0.013888888888888888,0.5138888888888888,0.07818503985390449,1.8339680193990617,1.7557829795451572,0.02898492970212799,0.0006720933824184099,0.023194827400008056,0.02898492970212799,0.13203384636086096,0.1929609794756943,0.0099411329729292,0.03165976001192239,0.009269039590510791,0.030987666629503977,0
101,4,0.5,72,36,0.05555555555555555,0.013888888888888888,0.5138888888888888,0.07818503985390449,1.8339680193990617,1.7557829795451572,0.02898492970212799,0.0006720933824184099,0.023194827400008056,0.02898492970212799,0.13203384636086096,0.1929609794756943,0.0099411329729292,0.03165976001192239,0.009269039590510791,0.030987666629503977,0
101,0,0.8,72,58,0.05555555555555555,0.041666666666666664,0.2361111111111111,0.17572853871752434,0.8585330307628634,0.682804492045339,0.02898492970212799,0.0006720933824184099,0.023194827400008056,0.02898492970212799,0.07678141479195143,0.10840561885558973,0.0099411329729292,0.00445975736161467,0.009269039590510791,0.00378766397919626,1
101,1,0.8,72,58,0.05555555555555555,0.041666666666666664,0.2361111111111111,0.17572853871752434,0.8585330307628634,0.682804492045339,0.02898492970212799,0.0006720933824184099,0.023194827400008056,0.02898492970212799,0.07678141479195143,0.10840561885558973,0.0099411329729292,0.00445975736161467,0.009269039590510791,0.00378766397919626,1
101,2,0.8,72,58,0.05555555555555555,0.05555555555555555,0.25,0.22450028814933426,0.9073047801946733,0.6828044920453391,0.02898492970212799,0.0006720933824184099,0.023194827400008056,0.02898492970212799,0.08317666338927249,0.11807406669245586,0.0099411329729292,0.00561176706652336,0.009269039590510791,0.00493967368410495,1
101,3,0.8,72,58,0.05555555555555555,0.041666666666666664,0.2361111111111111,0.17572853871752434,0.8585330307628634,0.682804492045339,0.02898492970212799,0.0006720933824184099,0.023194827400008056,0.02898492970212799,0.07678141479195143,0.10840561885558973,0.0099411329729292,0.00445975736161467,0.009269039590510791,0.00378766397919626,1
101,4,0.8,72,58,0.05555555555555555,0.041666666666666664,0.2361111111111111,0.17572853871752434,0.8585330307628634,0.682804492045339,0.02898492970212799,0.0006720933824184099,0.023194827400008056,0.02898492970212799,0.07678141479195143,0.10840561885558973,0.0099411329729292,0.00445975736161467,0.009269039590510791,0.00378766397919626,1
101,0,0.95,72,69,0.05555555555555555,0.041666666666666664,0.08333333333333333,0.17572853871752434,0.3220437870129541,0.14631524829542977,0.02898492970212799,0.0006720933824184099,0.023194827400008056,0.02898492970212799,0.03955614131339757,0.05288933238094107,0.0099411329729292,0.0008735654893375264,0.009269039590510791,0.00020147210691911653,1
101,1,0.95,72,69,0.05555555555555555,0.05555555555555555,0.09722222222222222,0.22450028814933426,0.37081553644476406,0.1463152482954298,0.02898492970212799,0.0006720933824184099,0.023194827400008056,0.02898492970212799,0.04666125749775325,0.06337444980039056,0.0099411329729292,0.001344047801316569,0.009269039590510791,0.0006719544188981591,1
101,2,0.95,72,69,0.05555555555555555,0.05555555555555555,0.09722222222222222,0.22450028814933426,0.37081553644476406,0.1463152482954298,0.02898492970212799,0.0006720933824184099,0.023194827400008056,0.02898492970212799,0.04666125749775325,0.06337444980039056,0.0099411329729292,0.001344047801316569,0.009269039590510791,0.0006719544188981591,1
101,3,0.95,72,69,0.05555555555555555,0.05555555555555555,0.09722222222222222,0.22450028814933426,0.37081553644476406,0.1463152482954298,0.02898492970212799,0.0006720933824184099,0.023194827400008056,0.02898492970212799,0.04666125749775325,0.06337444980039056,0.0099411329729292,0.001344047801316569,0.009269039590510791,0.0006719544188981591,1
101,4,0.95,72,69,0.05555555555555555,0.05555555555555555,0.09722222222222222,0.22450028814933426,0.37081553644476406,0.1463152482954298,0.02898492970212799,0.0006720933824184099,0.023194827400008056,0.02898492970212799,0.04666125749775325,0.06337444980039056,0.0099411329729292,0.001344047801316569,0.009269039590510791,0.0006719544188981591,1
102,0,0.5,55,28,0.12727272727272726,0.09090909090909091,0.5818181818181818,0.348646559430305,2.0725062120746416,1.7238596526443366,0.02898492970212799,0.0037653939348321346,0.023194827400008056,0.02898492970212799,0.16256350695510063,0.2405446518216244,0.09517067392777206,0.023275623654439036,0.09140527999293993,0.019510229719606902,1
102,1,0.5,55,28,0.12727272727272726,0.07272727272727272,0.5636363636363636,0.2847999056286629,2.008659558272999,1.7238596526443362,0.02898492970212799,0.0037653939348321346,0.023194827400008056,0.02898492970212799,0.15496445724075011,0.22865021588924195,0.09517067392777206,0.021014693863105265,0.09140527999293993,0.01724929992827313,1
102,2,0.5,55,28,0.12727272727272726,0.07272727272727272,0.5636363636363636,0.2847999056286629,2.008659558272999,1.7238596526443362,0.02898492970212799,0.0037653939348321346,0.023194827400008056,0.02898492970212799,0.15496445724075011,0.22865021588924195,0.09517067392777206,0.021014693863105265,0.09140527999293993,0.01724929992827313,1
102,3,0.5,55,28,0.12727272727272726,0.07272727272727272,0.5636363636363636,0.2847999056286629,2.008659558272999,1.7238596526443362,0.02898492970212799,0.0037653939348321346,0.023194827400008056,0.02898492970212799,0.15496445724075011,0.22865021588924195,0.09517067392777206,0.021014693863105265,0.09140527999293993,0.01724929992827313,1
102,4,0.5,55,28,0.12727272727272726,0.03636363636363636,0.5272727272727272,0.15710659802537874,1.8809662506697151,1.7238596526443364,0.02898492970212799,0.0037653939348321346,0.023194827400008056,0.02898492970212799,0.1396529246729747,0.20478438871355326,0.09517067392777206,0.016809880876256046,0.09140527999293993,0.013044486941423912,1
102,0,0.8,55,44,0.12727272727272726,0.10909090909090909,0.3090909090909091,0.4124932132319471,1.1148064050500102,0.7023131918180631,0.02898492970212799,0.0037653939348321346,0.023194827400008056,0.02898492970212799,0.10836066480638414,0.15646313634362566,0.09517067392777206,0.009674820381153856,0.09140527999293993,0.0059094264463217215,1
102,1,0.8,55,44,0.12727272727272726,0.12727272727272726,0.32727272727272727,0.47633986703358916,1.1786530588516522,0.702313191818063,0.02898492970212799,0.0037653939348321346,0.023194827400008056,0.02898492970212799,0.1162896416570564,0.16864575818412647,0.09517067392777206,0.011297487923585458,0.09140527999293993,0.007532093988753324,1
102,2,0.8,55,44,0.12727272727272726,0.10909090909090909,0.3090909090909091,0.4124932132319471,1.1148064050500102,0.7023131918180631,0.02898492970212799,0.0037653939348321346,0.023194827400008056,0.02898492970212799,0.10836066480638414,0.15646313634362566,0.09517067392777206,0.009674820381153856,0.09140527999293993,0.0059094264463217215,1
102,3,0.8,55,44,0.12727272727272726,0.10909090909090909,0.3090909090909091,0.4124932132319471,1.1148064050500102,0.7023131918180631,0.02898492970212799,0.0037653939348321346,0.023194827400008056,0.02898492970212799,0.10836066480638414,0.15646313634362566,0.09517067392777206,0.009674820381153856,0.09140527999293993,0.0059094264463217215,1
102,4,0.8,55,44,0.12727272727272726,0.12727272727272726,0.32727272727272727,0.47633986703358916,1.1786530588516522,0.702313191818063,0.02898492970212799,0.0037653939348321346,0.023194827400008056,0.02898492970212799,0.1162896416570564,0.16864575818412647,0.09517067392777206,0.011297487923585458,0.09140527999293993,0.007532093988753324,1
102,0,0.95,55,53,0.12727272727272726,0.10909090909090909,0.14545454545454545,0.4124932132319471,0.5401865208352313,0.12769330760328423,0.02898492970212799,0.0037653939348321346,0.023194827400008056,0.02898492970212799,0.07136280579334792,0.10024121024046675,0.09517067392777206,0.0037653939348324394,0.09140527999293993,3.0487765090292385e-16,1
102,1,0.95,55,53,0.12727272727272726,0.12727272727272726,0.16363636363636364,0.47633986703358916,0.6040331746368733,0.12769330760328418,0.02898492970212799,0.0037653939348321346,0.023194827400008056,0.02898492970212799,0.07981536184247263,0.1129880924024353,0.09517067392777206,0.004874184749195385,0.09140527999293993,0.0011087908143632501,1
102,2,0.95,55,53,0.12727272727272726,0.12727272727272726,0.16363636363636364,0.47633986703358916,0.6040331746368733,0.12769330760328418,0.02898492970212799,0.0037653939348321346,0.023194827400008056,0.02898492970212799,0.07981536184247263,0.1129880924024353,0.09517067392777206,0.004874184749195385,0.09140527999293993,0.0011087908143632501,1
102,3,0.95,55,53,0.12727272727272726,0.12727272727272726,0.16363636363636364,0.47633986703358916,0.6040331746368733,0.12769330760328418,0.02898492970212799,0.0037653939348321346,0.023194827400008056,0.02898492970212799,0.07981536184247263,0.1129880924024353,0.09517067392777206,0.004874184749195385,0.09140527999293993,0.0011087908143632501,1
102,4,0.95,55,53,0.12727272727272726,0.12727272727272726,0.16363636363636364,0.47633986703358916,0.6040331746368733,0.12769330760328418,0.02898492970212799,0.0037653939348321346,0.023194827400008056,0.02898492970212799,0.07981536184247263,0.1129880924024353,0.09517067392777206,0.004874184749195385,0.09140527999293993,0.0011087908143632501,1
103,0,0.5,44,22,0.11363636363636363,0.022727272727272728,0.5227272727272727,0.10922160767414717,1.8650045872193044,1.7557829795451572,0.02898492970212799,0.0030151489730177506,0.023194827400008056,0.02898492970212799,0.13579625666109682,0.19879507894362727,0.07440373733743078,0.015824698189944544,0.07138858836441303,0.012809549216926794,1
103,1,0.5,44,22,0.11363636363636363,0.045454545454545456,0.5454545454545454,0.1890299249261998,1.9448129044713571,1.7557829795451574,0.02898492970212799,0.0030151489730177506,0.023194827400008056,0.02898492970212799,0.1454148947832049,0.2137493172271791,0.07440373733743078,0.018337193729146453,0.07138858836441303,0.015322044756128703,1
103,2,0.5,44,22,0.11363636363636363,0.06818181818181818,0.5681818181818182,0.26883824217825236,2.0246212217234096,1.7557829795451574,0.02898492970212799,0.0030151489730177506,0.023194827400008056,0.02898492970212799,0.15496445724075011,0.22865021588924195,0.07440373733743078,0.021014693863105265,0.07138858836441303,0.017999544890087513,1
103,3,0.5,44,22,0.11363636363636363,0.022727272727272728,0.5227272727272727,0.10922160767414717,1.8650045872193044,1.7557829795451572,0.02898492970212799,0.0030151489730177506,0.023194827400008056,0.02898492970212799,0.13579625666109682,0.19879507894362727,0.07440373733743078,0.015824698189944544,0.07138858836441303,0.012809549216926794,1
103,4,0.5,44,22,0.11363636363636363,0.045454545454545456,0.5454545454545454,0.1890299249261998,1.9448129044713571,1.7557829795451574,0.02898492970212799,0.0030151489730177506,0.023194827400008056,0.02898492970212799,0.1454148947832049,0.2137493172271791,0.07440373733743078,0.018337193729146453,0.07138858836441303,0.015322044756128703,1
103,0,0.8,44,36,0.11363636363636363,0.06818181818181818,0.25,0.26883824217825236,0.9073047801946733,0.638466538016421,0.02898492970212799,0.0030151489730177506,0.023194827400008056,0.02898492970212799,0.08605618894264719,0.1224384868505216,0.07440373733743078,0.005784543876479649,0.07138858836441303,0.0027693949034618983,1
103,1,0.8,44,36,0.11363636363636363,0.09090909090909091,0.2727272727272727,0.348646559430305,0.9871130974467258,0.6384665380164208,0.02898492970212799,0.0030151489730177506,0.023194827400008056,0.02898492970212799,0.09629654090723265,0.1380130323771113,0.07440373733743078,0.007447092972553679,0.07138858836441303,0.004431943999535929,1
103,2,0.8,44,36,0.11363636363636363,0.09090909090909091,0.2727272727272727,0.348646559430305,0.9871130974467258,0.6384665380164208,0.02898492970212799,0.0030151489730177506,0.023194827400008056,0.02898492970212799,0.09629654090723265,0.1380130323771113,0.07440373733743078,0.007447092972553679,0.07138858836441303,0.004431943999535929,1
103,3,0.8,44,36,0.11363636363636363,0.09090909090909091,0.2727272727272727,0.348646559430305,0.9871130974467258,0.6384665380164208,0.02898492970212799,0.0030151489730177506,0.023194827400008056,0.02898492970212799,0.09629654090723265,0.1380130323771113,0.07440373733743078,0.007447092972553679,0.07138858836441303,0.004431943999535929,1
103,4,0.8,44,36,0.11363636363636363,0.11363636363636363,0.29545454545454547,0.4284548766823576,1.0669214146987787,0.6384665380164211,0.02898492970212799,0.0030151489730177506,0.023194827400008056,0.02898492970212799,0.10636503258096026,0.1534038429910603,0.07440373733743078,0.009286219504329535,0.07138858836441303,0.006271070531311785,1
103,0,0.95,44,42,0.11363636363636363,0.11363636363636363,0.1590909090909091,0.4284548766823576,0.5880715111864627,0.15961663450410513,0.02898492970212799,0.0030151489730177506,0.023194827400008056,0.02898492970212799,0.07560913455014598,0.1066371229731089,0.07440373733743078,0.004304558536419159,0.07138858836441303,0.0012894095634014085,1
103,1,0.95,44,42,0.11363636363636363,0.11363636363636363,0.1590909090909091,0.4284548766823576,0.5880715111864627,0.15961663450410513,0.02898492970212799,0.0030151489730177506,0.023194827400008056,0.02898492970212799,0.07560913455014598,0.1066371229731089,0.07440373733743078,0.004304558536419159,0.07138858836441303,0.0012894095634014085,1
103,2,0.95,44,42,0.11363636363636363,0.09090909090909091,0.13636363636363635,0.348646559430305,0.5082631939344102,0.15961663450410524,0.02898492970212799,0.0030151489730177506,0.023194827400008056,0.02898492970212799,0.06491037218065226,0.09055355454401524,0.07440373733743078,0.0030151489730179115,0.07138858836441303,1.6089560239684886e-16,1
103,3,0.95,44,42,0.11363636363636363,0.11363636363636363,0.1590909090909091,0.4284548766823576,0.5880715111864627,0.15961663450410513,0.02898492970212799,0.0030151489730177506,0.023194827400008056,0.02898492970212799,0.07560913455014598,0.1066371229731089,0.07440373733743078,0.004304558536419159,0.07138858836441303,0.0012894095634014085,1
103,4,0.95,44,42,0.11363636363636363,0.11363636363636363,0.1590909090909091,0.4284548766823576,0.5880715111864627,0.15961663450410513,0.02898492970212799,0.0030151489730177506,0.023194827400008056,0.02898492970212799,0.07560913455014598,0.1066371229731089,0.07440373733743078,0.004304558536419159,0.07138858836441303,0.0012894095634014085,1
104,0,0.5,52,26,0.057692307692307696,0.038461538461538464,0.5384615384615384,0.16447351961787593,1.9202564991630333,1.7557829795451574,0.02898492970212799,0.0007316087034801767,0.023194827400008056,0.02898492970212799,0.14246333574931988,0.20915456880198968,0.011433597815589863,0.0366778031769138,0.010701989112109686,0.03594619447343362,0
104,1,0.5,52,26,0.057692307692307696,0.038461538461538464,0.5384615384615384,0.16447351961787593,1.9202564991630333,1.7557829795451574,0.02898492970212799,0.0007316087034801767,0.023194827400008056,0.02898492970212799,0.14246333574931988,0.20915456880198968,0.011433597815589863,0.0366778031769138,0.010701989112109686,0.03594619447343362,0
104,2,0.5,52,26,0.057692307692307696,0.038461538461538464,0.5384615384615384,0.16447351961787593,1.9202564991630333,1.7557829795451574,0.02898492970212799,0.0007316087034801767,0.023194827400008056,0.02898492970212799,0.14246333574931988,0.20915456880198968,0.011433597815589863,0.0366778031769138,0.010701989112109686,0.03594619447343362,0
104,3,0.5,52,26,0.057692307692307696,0.038461538461538464,0.5384615384615384,0.16447351961787593,1.9202564991630333,1.7557829795451574,0.02898492970212799,0.0007316087034801767,0.023194827400008056,0.02898492970212799,0.14246333574931988,0.20915456880198968,0.011433597815589863,0.0366778031769138,0.010701989112109686,0.03594619447343362,0
104,4,0.5,52,26,0.057692307692307696,0.019230769230769232,0.5192307692307693,0.09694340501998523,1.8527263845651427,1.7557829795451574,0.02898492970212799,0.0007316087034801767,0.023194827400008056,0.02898492970212799,0.13430940106169603,0.19648846793212552,0.011433597815589863,0.031160450860550665,0.010701989112109686,0.03042884215707049,0
104,0,0.8,52,42,0.057692307692307696,0.057692307692307696,0.25,0.23200363421576659,0.9073047801946733,0.6753011459789067,0.02898492970212799,0.0007316087034801767,0.023194827400008056,0.02898492970212799,0.08366512106376574,0.11881393092488855,0.011433597815589863,0.005426550061339263,0.010701989112109686,0.004694941357859086,1
104,1,0.8,52,42,0.057692307692307696,0.019230769230769232,0.21153846153846154,0.09694340501998523,0.7722445509988919,0.6753011459789067,0.02898492970212799,0.0007316087034801767,0.023194827400008056,0.02898492970212799,0.06574354975754526,0.09180231809534796,0.011433597815589863,0.0031073433395719242,0.010701989112109686,0.0023757346360917474,1
104,2,0.8,52,42,0.057692307692307696,0.038461538461538464,0.23076923076923078,0.16447351961787593,0.8397746655967826,0.6753011459789067,0.02898492970212799,0.0007316087034801767,0.023194827400008056,0.02898492970212799,0.07479574890210529,0.10541075506107828,0.011433597815589863,0.0041984890757846794,0.010701989112109686,0.0034668803723045026,1
104,3,0.8,52,42,0.057692307692307696,0.057692307692307696,0.25,0.23200363421576659,0.9073047801946733,0.6753011459789067,0.02898492970212799,0.0007316087034801767,0.023194827400008056,0.02898492970212799,0.08366512106376574,0.11881393092488855,0.011433597815589863,0.005426550061339263,0.010701989112109686,0.004694941357859086,1
104,4,0.8,52,42,0.057692307692307696,0.038461538461538464,0.23076923076923078,0.16447351961787593,0.8397746655967826,0.6753011459789067,0.02898492970212799,0.0007316087034801767,0.023194827400008056,0.02898492970212799,0.07479574890210529,0.10541075506107828,0.011433597815589863,0.0041984890757846794,0.010701989112109686,0.0034668803723045026,1
104,0,0.95,52,50,0.057692307692307696,0.057692307692307696,0.09615384615384616,0.23200363421576659,0.3670638634115479,0.1350602291957813,0.02898492970212799,0.0007316087034801767,0.023194827400008056,0.02898492970212799,0.04693075416646868,0.06377328108532969,0.011433597815589863,0.0013638806033041434,0.010701989112109686,0.0006322718998239668,1
104,1,0.95,52,50,0.057692307692307696,0.057692307692307696,0.09615384615384616,0.23200363421576659,0.3670638634115479,0.1350602291957813,0.02898492970212799,0.0007316087034801767,0.023194827400008056,0.02898492970212799,0.04693075416646868,0.06377328108532969,0.011433597815589863,0.0013638806033041434,0.010701989112109686,0.0006322718998239668,1
104,2,0.95,52,50,0.057692307692307696,0.057692307692307696,0.09615384615384616,0.23200363421576659,0.3670638634115479,0.1350602291957813,0.02898492970212799,0.0007316087034801767,0.023194827400008056,0.02898492970212799,0.04693075416646868,0.06377328108532969,0.011433597815589863,0.0013638806033041434,0.010701989112109686,0.0006322718998239668,1
104,3,0.95,52,50,0.057692307692307696,0.057692307692307696,0.09615384615384616,0.23200363421576659,0.3670638634115479,0.1350602291957813,0.02898492970212799,0.0007316087034801767,0.023194827400008056,0.02898492970212799,0.04693075416646868,0.06377328108532969,0.011433597815589863,0.0013638806033041434,0.010701989112109686,0.0006322718998239668,1
104,4,0.95,52,50,0.057692307692307696,0.057692307692307696,0.09615384615384616,0.23200363421576659,0.3670638634115479,0.1350602291957813,0.02898492970212799,0.0007316087034801767,0.023194827400008056,0.02898492970212799,0.04693075416646868,0.06377328108532969,0.011433597815589863,0.0013638806033041434,0.010701989112109686,0.0006322718998239668,1
105,0,0.5,92,46,0.05434782608695652,0.010869565217391304,0.5108695652173914,0.06758248562959798,1.8233654651747557,1.7557829795451578,0.02898492970212799,0.0006394429122993138,0.023194827400008056,0.02898492970212799,0.13074547082179594,0.19096522032229699,0.009135862074911433,0.03195151930971807,0.00849641916261212,0.03131207639741875,0
105,1,0.5,92,46,0.05434782608695652,0.03260869565217391,0.532608695652174,0.14392087604460482,1.8997038555897625,1.7557829795451576,0.02898492970212799,0.0006394429122993138,0.023194827400008056,0.02898492970212799,0.139987685149719,0.20530469045126745,0.009135862074911433,0.038347788316359877,0.00849641916261212,0.03770834540406056,0
105,2,0.5,92,46,0.05434782608695652,0.043478260869565216,0.5434782608695652,0.18209007125210824,1.9378730507972657,1.7557829795451574,0.02898492970212799,0.0006394429122993138,0.023194827400008056,0.02898492970212799,0.14458143833843312,0.2124513357166016,0.009135862074911433,0.0416577165503243,0.00849641916261212,0.04101827363802498,0
105,3,0.5,92,46,0.05434782608695652,0.010869565217391304,0.5108695652173914,0.06758248562959798,1.8233654651747557,1.7557829795451578,0.02898492970212799,0.0006394429122993138,0.023194827400008056,0.02898492970212799,0.13074547082179594,0.19096522032229699,0.009135862074911433,0.03195151930971807,0.00849641916261212,0.03131207639741875,0
105,4,0.5,92,46,0.05434782608695652,0.010869565217391304,0.5108695652173914,0.06758248562959798,1.8233654651747557,1.7557829795451578,0.02898492970212799,0.0006394429122993138,0.023194827400008056,0.02898492970212799,0.13074547082179594,0.19096522032229699,0.009135862074911433,0.03195151930971807,0.00849641916261212,0.03131207639741875,0
105,0,0.8,92,74,0.05434782608695652,0.05434782608695652,0.25,0.22025926645961166,0.9073047801946733,0.6870455137350616,0.02898492970212799,0.0006394429122993138,0.023194827400008056,0.02898492970212799,0.08290036670390205,0.11765564867417876,0.009135862074911433,0.006044921674054599,0.00849641916261212,0.005405478761755285,1
105,1,0.8,92,74,0.05434782608695652,0.043478260869565216,0.2391304347826087,0.18209007125210824,0.8691355849871699,0.6870455137350617,0.02898492970212799,0.0006394429122993138,0.023194827400008056,0.02898492970212799,0.07789989674183657,0.11009405947357495,0.009135862074911433,0.0046103959775520694,0.00849641916261212,0.003970953065252756,1
105,2,0.8,92,74,0.05434782608695652,0.043478260869565216,0.2391304347826087,0.18209007125210824,0.8691355849871699,0.6870455137350617,0.02898492970212799,0.0006394429122993138,0.023194827400008056,0.02898492970212799,0.07789989674183657,0.11009405947357495,0.009135862074911433,0.0046103959775520694,0.00849641916261212,0.003970953065252756,1
105,3,0.8,92,74,0.05434782608695652,0.05434782608695652,0.25,0.22025926645961166,0.9073047801946733,0.6870455137350616,0.02898492970212799,0.0006394429122993138,0.023194827400008056,0.02898492970212799,0.08290036670390205,0.11765564867417876,0.009135862074911433,0.006044921674054599,0.00849641916261212,0.005405478761755285,1
105,4,0.8,92,74,0.05434782608695652,0.03260869565217391,0.22826086956521738,0.14392087604460482,0.8309663897796664,0.6870455137350616,0.02898492970212799,0.0006394429122993138,0.023194827400008056,0.02898492970212799,0.0728445466679879,0.10247122932923504,0.009135862074911433,0.003949437045904909,0.00849641916261212,0.0033099941336055955,1
105,0,0.95,92,88,0.05434782608695652,0.05434782608695652,0.09782608695652174,0.22025926645961166,0.37293604728962537,0.1526767808300137,0.02898492970212799,0.0006394429122993138,0.023194827400008056,0.02898492970212799,0.04650881717916073,0.0631488873119438,0.009135862074911433,0.0013328937318213814,0.00849641916261212,0.0006934508195220676,1
105,1,0.95,92,88,0.05434782608695652,0.05434782608695652,0.09782608695652174,0.22025926645961166,0.37293604728962537,0.1526767808300137,0.02898492970212799,0.0006394429122993138,0.023194827400008056,0.02898492970212799,0.04650881717916073,0.0631488873119438,0.009135862074911433,0.0013328937318213814,0.00849641916261212,0.0006934508195220676,1
105,2,0.95,92,88,0.05434782608695652,0.05434782608695652,0.09782608695652174,0.22025926645961166,0.37293604728962537,0.1526767808300137,0.02898492970212799,0.0006394429122993138,0.023194827400008056,0.02898492970212799,0.04650881717916073,0.0631488873119438,0.009135862074911433,0.0013328937318213814,0.00849641916261212,0.0006934508195220676,1
105,3,0.95,92,88,0.05434782608695652,0.05434782608695652,0.09782608695652174,0.22025926645961166,0.37293604728962537,0.1526767808300137,0.02898492970212799,0.0006394429122993138,0.023194827400008056,0.02898492970212799,0.04650881717916073,0.0631488873119438,0.009135862074911433,0.0013328937318213814,0.00849641916261212,0.0006934508195220676,1
105,4,0.95,92,88,0.05434782608695652,0.05434782608695652,0.09782608695652174,0.22025926645961166,0.37293604728962537,0.1526767808300137,0.02898492970212799,0.0006394429122993138,0.023194827400008056,0.02898492970212799,0.04650881717916073,0.0631488873119438,0.009135862074911433,0.0013328937318213814,0.00849641916261212,0.0006934508195220676,1
106,0,0.5,77,39,0.12987012987012986,0.06493506493506493,0.5584415584415584,0.2574370539993877,1.9904176571868157,1.732980603187428,0.02898492970212799,0.003916297659370729,0.023194827400008056,0.02898492970212799,0.152242246175563,0.22439718480417914,0.09932106363384358,0.020232856597069467,0.09540476597447285,0.01631655893769874,1
106,1,0.5,77,39,0.12987012987012986,0.07792207792207792,0.5714285714285714,0.3030418067148464,2.0360224099022743,1.732980603187428,0.02898492970212799,0.003916297659370729,0.023194827400008056,0.02898492970212799,0.15768214119438648,0.23290036740960543,0.09932106363384358,0.0218100148277587,0.09540476597447285,0.017893717168387974,1
106,2,0.5,77,39,0.12987012987012986,0.07792207792207792,0.5714285714285714,0.3030418067148464,2.0360224099022743,1.732980603187428,0.02898492970212799,0.003916297659370729,0.023194827400008056,0.02898492970212799,0.15768214119438648,0.23290036740960543,0.09932106363384358,0.0218100148277587,0.09540476597447285,0.017893717168387974,1
106,3,0.5,77,39,0.12987012987012986,0.06493506493506493,0.5584415584415584,0.2574370539993877,1.9904176571868157,1.732980603187428,0.02898492970212799,0.003916297659370729,0.023194827400008056,0.02898492970212799,0.152242246175563,0.22439718480417914,0.09932106363384358,0.020232856597069467,0.09540476597447285,0.01631655893769874,1
106,4,0.5,77,39,0.12987012987012986,0.09090909090909091,0.5844155844155844,0.348646559430305,2.081627162617733,1.7329806031874282,0.02898492970212799,0.003916297659370729,0.023194827400008056,0.02898492970212799,0.1631051080501964,0.24139361950652058,0.09932106363384358,0.02344117411106231,0.09540476597447285,0.019524876451691583,1
106,0,0.8,77,62,0.12987012987012986,0.1038961038961039,0.2987012987012987,0.39425131214576364,1.0783226028776431,0.6840712907318796,0.02898492970212799,0.003916297659370729,0.023194827400008056,0.02898492970212799,0.1049360784591766,0.15121501288518766,0.09932106363384358,0.009012858993206937,0.09540476597447285,0.005096561333836208,1
106,1,0.8,77,62,0.12987012987012986,0.09090909090909091,0.2857142857142857,0.348646559430305,1.0327178501621843,0.6840712907318793,0.02898492970212799,0.003916297659370729,0.023194827400008056,0.02898492970212799,0.09918945834411774,0.14242750288115927,0.09932106363384358,0.007954759479717115,0.09540476597447285,0.0040384618203463864,1
106,2,0.8,77,62,0.12987012987012986,0.09090909090909091,0.2857142857142857,0.348646559430305,1.0327178501621843,0.6840712907318793,0.02898492970212799,0.003916297659370729,0.023194827400008056,0.02898492970212799,0.09918945834411774,0.14242750288115927,0.09932106363384358,0.007954759479717115,0.09540476597447285,0.0040384618203463864,1
106,3,0.8,77,62,0.12987012987012986,0.12987012987012986,0.3246753246753247,0.48546081757668086,1.1695321083085606,0.6840712907318798,0.02898492970212799,0.003916297659370729,0.023194827400008056,0.02898492970212799,0.1162896416570564,0.16864575818412647,0.09932106363384358,0.011297487923585458,0.09540476597447285,0.007381190264214729,1
106,4,0.8,77,62,0.12987012987012986,0.11688311688311688,0.3116883116883117,0.43985606486122225,1.1239273555931018,0.6840712907318796,0.02898492970212799,0.003916297659370729,0.023194827400008056,0.02898492970212799,0.1106346118520822,0.1599525179433783,0.09932106363384358,0.010127325102619244,0.09540476597447285,0.006211027443248515,1
106,0,0.95,77,74,0.12987012987012986,0.11688311688311688,0.15584415584415584,0.43985606486122225,0.5766703230075981,0.13681425814637588,0.02898492970212799,0.003916297659370729,0.023194827400008056,0.02898492970212799,0.07560913455014598,0.1066371229731089,0.09932106363384358,0.004304558536419159,0.09540476597447285,0.00038826087704843006,1
106,1,0.95,77,74,0.12987012987012986,0.11688311688311688,0.15584415584415584,0.43985606486122225,0.5766703230075981,0.13681425814637588,0.02898492970212799,0.003916297659370729,0.023194827400008056,0.02898492970212799,0.07560913455014598,0.1066371229731089,0.09932106363384358,0.004304558536419159,0.09540476597447285,0.00038826087704843006,1
106,2,0.95,77,74,0.12987012987012986,0.11688311688311688,0.15584415584415584,0.43985606486122225,0.5766703230075981,0.13681425814637588,0.02898492970212799,0.003916297659370729,0.023194827400008056,0.02898492970212799,0.07560913455014598,0.1066371229731089,0.09932106363384358,0.004304558536419159,0.09540476597447285,0.00038826087704843006,1
106,3,0.95,77,74,0.12987012987012986,0.12987012987012986,0.16883116883116883,0.48546081757668086,0.6222750757230568,0.136814258146376,0.02898492970212799,0.003916297659370729,0.023194827400008056,0.02898492970212799,0.08160653348651113,0.1156971355093785,0.09932106363384358,0.005127495637954841,0.09540476597447285,0.001211197978584112,1
106,4,0.95,77,74,0.12987012987012986,0.11688311688311688,0.15584415584415584,0.43985606486122225,0.5766703230075981,0.13681425814637588,0.02898492970212799,0.003916297659370729,0.023194827400008056,0.02898492970212799,0.07560913455014598,0.1066371229731089,0.09932106363384358,0.004304558536419159,0.09540476597447285,0.00038826087704843006,1
107,0,0.5,105,53,0.08571428571428572,0.05714285714285714,0.5523809523809524,0.23007420237011256,1.9691354392529354,1.7390612368828229,0.02898492970212799,0.0017081459561388637,0.023194827400008056,0.02898492970212799,0.1493332214095807,0.21985698584556662,0.03789618987172444,0.019413746588371233,0.036188043915585576,0.01770560063223237,1
107,1,0.5,105,53,0.08571428571428572,0.02857142857142857,0.5238095238095238,0.12974374639610356,1.8688049832789262,1.7390612368828227,0.02898492970212799,0.0017081459561388637,0.023194827400008056,0.02898492970212799,0.13726699283603083,0.20107802342491468,0.03789618987172444,0.016196887465526322,0.036188043915585576,0.014488741509387459,1
107,2,0.5,105,53,0.08571428571428572,0.047619047619047616,0.5428571428571428,0.19663071704544288,1.9356919539282653,1.7390612368828224,0.02898492970212799,0.0017081459561388637,0.023194827400008056,0.02898492970212799,0.1453236370512172,0.21360717718638633,0.03789618987172444,0.01831248674476956,0.036188043915585576,0.016604340788630698,1
107,3,0.5,105,53,0.08571428571428572,0.02857142857142857,0.5238095238095238,0.12974374639610356,1.8688049832789262,1.7390612368828227,0.02898492970212799,0.0017081459561388637,0.023194827400008056,0.02898492970212799,0.13726699283603083,0.20107802342491468,0.03789618987172444,0.016196887465526322,0.036188043915585576,0.014488741509387459,1
107,4,0.5,105,53,0.08571428571428572,0.0380952380952381,0.5333333333333333,0.16318723172077323,1.9022484686035959,1.7390612368828227,0.02898492970212799,0.0017081459561388637,0.023194827400008056,0.02898492970212799,0.1413019171626824,0.2073479907262224,0.03789618987172444,0.01724019345059591,0.036188043915585576,0.015532047494457045,1
107,0,0.8,105,84,0.08571428571428572,0.08571428571428572,0.2857142857142857,0.3304046583441216,1.0327178501621843,0.7023131918180627,0.02898492970212799,0.0017081459561388637,0.023194827400008056,0.02898492970212799,0.0980339243165874,0.14066345196174806,0.03789618987172444,0.00774997183057864,0.036188043915585576,0.0060418258744397765,1
107,1,0.8,105,84,0.08571428571428572,0.08571428571428572,0.2857142857142857,0.3304046583441216,1.0327178501621843,0.7023131918180627,0.02898492970212799,0.0017081459561388637,0.023194827400008056,0.02898492970212799,0.0980339243165874,0.14066345196174806,0.03789618987172444,0.00774997183057864,0.036188043915585576,0.0060418258744397765,1
107,2,0.8,105,84,0.08571428571428572,0.0761904761904762,0.2761904761904762,0.2969611730194519,0.999274364837515,0.7023131918180631,0.02898492970212799,0.0017081459561388637,0.023194827400008056,0.02898492970212799,0.09377805764582085,0.13417509876211717,0.03789618987172444,0.0070187629429064825,0.036188043915585576,0.005310616986767619,1
107,3,0.8,105,84,0.08571428571428572,0.0761904761904762,0.2761904761904762,0.2969611730194519,0.999274364837515,0.7023131918180631,0.02898492970212799,0.0017081459561388637,0.023194827400008056,0.02898492970212799,0.09377805764582085,0.13417509876211717,0.03789618987172444,0.0070187629429064825,0.036188043915585576,0.005310616986767619,1
107,4,0.8,105,84,0.08571428571428572,0.06666666666666667,0.26666666666666666,0.26351768769478223,0.9658308795128452,0.702313191818063,0.02898492970212799,0.0017081459561388637,0.023194827400008056,0.02898492970212799,0.08949071574528554,0.12765287132540065,0.03789618987172444,0.006318773889697787,0.036188043915585576,0.004610627933558924,1
107,0,0.95,105,100,0.08571428571428572,0.08571428571428572,0.13333333333333333,0.3304046583441216,0.49762208496746985,0.16721742662334826,0.02898492970212799,0.0017081459561388637,0.023194827400008056,0.02898492970212799,0.06294311744531692,0.08760764567608316,0.03789618987172444,0.00280297368482862,0.036188043915585576,0.0010948277286897561,1
107,1,0.95,105,100,0.08571428571428572,0.0761904761904762,0.12380952380952381,0.2969611730194519,0.4641785996428003,0.16721742662334838,0.02898492970212799,0.0017081459561388637,0.023194827400008056,0.02898492970212799,0.05834587258586257,0.08073796522536507,0.03789618987172444,0.0023373233960884577,0.036188043915585576,0.000629177439949594,1
107,2,0.95,105,100,0.08571428571428572,0.08571428571428572,0.13333333333333333,0.3304046583441216,0.49762208496746985,0.16721742662334826,0.02898492970212799,0.0017081459561388637,0.023194827400008056,0.02898492970212799,0.06294311744531692,0.08760764567608316,0.03789618987172444,0.00280297368482862,0.036188043915585576,0.0010948277286897561,1
107,3,0.95,105,100,0.08571428571428572,0.05714285714285714,0.10476190476190476,0.23007420237011256,0.39729162899346093,0.16721742662334838,0.02898492970212799,0.0017081459561388637,0.023194827400008056,0.02898492970212799,0.048955249748827694,0.06677191454188967,0.03789618987172444,0.002657210760515949,0.036188043915585576,0.0009490648043770852,1
107,4,0.95,105,100,0.08571428571428572,0.08571428571428572,0.13333333333333333,0.3304046583441216,0.49762208496746985,0.16721742662334826,0.02898492970212799,0.0017081459561388637,0.023194827400008056,0.02898492970212799,0.06294311744531692,0.08760764567608316,0.03789618987172444,0.00280297368482862,0.036188043915585576,0.0010948277286897561,1
108,0,0.5,108,54,0.12962962962962962,0.06481481481481481,0.5648148148148148,0.2570147877705409,2.012797767315698,1.7557829795451572,0.02898492970212799,0.0039022189185797455,0.023194827400008056,0.02898492970212799,0.15355352455222332,0.22644532547182153,0.09893424455026739,0.02060761441136578,0.09503202563168765,0.016705395492786036,1
108,1,0.5,108,54,0.12962962962962962,0.07407407407407407,0.5740740740740741,0.2895292873917475,2.0453122669369046,1.7557829795451572,0.02898492970212799,0.0039022189185797455,0.023194827400008056,0.02898492970212799,0.15743068599299295,0.23250694512398454,0.09893424455026739,0.021735807172364487,0.09503202563168765,0.01783358825378474,1
108,2,0.5,108,54,0.12962962962962962,0.10185185185185185,0.6018518518518519,0.38707278625536734,2.1428557658005247,1.7557829795451574,0.02898492970212799,0.0039022189185797455,0.023194827400008056,0.02898492970212799,0.16901355032000537,0.2506655892612562,0.09893424455026739,0.025285309185372876,0.09503202563168765,0.02138309026679313,1
108,3,0.5,108,54,0.12962962962962962,0.07407407407407407,0.5740740740740741,0.2895292873917475,2.0453122669369046,1.7557829795451572,0.02898492970212799,0.0039022189185797455,0.023194827400008056,0.02898492970212799,0.15743068599299295,0.23250694512398454,0.09893424455026739,0.021735807172364487,0.09503202563168765,0.01783358825378474,1
108,4,0.5,108,54,0.12962962962962962,0.05555555555555555,0.5555555555555556,0.22450028814933426,1.980283267694492,1.7557829795451576,0.02898492970212799,0.0039022189185797455,0.023194827400008056,0.02898492970212799,0.14966683802778952,0.22037742264762208,0.09893424455026739,0.01950682564468079,0.09503202563168765,0.015604606726101044,1
108,0,0.8,108,87,0.12962962962962962,0.09259259259259259,0.28703703703703703,0.3545582866341608,1.0373627786794997,0.6828044920453389,0.02898492970212799,0.0039022189185797455,0.023194827400008056,0.02898492970212799,0.09985719622722222,0.14344733320138198,0.09893424455026739,0.008074315713817521,0.09503202563168765,0.004172096795237775,1
108,1,0.8,108,87,0.12962962962962962,0.12037037037037036,0.3148148148148148,0.4521017854977806,1.1349062775431198,0.6828044920453392,0.02898492970212799,0.0039022189185797455,0.023194827400008056,0.02898492970212799,0.11207850696042931,0.1621700597384469,0.09893424455026739,0.010420021583270416,0.09503202563168765,0.00651780266469067,1
108,2,0.8,108,87,0.12962962962962962,0.10185185185185185,0.2962962962962963,0.38707278625536734,1.0698772783007064,0.6828044920453391,0.02898492970212799,0.0039022189185797455,0.023194827400008056,0.02898492970212799,0.10395525121970223,0.14971346209089653,0.09893424455026739,0.008827589231757358,0.09503202563168765,0.004925370313177612,1
108,3,0.8,108,87,0.12962962962962962,0.10185185185185185,0.2962962962962963,0.38707278625536734,1.0698772783007064,0.6828044920453391,0.02898492970212799,0.0039022189185797455,0.023194827400008056,0.02898492970212799,0.10395525121970223,0.14971346209089653,0.09893424455026739,0.008827589231757358,0.09503202563168765,0.004925370313177612,1
108,4,0.8,108,87,0.12962962962962962,0.12962962962962962,0.32407407407407407,0.4846162851189872,1.1674207771643261,0.6828044920453389,0.02898492970212799,0.0039022189185797455,0.023194827400008056,0.02898492970212799,0.11610701524223616,0.1683646719347205,0.09893424455026739,0.011258698683616137,0.09503202563168765,0.007356479765036391,1
108,0,0.95,108,103,0.12962962962962962,0.12962962962962962,0.17592592592592593,0.4846162851189872,0.6471887832250204,0.1625724981060332,0.02898492970212799,0.0039022189185797455,0.023194827400008056,0.02898492970212799,0.08317666338927249,0.11807406669245586,0.09893424455026739,0.005354824064786893,0.09503202563168765,0.0014526051462071476,1
108,1,0.95,108,103,0.12962962962962962,0.1111111111111111,0.1574074074074074,0.41958728587657396,0.5821597839826071,0.1625724981060332,0.02898492970212799,0.0039022189185797455,0.023194827400008056,0.02898492970212799,0.07462987544493473,0.10516073318295177,0.09893424455026739,0.004177020800027778,0.09503202563168765,0.00027480188144803205,1
108,2,0.95,108,103,0.12962962962962962,0.12962962962962962,0.17592592592592593,0.4846162851189872,0.6471887832250204,0.1625724981060332,0.02898492970212799,0.0039022189185797455,0.023194827400008056,0.02898492970212799,0.08317666338927249,0.11807406669245586,0.09893424455026739,0.005354824064786893,0.09503202563168765,0.0014526051462071476,1
108,3,0.95,108,103,0.12962962962962962,0.1111111111111111,0.1574074074074074,0.41958728587657396,0.5821597839826071,0.1625724981060332,0.02898492970212799,0.0039022189185797455,0.023194827400008056,0.02898492970212799,0.07462987544493473,0.10516073318295177,0.09893424455026739,0.004177020800027778,0.09503202563168765,0.00027480188144803205,1
108,4,0.95,108,103,0.12962962962962962,0.12962962962962962,0.17592592592592593,0.4846162851189872,0.6471887832250204,0.1625724981060332,0.02898492970212799,0.0039022189185797455,0.023194827400008056,0.02898492970212799,0.08317666338927249,0.11807406669245586,0.09893424455026739,0.005354824064786893,0.09503202563168765,0.0014526051462071476,1
109,0,0.5,91,46,0.18681318681318682,0.0989010989010989,0.5934065934065934,0.37671102263981804,2.1131996837284355,1.7364886610886174,0.02898492970212799,0.007836333275275262,0.023194827400008056,0.02898492970212799,0.16664284266545212,0.2469430203636862,0.20385120204370155,0.024536980158313584,0.19601486876842628,0.016700646883038323,1
109,1,0.5,91,46,0.18681318681318682,0.13186813186813187,0.6263736263736264,0.4924769333790592,2.2289655944676765,1.7364886610886172,0.02898492970212799,0.007836333275275262,0.023194827400008056,0.02898492970212799,0.18032959703564994,0.2684756326287602,0.20385120204370155,0.029012171626326886,0.19601486876842628,0.021175838351051624,1
109,2,0.5,91,46,0.18681318681318682,0.0989010989010989,0.5934065934065934,0.37671102263981804,2.1131996837284355,1.7364886610886174,0.02898492970212799,0.007836333275275262,0.023194827400008056,0.02898492970212799,0.16664284266545212,0.2469430203636862,0.20385120204370155,0.024536980158313584,0.19601486876842628,0.016700646883038323,1
109,3,0.5,91,46,0.18681318681318682,0.08791208791208792,0.5824175824175825,0.3381223857267377,2.0746110468153547,1.736488661088617,0.02898492970212799,0.007836333275275262,0.023194827400008056,0.02898492970212799,0.16206343571992182,0.23976092619833408,0.20385120204370155,0.023123288482946792,0.19601486876842628,0.01528695520767153,1
109,4,0.5,91,46,0.18681318681318682,0.07692307692307693,0.5714285714285714,0.2995337488136573,2.0360224099022743,1.736488661088617,0.02898492970212799,0.007836333275275262,0.023194827400008056,0.02898492970212799,0.15747324250928257,0.23257352578820994,0.20385120204370155,0.021748357256201667,0.19601486876842628,0.013912023980926405,1
109,0,0.8,91,73,0.18681318681318682,0.15384615384615385,0.3516483516483517,0.56965420720522,1.264249671640667,0.6945954644354471,0.02898492970212799,0.007836333275275262,0.023194827400008056,0.02898492970212799,0.12727138185161294,0.18558891712106318,0.20385120204370155,0.013752577001386813,0.19601486876842628,0.005916243726111551,1
109,1,0.8,91,73,0.18681318681318682,0.14285714285714285,0.34065934065934067,0.5310655702921395,1.2256610347275865,0.694595464435447,0.02898492970212799,0.007836333275275262,0.023194827400008056,0.02898492970212799,0.1225509120754802,0.17829621854193486,0.20385120204370155,0.012667707809022476,0.19601486876842628,0.004831374533747214,1
109,2,0.8,91,73,0.18681318681318682,0.13186813186813187,0.32967032967032966,0.4924769333790592,1.187072397814506,0.6945954644354467,0.02898492970212799,0.007836333275275262,0.023194827400008056,0.02898492970212799,0.1178052611950133,0.17097936801739713,0.20385120204370155,0.011621974341325043,0.19601486876842628,0.0037856410660497813,1
109,3,0.8,91,73,0.18681318681318682,0.14285714285714285,0.34065934065934067,0.5310655702921395,1.2256610347275865,0.694595464435447,0.02898492970212799,0.007836333275275262,0.023194827400008056,0.02898492970212799,0.1225509120754802,0.17829621854193486,0.20385120204370155,0.012667707809022476,0.19601486876842628,0.004831374533747214,1
109,4,0.8,91,73,0.18681318681318682,0.16483516483516483,0.3626373626373626,0.6082428441183003,1.3028383085537472,0.6945954644354468,0.02898492970212799,0.007836333275275262,0.023194827400008056,0.02898492970212799,0.13196875825085688,0.1928601296718117,0.20385120204370155,0.01487637798925597,0.19601486876842628,0.007040044713980708,1
109,0,0.95,91,87,0.18681318681318682,0.18681318681318682,0.23076923076923078,0.6854201179444611,0.8397746655967826,0.15435454765232148,0.02898492970212799,0.007836333275275262,0.023194827400008056,0.02898492970212799,0.10822925745483919,0.15626160257877444,0.20385120204370155,0.009648987020129082,0.19601486876842628,0.0018126537448538201,1
109,1,0.95,91,87,0.18681318681318682,0.17582417582417584,0.21978021978021978,0.6468314810313808,0.8011860286837023,0.15435454765232148,0.02898492970212799,0.007836333275275262,0.023194827400008056,0.02898492970212799,0.10339384441033882,0.14885431678755187,0.20385120204370155,0.008722410173742576,0.19601486876842628,0.000886076898467314,1
109,2,0.95,91,87,0.18681318681318682,0.17582417582417584,0.21978021978021978,0.6468314810313808,0.8011860286837023,0.15435454765232148,0.02898492970212799,0.007836333275275262,0.023194827400008056,0.02898492970212799,0.10339384441033882,0.14885431678755187,0.20385120204370155,0.008722410173742576,0.19601486876842628,0.000886076898467314,1
109,3,0.95,91,87,0.18681318681318682,0.18681318681318682,0.23076923076923078,0.6854201179444611,0.8397746655967826,0.15435454765232148,0.02898492970212799,0.007836333275275262,0.023194827400008056,0.02898492970212799,0.10822925745483919,0.15626160257877444,0.20385120204370155,0.009648987020129082,0.19601486876842628,0.0018126537448538201,1
109,4,0.95,91,87,0.18681318681318682,0.17582417582417584,0.21978021978021978,0.6468314810313808,0.8011860286837023,0.15435454765232148,0.02898492970212799,0.007836333275275262,0.023194827400008056,0.02898492970212799,0.10339384441033882,0.14885431678755187,0.20385120204370155,0.008722410173742576,0.19601486876842628,0.000886076898467314,1
110,0,0.5,93,47,0.20430107526881722,0.0967741935483871,0.5913978494623656,0.36924225420502826,2.106145846873356,1.7369035926683278,0.02898492970212799,0.009265521654644377,0.023194827400008056,0.02898492970212799,0.16578188743271488,0.2455918709325741,0.24052251473106356,0.02426799645209905,0.2312569930764192,0.015002474797454672,1
110,1,0.5,93,47,0.20430107526881722,0.10752688172043011,0.6021505376344086,0.4070010279586876,2.1439046206270156,1.736903592668328,0.02898492970212799,0.009265521654644377,0.023194827400008056,0.02898492970212799,0.1702553079588692,0.25261664818827495,0.24052251473106356,0.025681763728992002,0.2312569930764192,0.016416242074347623,1
110,2,0.5,93,47,0.20430107526881722,0.10752688172043011,0.6021505376344086,0.4070010279586876,2.1439046206270156,1.736903592668328,0.02898492970212799,0.009265521654644377,0.023194827400008056,0.02898492970212799,0.1702553079588692,0.25261664818827495,0.24052251473106356,0.025681763728992002,0.2312569930764192,0.016416242074347623,1
110,3,0.5,93,47,0.20430107526881722,0.11827956989247312,0.6129032258064516,0.44475980171234686,2.1816633943806747,1.7369035926683278,0.02898492970212799,0.009265521654644377,0.023194827400008056,0.02898492970212799,0.1747206792624042,0.2596394652432132,0.24052251473106356,0.027132902176667834,0.2312569930764192,0.017867380522023454,1
110,4,0.5,93,47,0.20430107526881722,0.0967741935483871,0.5913978494623656,0.36924225420502826,2.106145846873356,1.7369035926683278,0.02898492970212799,0.009265521654644377,0.023194827400008056,0.02898492970212799,0.16578188743271488,0.2455918709325741,0.24052251473106356,0.02426799645209905,0.2312569930764192,0.015002474797454672,1
110,0,0.8,93,75,0.20430107526881722,0.15053763440860216,0.34408602150537637,0.5580361229733248,1.2376940505391925,0.6796579275658676,0.02898492970212799,0.009265521654644377,0.023194827400008056,0.02898492970212799,0.12493953875409286,0.1819846233566855,0.24052251473106356,0.013211097569003615,0.2312569930764192,0.003945575914359237,1
110,1,0.8,93,75,0.20430107526881722,0.16129032258064516,0.3548387096774194,0.595794896726984,1.2754528242928513,0.6796579275658673,0.02898492970212799,0.009265521654644377,0.023194827400008056,0.02898492970212799,0.12954706608426259,0.1891097704063121,0.24052251473106356,0.014291501009355046,0.2312569930764192,0.005025979354710669,1
110,2,0.8,93,75,0.20430107526881722,0.17204301075268819,0.3655913978494624,0.6335536704806435,1.3132115980465107,0.6796579275658672,0.02898492970212799,0.009265521654644377,0.023194827400008056,0.02898492970212799,0.13413340229450893,0.19621552549624077,0.24052251473106356,0.015409101565210396,0.2312569930764192,0.006143579910566018,1
110,3,0.8,93,75,0.20430107526881722,0.17204301075268819,0.3655913978494624,0.6335536704806435,1.3132115980465107,0.6796579275658672,0.02898492970212799,0.009265521654644377,0.023194827400008056,0.02898492970212799,0.13413340229450893,0.19621552549624077,0.24052251473106356,0.015409101565210396,0.2312569930764192,0.006143579910566018,1
110,4,0.8,93,75,0.20430107526881722,0.17204301075268819,0.3655913978494624,0.6335536704806435,1.3132115980465107,0.6796579275658672,0.02898492970212799,0.009265521654644377,0.023194827400008056,0.02898492970212799,0.13413340229450893,0.19621552549624077,0.24052251473106356,0.015409101565210396,0.2312569930764192,0.006143579910566018,1
110,0,0.95,93,89,0.20430107526881722,0.20430107526881722,0.24731182795698925,0.7468299917416213,0.8978650867562584,0.15103509501463708,0.02898492970212799,0.009265521654644377,0.023194827400008056,0.02898492970212799,0.1156532151945205,0.16766631158474732,0.24052251473106356,0.01116260188093966,0.2312569930764192,0.0018970802262952818,1
110,1,0.95,93,89,0.20430107526881722,0.1935483870967742,0.23655913978494625,0.7090712179879619,0.8601063130025992,0.1510350950146373,0.02898492970212799,0.009265521654644377,0.023194827400008056,0.02898492970212799,0.11097021679321595,0.1604678122589505,0.24052251473106356,0.010194984679269029,0.2312569930764192,0.0009294630246246514,1
110,2,0.95,93,89,0.20430107526881722,0.20430107526881722,0.24731182795698925,0.7468299917416213,0.8978650867562584,0.15103509501463708,0.02898492970212799,0.009265521654644377,0.023194827400008056,0.02898492970212799,0.1156532151945205,0.16766631158474732,0.24052251473106356,0.01116260188093966,0.2312569930764192,0.0018970802262952818,1
110,3,0.95,93,89,0.20430107526881722,0.20430107526881722,0.24731182795698925,0.7468299917416213,0.8978650867562584,0.15103509501463708,0.02898492970212799,0.009265521654644377,0.023194827400008056,0.02898492970212799,0.1156532151945205,0.16766631158474732,0.24052251473106356,0.01116260188093966,0.2312569930764192,0.0018970802262952818,1
110,4,0.95,93,89,0.20430107526881722,0.20430107526881722,0.24731182795698925,0.7468299917416213,0.8978650867562584,0.15103509501463708,0.02898492970212799,0.009265521654644377,0.023194827400008056,0.02898492970212799,0.1156532151945205,0.16766631158474732,0.24052251473106356,0.01116260188093966,0.2312569930764192,0.0018970802262952818,1
111,0,0.5,77,39,0.44155844155844154,0.2077922077922078,0.7012987012987013,0.7590893338694328,2.4920699370568613,1.7329806031874284,0.02898492970212799,0.038470173679849354,0.023194827400008056,0.02898492970212799,0.21150333892948173,0.3178747435916671,0.8936741727352078,0.040603595599729585,0.8552039990553584,0.002133421919880231,1
111,1,0.5,77,39,0.44155844155844154,0.18181818181818182,0.6753246753246753,0.6678798284385155,2.4008604316259436,1.7329806031874282,0.02898492970212799,0.038470173679849354,0.023194827400008056,0.02898492970212799,0.20077433055106464,0.3008193383121329,0.8936741727352078,0.04395547737323913,0.8552039990553584,0.005485303693389773,1
111,2,0.5,77,39,0.44155844155844154,0.2077922077922078,0.7012987012987013,0.7590893338694328,2.4920699370568613,1.7329806031874284,0.02898492970212799,0.038470173679849354,0.023194827400008056,0.02898492970212799,0.21150333892948173,0.3178747435916671,0.8936741727352078,0.040603595599729585,0.8552039990553584,0.002133421919880231,1
111,3,0.5,77,39,0.44155844155844154,0.23376623376623376,0.7272727272727273,0.85029883930035,2.583279442487778,1.732980603187428,0.02898492970212799,0.038470173679849354,0.023194827400008056,0.02898492970212799,0.22224531626163627,0.33500530672245393,0.8936741727352078,0.045048074275001994,0.8552039990553584,0.00657790059515264,1
111,4,0.5,77,39,0.44155844155844154,0.18181818181818182,0.6753246753246753,0.6678798284385155,2.4008604316259436,1.7329806031874282,0.02898492970212799,0.038470173679849354,0.023194827400008056,0.02898492970212799,0.20077433055106464,0.3008193383121329,0.8936741727352078,0.04395547737323913,0.8552039990553584,0.005485303693389773,1
111,0,0.8,77,62,0.44155844155844154,0.36363636363636365,0.5584415584415584,1.3063463664549364,1.9904176571868157,0.6840712907318793,0.02898492970212799,0.038470173679849354,0.023194827400008056,0.02898492970212799,0.21418703237692394,0.3221494517637527,0.8936741727352078,0.04169234419089498,0.8552039990553584,0.003222170511045626,1
111,1,0.8,77,62,0.44155844155844154,0.3246753246753247,0.5194805194805194,1.1695321083085606,1.85360339904044,0.6840712907318793,0.02898492970212799,0.038470173679849354,0.023194827400008056,0.02898492970212799,0.1980923487229375,0.2965645929862998,0.8936741727352078,0.04685740053629428,0.8552039990553584,0.008387226856444926,1
111,2,0.8,77,62,0.44155844155844154,0.36363636363636365,0.5584415584415584,1.3063463664549364,1.9904176571868157,0.6840712907318793,0.02898492970212799,0.038470173679849354,0.023194827400008056,0.02898492970212799,0.21418703237692394,0.3221494517637527,0.8936741727352078,0.04169234419089498,0.8552039990553584,0.003222170511045626,1
111,3,0.8,77,62,0.44155844155844154,0.4025974025974026,0.5974025974025974,1.4431606246013122,2.127231915333192,0.6840712907318798,0.02898492970212799,0.038470173679849354,0.023194827400008056,0.02898492970212799,0.2303193518490982,0.3479163758712702,0.8936741727352078,0.04854061679920672,0.8552039990553584,0.01007044311935737,1
111,4,0.8,77,62,0.44155844155844154,0.33766233766233766,0.5324675324675324,1.215136861024019,1.8992081517558983,0.6840712907318793,0.02898492970212799,0.038470173679849354,0.023194827400008056,0.02898492970212799,0.20345618580315275,0.30507737727466633,0.8936741727352078,0.04116045603574792,0.8552039990553584,0.002690282355898563,1
111,0,0.95,77,74,0.44155844155844154,0.42857142857142855,0.4675324675324675,1.5343701300322294,1.6711843881786055,0.13681425814637604,0.02898492970212799,0.038470173679849354,0.023194827400008056,0.02898492970212799,0.2088204558834817,0.3136047299045832,0.8936741727352078,0.039529573677715486,0.8552039990553584,0.0010593999978661325,1
111,1,0.95,77,74,0.44155844155844154,0.4025974025974026,0.44155844155844154,1.4431606246013122,1.579974882747688,0.13681425814637582,0.02898492970212799,0.038470173679849354,0.023194827400008056,0.02898492970212799,0.1980923487229376,0.2965645929862998,0.8936741727352078,0.04685740053629428,0.8552039990553584,0.008387226856444926,1
111,2,0.95,77,74,0.44155844155844154,0.4025974025974026,0.44155844155844154,1.4431606246013122,1.579974882747688,0.13681425814637582,0.02898492970212799,0.038470173679849354,0.023194827400008056,0.02898492970212799,0.1980923487229376,0.2965645929862998,0.8936741727352078,0.04685740053629428,0.8552039990553584,0.008387226856444926,1
111,3,0.95,77,74,0.44155844155844154,0.4155844155844156,0.45454545454545453,1.488765377316771,1.6255796354631467,0.1368142581463756,0.02898492970212799,0.038470173679849354,0.023194827400008056,0.02898492970212799,0.20345618580315292,0.3050773772746663,0.8936741727352078,0.04116045603574792,0.8552039990553584,0.002690282355898563,1
111,4,0.95,77,74,0.44155844155844154,0.44155844155844154,0.4805194805194805,1.579974882747688,1.7167891408940639,0.13681425814637582,0.02898492970212799,0.038470173679849354,0.023194827400008056,0.02898492970212799,0.21418703237692394,0.3221494517637527,0.8936741727352078,0.04169234419089498,0.8552039990553584,0.003222170511045626,1
112,0,0.5,91,46,0.3956043956043956,0.18681318681318682,0.6813186813186813,0.6854201179444611,2.421908779033078,1.7364886610886172,0.02898492970212799,0.03138277326680047,0.023194827400008056,0.02898492970212799,0.20304359150416545,0.3044220660430925,0.7474151190641147,0.0372658282208271,0.7160323457973142,0.005883054954026627,1
112,1,0.5,91,46,0.3956043956043956,0.2087912087912088,0.7032967032967034,0.7625973917706219,2.4990860528592393,1.7364886610886174,0.02898492970212799,0.03138277326680047,0.023194827400008056,0.02898492970212799,0.21212257236010812,0.31886078515299066,0.7474151190641147,0.04085353425746714,0.7160323457973142,0.009470760990666668,1
112,2,0.5,91,46,0.3956043956043956,0.17582417582417584,0.6703296703296703,0.6468314810313808,2.3833201421199974,1.7364886610886168,0.02898492970212799,0.03138277326680047,0.023194827400008056,0.02898492970212799,0.19850497898875769,0.2972189687355258,0.7474151190641147,0.03553412710355197,0.7160323457973142,0.004151353836751498,1
112,3,0.5,91,46,0.3956043956043956,0.1978021978021978,0.6923076923076923,0.7240087548575415,2.460497415946159,1.7364886610886177,0.02898492970212799,0.03138277326680047,0.023194827400008056,0.02898492970212799,0.20758241081097029,0.31163544003522564,0.7474151190641147,0.03903880906187503,0.7160323457973142,0.007656035795074553,1
112,4,0.5,91,46,0.3956043956043956,0.2087912087912088,0.7032967032967034,0.7625973917706219,2.4990860528592393,1.7364886610886174,0.02898492970212799,0.03138277326680047,0.023194827400008056,0.02898492970212799,0.21212257236010812,0.31886078515299066,0.7474151190641147,0.04085353425746714,0.7160323457973142,0.009470760990666668,1
112,0,0.8,91,73,0.3956043956043956,0.3076923076923077,0.5054945054945055,1.1098951239883454,1.804490588423792,0.6945954644354466,0.02898492970212799,0.03138277326680047,0.023194827400008056,0.02898492970212799,0.19169494854252994,0.2864299042661861,0.7474151190641147,0.0330130543258726,0.7160323457973142,0.0016302810590721264,1
112,1,0.8,91,73,0.3956043956043956,0.3076923076923077,0.5054945054945055,1.1098951239883454,1.804490588423792,0.6945954644354466,0.02898492970212799,0.03138277326680047,0.023194827400008056,0.02898492970212799,0.19169494854252994,0.2864299042661861,0.7474151190641147,0.0330130543258726,0.7160323457973142,0.0016302810590721264,1
112,2,0.8,91,73,0.3956043956043956,0.31868131868131866,0.5164835164835165,1.1484837609014256,1.8430792253368726,0.6945954644354471,0.02898492970212799,0.03138277326680047,0.023194827400008056,0.02898492970212799,0.19623539392583414,0.2936207467777501,0.7474151190641147,0.03468362195071062,0.7160323457973142,0.003300848683910146,1
112,3,0.8,91,73,0.3956043956043956,0.3076923076923077,0.5054945054945055,1.1098951239883454,1.804490588423792,0.6945954644354466,0.02898492970212799,0.03138277326680047,0.023194827400008056,0.02898492970212799,0.19169494854252994,0.2864299042661861,0.7474151190641147,0.0330130543258726,0.7160323457973142,0.0016302810590721264,1
112,4,0.8,91,73,0.3956043956043956,0.31868131868131866,0.5164835164835165,1.1484837609014256,1.8430792253368726,0.6945954644354471,0.02898492970212799,0.03138277326680047,0.023194827400008056,0.02898492970212799,0.19623539392583414,0.2936207467777501,0.7474151190641147,0.03468362195071062,0.7160323457973142,0.003300848683910146,1
112,0,0.95,91,87,0.3956043956043956,0.37362637362637363,0.4175824175824176,1.3414269454668275,1.495781493119149,0.1543545476523216,0.02898492970212799,0.03138277326680047,0.023194827400008056,0.02898492970212799,0.18715183675819025,0.2792451267507601,0.7474151190641147,0.03138277326680139,0.7160323457973142,9.159339953157541e-16,1
112,1,0.95,91,87,0.3956043956043956,0.38461538461538464,0.42857142857142855,1.380015582379908,1.5343701300322294,0.15435454765232137,0.02898492970212799,0.03138277326680047,0.023194827400008056,0.02898492970212799,0.19169494854252994,0.2864299042661861,0.7474151190641147,0.0330130543258726,0.7160323457973142,0.0016302810590721264,1
112,2,0.95,91,87,0.3956043956043956,0.37362637362637363,0.4175824175824176,1.3414269454668275,1.495781493119149,0.1543545476523216,0.02898492970212799,0.03138277326680047,0.023194827400008056,0.02898492970212799,0.18715183675819025,0.2792451267507601,0.7474151190641147,0.03138277326680139,0.7160323457973142,9.159339953157541e-16,1
112,3,0.95,91,87,0.3956043956043956,0.38461538461538464,0.42857142857142855,1.380015582379908,1.5343701300322294,0.15435454765232137,0.02898492970212799,0.03138277326680047,0.023194827400008056,0.02898492970212799,0.19169494854252994,0.2864299042661861,0.7474151190641147,0.0330130543258726,0.7160323457973142,0.0016302810590721264,1
112,4,0.95,91,87,0.3956043956043956,0.37362637362637363,0.4175824175824176,1.3414269454668275,1.495781493119149,0.1543545476523216,0.02898492970212799,0.03138277326680047,0.023194827400008056,0.02898492970212799,0.18715183675819025,0.2792451267507601,0.7474151190641147,0.03138277326680139,0.7160323457973142,9.159339953157541e-16,1
113,0,0.5,129,65,0.34108527131782945,0.18604651162790697,0.6821705426356589,0.6827278874621531,2.4249001462356423,1.7421722587734894,0.02898492970212799,0.02388010467868987,0.023194827400008056,0.02898492970212799,0.20306118269294365,0.30445000392700533,0.5854040092701451,0.037272620262798165,0.5615239045914553,0.013392515584108294,1
113,1,0.5,129,65,0.34108527131782945,0.18604651162790697,0.6821705426356589,0.6827278874621531,2.4249001462356423,1.7421722587734894,0.02898492970212799,0.02388010467868987,0.023194827400008056,0.02898492970212799,0.20306118269294365,0.30445000392700533,0.5854040092701451,0.037272620262798165,0.5615239045914553,0.013392515584108294,1
113,2,0.5,129,65,0.34108527131782945,0.17829457364341086,0.6744186046511628,0.6555064459188175,2.397678704692307,1.7421722587734898,0.02898492970212799,0.02388010467868987,0.023194827400008056,0.02898492970212799,0.19985957210557442,0.29936775469854304,0.5854040092701451,0.03604665712011181,0.5615239045914553,0.012166552441421941,1
113,3,0.5,129,65,0.34108527131782945,0.18604651162790697,0.6821705426356589,0.6827278874621531,2.4249001462356423,1.7421722587734894,0.02898492970212799,0.02388010467868987,0.023194827400008056,0.02898492970212799,0.20306118269294365,0.30445000392700533,0.5854040092701451,0.037272620262798165,0.5615239045914553,0.013392515584108294,1
113,4,0.5,129,65,0.34108527131782945,0.14728682170542637,0.6434108527131783,0.5466206797454743,2.288792938518964,1.7421722587734894,0.02898492970212799,0.02388010467868987,0.023194827400008056,0.02898492970212799,0.1870461418891386,0.2790780975228444,0.5854040092701451,0.03134533635782899,0.5615239045914553,0.007465231679139119,1
113,0,0.8,129,104,0.34108527131782945,0.29457364341085274,0.4883720930232558,1.0638280690688542,1.7443641076522483,0.6805360385833941,0.02898492970212799,0.02388010467868987,0.023194827400008056,0.02898492970212799,0.18544283809558748,0.27654509609416966,0.5854040092701451,0.03078018943903452,0.5615239045914553,0.006900084760344649,1
113,1,0.8,129,104,0.34108527131782945,0.26356589147286824,0.4573643410852713,0.954942302895511,1.6354783414789051,0.6805360385833942,0.02898492970212799,0.02388010467868987,0.023194827400008056,0.02898492970212799,0.17259276714264415,0.25629151702701,0.5854040092701451,0.026436407927102102,0.5615239045914553,0.002556303248412231,1
113,2,0.8,129,104,0.34108527131782945,0.27906976744186046,0.4728682170542636,1.0093851859821825,1.6899212245655768,0.6805360385833943,0.02898492970212799,0.02388010467868987,0.023194827400008056,0.02898492970212799,0.17902376668398937,0.2664169926966132,0.5854040092701451,0.02856903370404367,0.5615239045914553,0.0046889290253538,1
113,3,0.8,129,104,0.34108527131782945,0.2713178294573643,0.46511627906976744,0.9821637444388467,1.662699783022241,0.6805360385833943,0.02898492970212799,0.02388010467868987,0.023194827400008056,0.02898492970212799,0.17580997408966823,0.2613542300839123,0.5854040092701451,0.027492947507616446,0.5615239045914553,0.0036128428289265747,1
113,4,0.8,129,104,0.34108527131782945,0.24806201550387597,0.4418604651162791,0.9004994198088393,1.5810354583922337,0.6805360385833944,0.02898492970212799,0.02388010467868987,0.023194827400008056,0.02898492970212799,0.1661463330888461,0.24616376853729505,0.5854040092701451,0.024381677337092872,0.5615239045914553,0.000501572658403001,1
113,0,0.95,129,123,0.34108527131782945,0.3178294573643411,0.3643410852713178,1.1454923936988612,1.308821042958876,0.16332864926001478,0.02898492970212799,0.02388010467868987,0.023194827400008056,0.02898492970212799,0.1645318888731058,0.24363089012551745,0.5854040092701451,0.02388010467869084,0.5615239045914553,9.679756995950584e-16,1
113,1,0.95,129,123,0.34108527131782945,0.34108527131782945,0.3875968992248062,1.2271567183288685,1.3904853675888835,0.163328649260015,0.02898492970212799,0.02388010467868987,0.023194827400008056,0.02898492970212799,0.17420182484090324,0.25882290566731186,0.5854040092701451,0.026962239281082667,0.5615239045914553,0.0030821346023927956,1
113,2,0.95,129,123,0.34108527131782945,0.32558139534883723,0.37209302325581395,1.1727138352421973,1.3360424845022116,0.16332864926001434,0.02898492970212799,0.02388010467868987,0.023194827400008056,0.02898492970212799,0.16775958542061026,0.24869619127228032,0.5854040092701451,0.024888086792082823,0.5615239045914553,0.0010079821133929523,1
113,3,0.95,129,123,0.34108527131782945,0.3178294573643411,0.3643410852713178,1.1454923936988612,1.308821042958876,0.16332864926001478,0.02898492970212799,0.02388010467868987,0.023194827400008056,0.02898492970212799,0.1645318888731058,0.24363089012551745,0.5854040092701451,0.02388010467869084,0.5615239045914553,9.679756995950584e-16,1
113,4,0.95,129,123,0.34108527131782945,0.3333333333333333,0.3798449612403101,1.199935276785533,1.3632639260455475,0.16332864926001456,0.02898492970212799,0.02388010467868987,0.023194827400008056,0.02898492970212799,0.1709827454830319,0.2537599869724791,0.5854040092701451,0.02591544434325463,0.5615239045914553,0.002035339664564758,1
114,0,0.5,134,67,0.3208955223880597,0.1791044776119403,0.6791044776119403,0.6583504771248374,2.414133456669995,1.7557829795451574,0.02898492970212799,0.02134542598487613,0.023194827400008056,0.02898492970212799,0.20099448441772738,0.3011687500088415,0.5287164479990942,0.036478893077993506,0.5073710220142181,0.015133467093117376,1
114,1,0.5,134,67,0.3208955223880597,0.17164179104477612,0.6716417910447762,0.6321447610122233,2.3879277405573807,1.7557829795451574,0.02898492970212799,0.02134542598487613,0.023194827400008056,0.02898492970212799,0.19791220525869896,0.2962789359616892,0.5287164479990942,0.03531099688518741,0.5073710220142181,0.013965570900311277,1
114,2,0.5,134,67,0.3208955223880597,0.15671641791044777,0.6567164179104478,0.5797333287869948,2.335516308332152,1.7557829795451572,0.02898492970212799,0.02134542598487613,0.023194827400008056,0.02898492970212799,0.19174578700781136,0.28651036206132546,0.5287164479990942,0.03303153109508873,0.5073710220142181,0.011686105110212602,1
114,3,0.5,134,67,0.3208955223880597,0.21641791044776118,0.7164179104477612,0.789379057687909,2.5451620372330663,1.7557829795451574,0.02898492970212799,0.02134542598487613,0.023194827400008056,0.02898492970212799,0.21641087253887145,0.3256942496880019,0.5287164479990942,0.042605448302258236,0.5073710220142181,0.021260022317382107,1
114,4,0.5,134,67,0.3208955223880597,0.14925373134328357,0.6492537313432836,0.5535276126743803,2.3093105922195374,1.755782979545157,0.02898492970212799,0.02134542598487613,0.023194827400008056,0.02898492970212799,0.18866092441531818,0.2816305476842464,0.5287164479990942,0.03191972591293603,0.5073710220142181,0.010574299928059899,1
114,0,0.8,134,108,0.3208955223880597,0.26119402985074625,0.4552238805970149,0.9466133543635946,1.6279619732915662,0.6813486189279716,0.02898492970212799,0.02134542598487613,0.023194827400008056,0.02898492970212799,0.17165571118635178,0.2548179620032837,0.5287164479990942,0.02613256895916518,0.5073710220142181,0.00478714297428905,1
114,1,0.8,134,108,0.3208955223880597,0.26865671641791045,0.4626865671641791,0.972819070476209,1.6541676894041808,0.6813486189279718,0.02898492970212799,0.02134542598487613,0.023194827400008056,0.02898492970212799,0.1747539756900385,0.25969187113811054,0.5287164479990942,0.027143872505673794,0.5073710220142181,0.005798446520797664,1
114,2,0.8,134,108,0.3208955223880597,0.23880597014925373,0.43283582089552236,0.8679962060257518,1.5493448249537232,0.6813486189279714,0.02898492970212799,0.02134542598487613,0.023194827400008056,0.02898492970212799,0.16233712232779235,0.24018983843081348,0.5287164479990942,0.023206598839112767,0.5073710220142181,0.0018611728542366375,1
114,3,0.8,134,108,0.3208955223880597,0.27611940298507465,0.4701492537313433,0.9990247865888233,1.680373405516795,0.6813486189279716,0.02898492970212799,0.02134542598487613,0.023194827400008056,0.02898492970212799,0.17784894227136425,0.2645656396314828,0.5287164479990942,0.028173267421615765,0.5073710220142181,0.006827841436739635,1
114,4,0.8,134,108,0.3208955223880597,0.27611940298507465,0.4701492537313433,0.9990247865888233,1.680373405516795,0.6813486189279716,0.02898492970212799,0.02134542598487613,0.023194827400008056,0.02898492970212799,0.17784894227136425,0.2645656396314828,0.5287164479990942,0.028173267421615765,0.5073710220142181,0.006827841436739635,1
114,0,0.95,134,128,0.3208955223880597,0.29850746268656714,0.34328358208955223,1.0776419349266662,1.234876231602352,0.1572342966756859,0.02898492970212799,0.02134542598487613,0.023194827400008056,0.02898492970212799,0.15610073916608402,0.23042672575811676,0.5287164479990942,0.021345425984876987,0.5073710220142181,8.569533971325427e-16,1
114,1,0.95,134,128,0.3208955223880597,0.291044776119403,0.3358208955223881,1.051436218814052,1.2086705154897377,0.15723429667568567,0.02898492970212799,0.02134542598487613,0.023194827400008056,0.02898492970212799,0.15297404832027023,0.22554009597254687,0.5287164479990942,0.02392527213110196,0.5073710220142181,0.0025798461462258303,1
114,2,0.95,134,128,0.3208955223880597,0.291044776119403,0.3358208955223881,1.051436218814052,1.2086705154897377,0.15723429667568567,0.02898492970212799,0.02134542598487613,0.023194827400008056,0.02898492970212799,0.15297404832027023,0.22554009597254687,0.5287164479990942,0.02392527213110196,0.5073710220142181,0.0025798461462258303,1
114,3,0.95,134,128,0.3208955223880597,0.30597014925373134,0.35074626865671643,1.1038476510392803,1.2610819477149662,0.1572342966756859,0.02898492970212799,0.02134542598487613,0.023194827400008056,0.02898492970212799,0.15922161541737156,0.23530977333549932,0.5287164479990942,0.02226709050776994,0.5073710220142181,0.0009216645228938107,1
114,4,0.95,134,128,0.3208955223880597,0.31343283582089554,0.3582089552238806,1.1300533671518949,1.2872876638275803,0.15723429667568545,0.02898492970212799,0.02134542598487613,0.023194827400008056,0.02898492970212799,0.16233712232779238,0.2401898384308137,0.5287164479990942,0.023206598839112778,0.5073710220142181,0.001861172854236648,1
115,0,0.5,100,50,0.34,0.18,0.68,0.6614951630583512,2.417278142603509,1.7557829795451578,0.02898492970212799,0.023740530205967603,0.023194827400008056,0.02898492970212799,0.20136434135427023,0.30175581215466657,0.5823102386316461,0.03662031114195365,0.5585697084256785,0.01287978093598605,1
115,1,0.5,100,50,0.34,0.18,0.68,0.6614951630583512,2.417278142603509,1.7557829795451578,0.02898492970212799,0.023740530205967603,0.023194827400008056,0.02898492970212799,0.20136434135427023,0.30175581215466657,0.5823102386316461,0.03662031114195365,0.5585697084256785,0.01287978093598605,1
115,2,0.5,100,50,0.34,0.21,0.71,0.7668421418310607,2.522625121376218,1.7557829795451574,0.02898492970212799,0.023740530205967603,0.023194827400008056,0.02898492970212799,0.21375757732967937,0.32146516838731165,0.5823102386316461,0.04151715031926027,0.5585697084256785,0.017776620113292663,1
115,3,0.5,100,50,0.34,0.17,0.67,0.6263795034674481,2.3821624830126056,1.7557829795451574,0.02898492970212799,0.023740530205967603,0.023194827400008056,0.02898492970212799,0.19723404929868282,0.2952037133310758,0.5823102386316461,0.035056589216781585,0.5585697084256785,0.011316059010813981,1
115,4,0.5,100,50,0.34,0.17,0.67,0.6263795034674481,2.3821624830126056,1.7557829795451574,0.02898492970212799,0.023740530205967603,0.023194827400008056,0.02898492970212799,0.19723404929868282,0.2952037133310758,0.5823102386316461,0.035056589216781585,0.5585697084256785,0.011316059010813981,1
115,0,0.8,100,80,0.34,0.29,0.49,1.0477674185582857,1.7500806103763487,0.702313191818063,0.02898492970212799,0.023740530205967603,0.023194827400008056,0.02898492970212799,0.1848334457265397,0.2755826815255758,0.5823102386316461,0.0305667337446149,0.5585697084256785,0.006826203538647296,1
115,1,0.8,100,80,0.34,0.22,0.42,0.8019578014219638,1.5042709932400267,0.7023131918180628,0.02898492970212799,0.023740530205967603,0.023194827400008056,0.02898492970212799,0.15572585218061838,0.22984053128186802,0.5823102386316461,0.03125424107381547,0.5585697084256785,0.007513710867847866,1
115,2,0.8,100,80,0.34,0.29,0.49,1.0477674185582857,1.7500806103763487,0.702313191818063,0.02898492970212799,0.023740530205967603,0.023194827400008056,0.02898492970212799,0.1848334457265397,0.2755826815255758,0.5823102386316461,0.0305667337446149,0.5585697084256785,0.006826203538647296,1
115,3,0.8,100,80,0.34,0.22,0.42,0.8019578014219638,1.5042709932400267,0.7023131918180628,0.02898492970212799,0.023740530205967603,0.023194827400008056,0.02898492970212799,0.15572585218061838,0.22984053128186802,0.5823102386316461,0.03125424107381547,0.5585697084256785,0.007513710867847866,1
115,4,0.8,100,80,0.34,0.29,0.49,1.0477674185582857,1.7500806103763487,0.702313191818063,0.02898492970212799,0.023740530205967603,0.023194827400008056,0.02898492970212799,0.1848334457265397,0.2755826815255758,0.5823102386316461,0.0305667337446149,0.5585697084256785,0.006826203538647296,1
115,0,0.95,100,95,0.34,0.33,0.38,1.1882300569218984,1.3638083548764144,0.17557829795451596,0.02898492970212799,0.023740530205967603,0.023194827400008056,0.02898492970212799,0.1703223449701328,0.25272200075056156,0.5823102386316461,0.02570325429672226,0.5585697084256785,0.0019627240907546563,1
115,1,0.95,100,95,0.34,0.32,0.37,1.1531143973309954,1.3286926952855111,0.17557829795451574,0.02898492970212799,0.023740530205967603,0.023194827400008056,0.02898492970212799,0.16616247141489934,0.2461890948872557,0.5823102386316461,0.024386717478409252,0.5585697084256785,0.0006461872724416486,1
115,2,0.95,100,95,0.34,0.32,0.37,1.1531143973309954,1.3286926952855111,0.17557829795451574,0.02898492970212799,0.023740530205967603,0.023194827400008056,0.02898492970212799,0.16616247141489934,0.2461890948872557,0.5823102386316461,0.024386717478409252,0.5585697084256785,0.0006461872724416486,1
115,3,0.95,100,95,0.34,0.33,0.38,1.1882300569218984,1.3638083548764144,0.17557829795451596,0.02898492970212799,0.023740530205967603,0.023194827400008056,0.02898492970212799,0.1703223449701328,0.25272200075056156,0.5823102386316461,0.02570325429672226,0.5585697084256785,0.0019627240907546563,1
115,4,0.95,100,95,0.34,0.31,0.36,1.1179987377400922,1.293577035694608,0.17557829795451574,0.02898492970212799,0.023740530205967603,0.023194827400008056,0.02898492970212799,0.16199466593034195,0.2396531590449655,0.5823102386316461,0.025502979331835207,0.5585697084256785,0.0017624491258676038,1
116,0,0.5,141,71,0.3120567375886525,0.16312056737588654,0.6595744680851063,0.6022219220467558,2.3455525400348556,1.7433306179880996,0.02898492970212799,0.020276855556090743,0.023194827400008056,0.02898492970212799,0.19365951378258406,0.2895399930062591,0.5044846837829722,0.03373081700285518,0.4842078282268814,0.013453961446764435,1
116,1,0.5,141,71,0.3120567375886525,0.14184397163120568,0.6382978723404256,0.5275077527044087,2.2708383706925086,1.7433306179880999,0.02898492970212799,0.020276855556090743,0.023194827400008056,0.02898492970212799,0.18486279117462331,0.27562902251847127,0.5044846837829722,0.030576995737379917,0.4842078282268814,0.010300140181289174,1
116,2,0.5,141,71,0.3120567375886525,0.14184397163120568,0.6382978723404256,0.5275077527044087,2.2708383706925086,1.7433306179880999,0.02898492970212799,0.020276855556090743,0.023194827400008056,0.02898492970212799,0.18486279117462331,0.27562902251847127,0.5044846837829722,0.030576995737379917,0.4842078282268814,0.010300140181289174,1
116,3,0.5,141,71,0.3120567375886525,0.14893617021276595,0.6453900709219859,0.5524124758185245,2.295743093806624,1.7433306179880996,0.02898492970212799,0.020276855556090743,0.023194827400008056,0.02898492970212799,0.18779645610242598,0.28026393860507526,0.5044846837829722,0.031611579802581884,0.4842078282268814,0.011334724246491141,1
116,4,0.5,141,71,0.3120567375886525,0.16312056737588654,0.6595744680851063,0.6022219220467558,2.3455525400348556,1.7433306179880996,0.02898492970212799,0.020276855556090743,0.023194827400008056,0.02898492970212799,0.19365951378258406,0.2895399930062591,0.5044846837829722,0.03373081700285518,0.4842078282268814,0.013453961446764435,1
116,0,0.8,141,113,0.3120567375886525,0.23404255319148937,0.4326241134751773,0.851269153187913,1.548601400383153,0.69733224719524,0.02898492970212799,0.020276855556090743,0.023194827400008056,0.02898492970212799,0.16129918962330173,0.2385634449462105,0.5044846837829722,0.02289144478066781,0.4842078282268814,0.0026145892245770658,1
116,1,0.8,141,113,0.3120567375886525,0.24113475177304963,0.4397163120567376,0.8761738763020286,1.5735061234972685,0.6973322471952399,0.02898492970212799,0.020276855556090743,0.023194827400008056,0.02898492970212799,0.1642569669427471,0.24319971073921914,0.5044846837829722,0.02379521185037577,0.4842078282268814,0.003518356294285027,1
116,2,0.8,141,113,0.3120567375886525,0.2695035460992908,0.46808510638297873,0.9757927687584914,1.6731250159537314,0.69733224719524,0.02898492970212799,0.020276855556090743,0.023194827400008056,0.02898492970212799,0.17604941133033475,0.26173123506095103,0.5044846837829722,0.0275724070031507,0.4842078282268814,0.007295551447059956,1
116,3,0.8,141,113,0.3120567375886525,0.2553191489361702,0.45390070921985815,0.92598332253026,1.6233155697255,0.69733224719524,0.02898492970212799,0.020276855556090743,0.023194827400008056,0.02898492970212799,0.17016021689343358,0.25246721117296245,0.5044846837829722,0.025651295075351684,0.4842078282268814,0.0053744395192609415,1
116,4,0.8,141,113,0.3120567375886525,0.2624113475177305,0.46099290780141844,0.9508880456443758,1.6482202928396157,0.6973322471952399,0.02898492970212799,0.020276855556090743,0.023194827400008056,0.02898492970212799,0.17310639826337043,0.2570994186852259,0.5044846837829722,0.026603697154449206,0.4842078282268814,0.006326841598358463,1
116,0,0.95,141,134,0.3120567375886525,0.2978723404255319,0.3475177304964539,1.0754116612149545,1.2497447230137642,0.1743330617988097,0.02898492970212799,0.020276855556090743,0.023194827400008056,0.02898492970212799,0.15685380583163894,0.23160450306016642,0.5044846837829722,0.021566040287236708,0.4842078282268814,0.0012891847311459655,1
116,1,0.95,141,134,0.3120567375886525,0.3049645390070922,0.3546099290780142,1.10031638432907,1.27464944612788,0.17433306179880992,0.02898492970212799,0.020276855556090743,0.023194827400008056,0.02898492970212799,0.15981860400416817,0.23624446653548872,0.5044846837829722,0.022445614105757752,0.4842078282268814,0.0021687585496670096,1
116,2,0.95,141,134,0.3120567375886525,0.2907801418439716,0.3404255319148936,1.0505069381008385,1.2248399998996486,0.17433306179881014,0.02898492970212799,0.020276855556090743,0.023194827400008056,0.02898492970212799,0.15388385414409578,0.226961436004769,0.5044846837829722,0.020702563483359426,0.4842078282268814,0.00042570792726868284,1
116,3,0.95,141,134,0.3120567375886525,0.2907801418439716,0.3404255319148936,1.0505069381008385,1.2248399998996486,0.17433306179881014,0.02898492970212799,0.020276855556090743,0.023194827400008056,0.02898492970212799,0.15388385414409578,0.226961436004769,0.5044846837829722,0.020702563483359426,0.4842078282268814,0.00042570792726868284,1
116,4,0.95,141,134,0.3120567375886525,0.3049645390070922,0.3546099290780142,1.10031638432907,1.27464944612788,0.17433306179880992,0.02898492970212799,0.020276855556090743,0.023194827400008056,0.02898492970212799,0.15981860400416817,0.23624446653548872,0.5044846837829722,0.022445614105757752,0.4842078282268814,0.0021687585496670096,1
117,0,0.5,165,83,0.3575757575757576,0.18181818181818182,0.6787878787878788,0.6678798284385155,2.4130216990167326,1.7451418705782171,0.02898492970212799,0.026047591902670957,0.023194827400008056,0.02898492970212799,0.2014894946114522,0.3019544789657124,0.6330535422951211,0.03666822654654938,0.6070059503924502,0.010620634643878423,1
117,1,0.5,165,83,0.3575757575757576,0.20606060606060606,0.703030303030303,0.7530087001740382,2.4981505707522556,1.7451418705782173,0.02898492970212799,0.026047591902670957,0.023194827400008056,0.02898492970212799,0.21150333892948184,0.3178747435916669,0.6330535422951211,0.040603595599729626,0.6070059503924502,0.014556003697058669,1
117,2,0.5,165,83,0.3575757575757576,0.18787878787878787,0.6848484848484848,0.6891620463723962,2.4343039169506135,1.7451418705782173,0.02898492970212799,0.026047591902670957,0.023194827400008056,0.02898492970212799,0.2039925623579114,0.3059294109265655,0.6330535422951211,0.03763311425018814,0.6070059503924502,0.011585522347517186,1
117,3,0.5,165,83,0.3575757575757576,0.15151515151515152,0.6484848484848484,0.561468738769112,2.306610609347329,1.7451418705782171,0.02898492970212799,0.026047591902670957,0.023194827400008056,0.02898492970212799,0.1889694761419324,0.2821184179107822,0.6330535422951211,0.03203007339051771,0.6070059503924502,0.00598248148784675,1
117,4,0.5,165,83,0.3575757575757576,0.19393939393939394,0.6909090909090909,0.7104442643062768,2.455586134884494,1.7451418705782173,0.02898492970212799,0.026047591902670957,0.023194827400008056,0.02898492970212799,0.20649576541937711,0.309907576063289,0.6330535422951211,0.038610585827746874,0.6070059503924502,0.012562993925075917,1
117,0,0.8,165,132,0.3575757575757576,0.3090909090909091,0.509090909090909,1.1148064050500102,1.817119596868073,0.7023131918180627,0.02898492970212799,0.026047591902670957,0.023194827400008056,0.02898492970212799,0.19272706027554415,0.28806359354244027,0.6330535422951211,0.03338917855694234,0.6070059503924502,0.007341586654271381,1
117,1,0.8,165,132,0.3575757575757576,0.2545454545454545,0.45454545454545453,0.9232664436450837,1.6255796354631467,0.702313191818063,0.02898492970212799,0.026047591902670957,0.023194827400008056,0.02898492970212799,0.1701334178427598,0.2524250969427531,0.6330535422951211,0.027137299982845975,0.6070059503924502,0.0010897080801750177,1
117,2,0.8,165,132,0.3575757575757576,0.3151515151515151,0.5151515151515151,1.1360886229838907,1.8384018148019536,0.702313191818063,0.02898492970212799,0.026047591902670957,0.023194827400008056,0.02898492970212799,0.19523116271395638,0.2920294367707084,0.6330535422951211,0.034310583640364184,0.6070059503924502,0.008262991737693227,1
117,3,0.8,165,132,0.3575757575757576,0.28484848484848485,0.48484848484848486,1.0296775333144872,1.7319907251325504,0.7023131918180632,0.02898492970212799,0.026047591902670957,0.023194827400008056,0.02898492970212799,0.18270138351085738,0.27221700210848987,0.6330535422951211,0.029825767866564237,0.6070059503924502,0.0037781759638932794,1
117,4,0.8,165,132,0.3575757575757576,0.28484848484848485,0.48484848484848486,1.0296775333144872,1.7319907251325504,0.7023131918180632,0.02898492970212799,0.026047591902670957,0.023194827400008056,0.02898492970212799,0.18270138351085738,0.27221700210848987,0.6330535422951211,0.029825767866564237,0.6070059503924502,0.0037781759638932794,1
117,0,0.95,165,157,0.3575757575757576,0.3393939393939394,0.3878787878787879,1.2212174947194137,1.3914752381904592,0.1702577434710455,0.02898492970212799,0.026047591902670957,0.023194827400008056,0.02898492970212799,0.17390933808577683,0.2583626602195231,0.6330535422951211,0.026866271111717487,0.6070059503924502,0.0008186792090465293,1
117,1,0.95,165,157,0.3575757575757576,0.3515151515151515,0.4,1.263781930587175,1.4340396740582206,0.17025774347104572,0.02898492970212799,0.026047591902670957,0.023194827400008056,0.02898492970212799,0.1789361592817044,0.26627891137115156,0.6330535422951211,0.028539425912853394,0.6070059503924502,0.0024918340101824366,1
117,2,0.95,165,157,0.3575757575757576,0.3393939393939394,0.3878787878787879,1.2212174947194137,1.3914752381904592,0.1702577434710455,0.02898492970212799,0.026047591902670957,0.023194827400008056,0.02898492970212799,0.17390933808577683,0.2583626602195231,0.6330535422951211,0.026866271111717487,0.6070059503924502,0.0008186792090465293,1
117,3,0.95,165,157,0.3575757575757576,0.3333333333333333,0.38181818181818183,1.199935276785533,1.3701930202565786,0.17025774347104572,0.02898492970212799,0.026047591902670957,0.023194827400008056,0.02898492970212799,0.1713926637201052,0.2544043941376038,0.6330535422951211,0.02604759190267203,0.6070059503924502,1.0720591081536668e-15,1
117,4,0.95,165,157,0.3575757575757576,0.34545454545454546,0.3939393939393939,1.2424997126532942,1.41275745612434,0.17025774347104572,0.02898492970212799,0.026047591902670957,0.023194827400008056,0.02898492970212799,0.1764237665941641,0.2623207349108496,0.6330535422951211,0.027696870087388803,0.6070059503924502,0.0016492781847178457,1
118,0,0.5,125,63,0.336,0.184,0.68,0.6755414268947124,2.417278142603509,1.7417367157087966,0.02898492970212799,0.023229366573915645,0.023194827400008056,0.02898492970212799,0.20219035096289958,0.3030671503938518,0.5709528706942921,0.036937131003242515,0.5477235041203765,0.01370776442932687,1
118,1,0.5,125,63,0.336,0.168,0.664,0.6193563715492675,2.3610930872580638,1.7417367157087962,0.02898492970212799,0.023229366573915645,0.023194827400008056,0.02898492970212799,0.1955816898381608,0.2925848274192275,0.5709528706942921,0.03444056360318731,0.5477235041203765,0.011211197029271668,1
118,2,0.5,125,63,0.336,0.152,0.648,0.5631713162038224,2.304908031912619,1.7417367157087966,0.02898492970212799,0.023229366573915645,0.023194827400008056,0.02898492970212799,0.1889694761419324,0.2821184179107822,0.5709528706942921,0.03203007339051771,0.5477235041203765,0.008800706816602062,1
118,3,0.5,125,63,0.336,0.16,0.656,0.591263843876545,2.3330005595853414,1.7417367157087964,0.02898492970212799,0.023229366573915645,0.023194827400008056,0.02898492970212799,0.19227624992760814,0.28734995826191295,0.5709528706942921,0.03322463128767186,0.5477235041203765,0.009995264713756218,1
118,4,0.5,125,63,0.336,0.16,0.656,0.591263843876545,2.3330005595853414,1.7417367157087964,0.02898492970212799,0.023229366573915645,0.023194827400008056,0.02898492970212799,0.19227624992760814,0.28734995826191295,0.5709528706942921,0.03322463128767186,0.5477235041203765,0.009995264713756218,1
118,0,0.8,125,100,0.336,0.272,0.472,0.9845592312946603,1.6868724231127232,0.702313191818063,0.02898492970212799,0.023229366573915645,0.023194827400008056,0.02898492970212799,0.17737870435019615,0.26382481417576786,0.5709528706942921,0.02801563066995037,0.5477235041203765,0.004786264096034724,1
118,1,0.8,125,100,0.336,0.288,0.488,1.0407442866401053,1.7430574784581683,0.702313191818063,0.02898492970212799,0.023229366573915645,0.023194827400008056,0.02898492970212799,0.18400582667888302,0.2742759240177937,0.5709528706942921,0.030278027718201473,0.5477235041203765,0.0070486611442858275,1
118,2,0.8,125,100,0.336,0.272,0.472,0.9845592312946603,1.6868724231127232,0.702313191818063,0.02898492970212799,0.023229366573915645,0.023194827400008056,0.02898492970212799,0.17737870435019615,0.26382481417576786,0.5709528706942921,0.02801563066995037,0.5477235041203765,0.004786264096034724,1
118,3,0.8,125,100,0.336,0.256,0.456,0.9283741759492152,1.6306873677672782,0.702313191818063,0.02898492970212799,0.023229366573915645,0.023194827400008056,0.02898492970212799,0.17073793428039327,0.25337517715035507,0.5709528706942921,0.025836683516728024,0.5477235041203765,0.0026073169428123787,1
118,4,0.8,125,100,0.336,0.296,0.496,1.0688368143128277,1.7711500061308907,0.702313191818063,0.02898492970212799,0.023229366573915645,0.023194827400008056,0.02898492970212799,0.1873154483269212,0.2795036926707996,0.5709528706942921,0.031440768215377064,0.5477235041203765,0.008211401641461419,1
118,0,0.95,125,119,0.336,0.304,0.352,1.0969293419855504,1.2654845080218853,0.1685551660363349,0.02898492970212799,0.023229366573915645,0.023194827400008056,0.02898492970212799,0.15907193954281568,0.2350754599328993,0.5709528706942921,0.02606803673611513,0.5477235041203765,0.0028386701621994845,1
118,1,0.95,125,119,0.336,0.328,0.376,1.1812069250037178,1.3497620910400532,0.16855516603633536,0.02898492970212799,0.023229366573915645,0.023194827400008056,0.02898492970212799,0.16907515653060115,0.25076236589350853,0.5709528706942921,0.025304905425235256,0.5477235041203765,0.0020755388513196103,1
118,2,0.95,125,119,0.336,0.336,0.384,1.2092994526764405,1.3778546187127756,0.16855516603633514,0.02898492970212799,0.023229366573915645,0.023194827400008056,0.02898492970212799,0.1723996165405911,0.2559877424138811,0.5709528706942921,0.02637363545253103,0.5477235041203765,0.003144268878615384,1
118,3,0.95,125,119,0.336,0.32,0.368,1.1531143973309954,1.3216695633673303,0.1685551660363349,0.02898492970212799,0.023229366573915645,0.023194827400008056,0.02898492970212799,0.16574606432582747,0.24553566027941792,0.5709528706942921,0.024256836552984787,0.5477235041203765,0.0010274699790691413,1
118,4,0.95,125,119,0.336,0.328,0.376,1.1812069250037178,1.3497620910400532,0.16855516603633536,0.02898492970212799,0.023229366573915645,0.023194827400008056,0.02898492970212799,0.16907515653060115,0.25076236589350853,0.5709528706942921,0.025304905425235256,0.5477235041203765,0.0020755388513196103,1
119,0,0.5,120,60,0.49166666666666664,0.25,0.75,0.9073047801946733,2.663087759739831,1.7557829795451578,0.02898492970212799,0.04702961298162932,0.023194827400008056,0.02898492970212799,0.2303193518490982,0.3479163758712702,1.0629249350678653,0.04854061679920672,1.0158953220862361,0.0015110038175774054,1
119,1,0.5,120,60,0.49166666666666664,0.225,0.725,0.8195156312174154,2.5752986107625726,1.7557829795451572,0.02898492970212799,0.04702961298162932,0.023194827400008056,0.02898492970212799,0.21996081366501533,0.33135763742443053,1.0629249350678653,0.054672768313187126,1.0158953220862361,0.007643155331557808,1
119,2,0.5,120,60,0.49166666666666664,0.25833333333333336,0.7583333333333333,0.9365678298537593,2.6923508093989166,1.7557829795451574,0.02898492970212799,0.04702961298162932,0.023194827400008056,0.02898492970212799,0.23377964368211657,0.35345878217618876,1.0629249350678653,0.05007732892649505,1.0158953220862361,0.0030477159448657337,1
119,3,0.5,120,60,0.49166666666666664,0.2,0.7,0.7317264822401576,2.487509461785315,1.7557829795451574,0.02898492970212799,0.04702961298162932,0.023194827400008056,0.02898492970212799,0.2096252496136923,0.31488526211283757,1.0629249350678653,0.06737151873953928,1.0158953220862361,0.020341905757909964,1
119,4,0.5,120,60,0.49166666666666664,0.275,0.775,0.9950939291719313,2.7508769087170886,1.7557829795451574,0.02898492970212799,0.04702961298162932,0.023194827400008056,0.02898492970212799,0.24071446633884175,0.3645826827844482,1.0629249350678653,0.05322916497801654,1.0158953220862361,0.00619955199638722,1
119,0,0.8,120,96,0.49166666666666664,0.4166666666666667,0.6166666666666667,1.4925657733763926,2.1948789651944556,0.702313191818063,0.02898492970212799,0.04702961298162932,0.023194827400008056,0.02898492970212799,0.23724450872939137,0.3590139420439838,1.0629249350678653,0.05164006674766243,1.0158953220862361,0.004610453766033112,1
119,1,0.8,120,96,0.49166666666666664,0.38333333333333336,0.5833333333333334,1.3755135747400489,2.077826766558112,0.7023131918180632,0.02898492970212799,0.04702961298162932,0.023194827400008056,0.02898492970212799,0.22341044192920684,0.33686659375630523,1.0629249350678653,0.050771330214145705,1.0158953220862361,0.0037417172325163867,1
119,2,0.8,120,96,0.49166666666666664,0.38333333333333336,0.5833333333333334,1.3755135747400489,2.077826766558112,0.7023131918180632,0.02898492970212799,0.04702961298162932,0.023194827400008056,0.02898492970212799,0.22341044192920684,0.33686659375630523,1.0629249350678653,0.050771330214145705,1.0158953220862361,0.0037417172325163867,1
119,3,0.8,120,96,0.49166666666666664,0.425,0.625,1.5218288230354784,2.224142014853541,0.7023131918180627,0.02898492970212799,0.04702961298162932,0.023194827400008056,0.02898492970212799,0.24071446633884175,0.3645826827844482,1.0629249350678653,0.05322916497801654,1.0158953220862361,0.00619955199638722,1
119,4,0.8,120,96,0.49166666666666664,0.36666666666666664,0.5666666666666667,1.3169874754218767,2.0193006672399396,0.702313191818063,0.02898492970212799,0.04702961298162932,0.023194827400008056,0.02898492970212799,0.21651373632995463,0.3258582704536854,1.0629249350678653,0.05873739327666949,1.0158953220862361,0.011707780295040174,1
119,0,0.95,120,114,0.49166666666666664,0.4666666666666667,0.5166666666666667,1.6681440713309081,1.843722369285424,0.17557829795451596,0.02898492970212799,0.04702961298162932,0.023194827400008056,0.02898492970212799,0.22686312038156525,0.34238591196264984,1.0629249350678653,0.04702961298163187,1.0158953220862361,2.55351295663786e-15,1
119,1,0.95,120,114,0.49166666666666664,0.4583333333333333,0.5083333333333333,1.6388810216718221,1.8144593196263379,0.17557829795451574,0.02898492970212799,0.04702961298162932,0.023194827400008056,0.02898492970212799,0.22341044192920692,0.3368665937563048,1.0629249350678653,0.05077133021414604,1.0158953220862361,0.0037417172325167197,1
119,2,0.95,120,114,0.49166666666666664,0.48333333333333334,0.5333333333333333,1.7266701706490801,1.9022484686035959,0.17557829795451574,0.02898492970212799,0.04702961298162932,0.023194827400008056,0.02898492970212799,0.23377964368211657,0.3534587821761887,1.0629249350678653,0.05007732892649505,1.0158953220862361,0.0030477159448657337,1
119,3,0.95,120,114,0.49166666666666664,0.475,0.525,1.6974071209899941,1.8729854189445099,0.17557829795451574,0.02898492970212799,0.04702961298162932,0.023194827400008056,0.02898492970212799,0.2303193518490982,0.3479163758712702,1.0629249350678653,0.04854061679920672,1.0158953220862361,0.0015110038175774054,1
119,4,0.95,120,114,0.49166666666666664,0.475,0.525,1.6974071209899941,1.8729854189445099,0.17557829795451574,0.02898492970212799,0.04702961298162932,0.023194827400008056,0.02898492970212799,0.2303193518490982,0.3479163758712702,1.0629249350678653,0.04854061679920672,1.0158953220862361,0.0015110038175774054,1
120,0,0.5,130,65,0.5076923076923077,0.24615384615384617,0.7461538461538462,0.8937987572750953,2.6495817368202528,1.7557829795451574,0.02898492970212799,0.049958200461482714,0.023194827400008056,0.02898492970212799,0.22872369438264567,0.3453624186487011,1.1191794831105417,0.05530751722438376,1.069221282649059,0.005349316762901048,1
120,1,0.5,130,65,0.5076923076923077,0.25384615384615383,0.7538461538461538,0.9208108031142513,2.676593782659409,1.7557829795451574,0.02898492970212799,0.049958200461482714,0.023194827400008056,0.02898492970212799,0.2319158741687077,0.3504728768341763,1.1191794831105417,0.05170834496631216,1.069221282649059,0.0017501445048294442,1
120,2,0.5,130,65,0.5076923076923077,0.23076923076923078,0.7307692307692307,0.8397746655967826,2.5955576451419398,1.7557829795451572,0.02898492970212799,0.049958200461482714,0.023194827400008056,0.02898492970212799,0.22234871621638091,0.3351704627118261,1.1191794831105417,0.06290988226762984,1.069221282649059,0.012951681806147121,1
120,3,0.5,130,65,0.5076923076923077,0.23846153846153847,0.7384615384615385,0.8667867114359389,2.6225696909810963,1.7557829795451574,0.02898492970212799,0.049958200461482714,0.023194827400008056,0.02898492970212799,0.22553477420951537,0.34026182132975563,1.1191794831105417,0.05904051541676014,1.069221282649059,0.009082314955277428,1
120,4,0.5,130,65,0.5076923076923077,0.23846153846153847,0.7384615384615385,0.8667867114359389,2.6225696909810963,1.7557829795451574,0.02898492970212799,0.049958200461482714,0.023194827400008056,0.02898492970212799,0.22553477420951537,0.34026182132975563,1.1191794831105417,0.05904051541676014,1.069221282649059,0.009082314955277428,1
120,0,0.8,130,104,0.5076923076923077,0.4153846153846154,0.6153846153846154,1.4880637657365332,2.190376957554596,0.702313191818063,0.02898492970212799,0.049958200461482714,0.023194827400008056,0.02898492970212799,0.23671113418295434,0.35815843901099476,1.1191794831105417,0.051397938362521524,1.069221282649059,0.0014397379010388095,1
120,1,0.8,130,104,0.5076923076923077,0.3923076923076923,0.5923076923076923,1.4070276282190644,2.1093408200371275,0.7023131918180632,0.02898492970212799,0.049958200461482714,0.023194827400008056,0.02898492970212799,0.22712885176222244,0.34281092648716865,1.1191794831105417,0.05715713364848363,1.069221282649059,0.007198933187000912,1
120,2,0.8,130,104,0.5076923076923077,0.4153846153846154,0.6153846153846154,1.4880637657365332,2.190376957554596,0.702313191818063,0.02898492970212799,0.049958200461482714,0.023194827400008056,0.02898492970212799,0.23671113418295434,0.35815843901099476,1.1191794831105417,0.051397938362521524,1.069221282649059,0.0014397379010388095,1
120,3,0.8,130,104,0.5076923076923077,0.4,0.6,1.4340396740582206,2.1363528658762836,0.702313191818063,0.02898492970212799,0.049958200461482714,0.023194827400008056,0.02898492970212799,0.2303193518490982,0.3479163758712702,1.1191794831105417,0.05349135435475527,1.069221282649059,0.0035331538932725573,1
120,4,0.8,130,104,0.5076923076923077,0.4076923076923077,0.6076923076923076,1.4610517198973767,2.1633649117154397,0.702313191818063,0.02898492970212799,0.049958200461482714,0.023194827400008056,0.02898492970212799,0.23351331159795097,0.35303200087305187,1.1191794831105417,0.04995820046148525,1.069221282649059,2.5326962749261384e-15,1
120,0,0.95,130,124,0.5076923076923077,0.47692307692307695,0.5230769230769231,1.7041601324497833,1.8662324074847207,0.16207227503493749,0.02898492970212799,0.049958200461482714,0.023194827400008056,0.02898492970212799,0.2303193518490982,0.3479163758712702,1.1191794831105417,0.05349135435475527,1.069221282649059,0.0035331538932725573,1
120,1,0.95,130,124,0.5076923076923077,0.4846153846153846,0.5307692307692308,1.7311721782889395,1.8932444533238773,0.1620722750349377,0.02898492970212799,0.049958200461482714,0.023194827400008056,0.02898492970212799,0.2335133115979509,0.3530320008730519,1.1191794831105417,0.04995820046148536,1.069221282649059,2.643718577388654e-15,1
120,2,0.95,130,124,0.5076923076923077,0.47692307692307695,0.5230769230769231,1.7041601324497833,1.8662324074847207,0.16207227503493749,0.02898492970212799,0.049958200461482714,0.023194827400008056,0.02898492970212799,0.2303193518490982,0.3479163758712702,1.1191794831105417,0.05349135435475527,1.069221282649059,0.0035331538932725573,1
120,3,0.95,130,124,0.5076923076923077,0.46923076923076923,0.5153846153846153,1.677148086610627,1.8392203616455642,0.16207227503493726,0.02898492970212799,0.049958200461482714,0.023194827400008056,0.02898492970212799,0.22712885176222244,0.34281092648716854,1.1191794831105417,0.05715713364848363,1.069221282649059,0.007198933187000912,1
120,4,0.95,130,124,0.5076923076923077,0.46923076923076923,0.5153846153846153,1.677148086610627,1.8392203616455642,0.16207227503493726,0.02898492970212799,0.049958200461482714,0.023194827400008056,0.02898492970212799,0.22712885176222244,0.34281092648716854,1.1191794831105417,0.05715713364848363,1.069221282649059,0.007198933187000912,1
121,0,0.5,139,70,0.5539568345323741,0.2949640287769784,0.7913669064748201,1.065198933031468,2.808350380349682,1.743151447318214,0.02898492970212799,0.05896111115597871,0.023194827400008056,0.02898492970212799,0.2482986810668386,0.37677291466235124,1.287356106971141,0.06432009039327513,1.2283949958151623,0.0053589792372964185,1
121,1,0.5,139,70,0.5539568345323741,0.26618705035971224,0.762589928057554,0.9641466752159195,2.7072981225341337,1.7431514473182141,0.02898492970212799,0.05896111115597871,0.023194827400008056,0.02898492970212799,0.2362967956557093,0.3574939515551356,1.287356106971141,0.07982741005347282,1.2283949958151623,0.020866298897494112,1
121,2,0.5,139,70,0.5539568345323741,0.26618705035971224,0.762589928057554,0.9641466752159195,2.7072981225341337,1.7431514473182141,0.02898492970212799,0.05896111115597871,0.023194827400008056,0.02898492970212799,0.2362967956557093,0.3574939515551356,1.287356106971141,0.07982741005347282,1.2283949958151623,0.020866298897494112,1
121,3,0.5,139,70,0.5539568345323741,0.30935251798561153,0.8057553956834532,1.1157250619392425,2.858876509257456,1.7431514473182137,0.02898492970212799,0.05896111115597871,0.023194827400008056,0.02898492970212799,0.2543286380706001,0.386483208643688,1.287356106971141,0.05969648338143428,1.2283949958151623,0.0007353722254555689,1
121,4,0.5,139,70,0.5539568345323741,0.2949640287769784,0.7913669064748201,1.065198933031468,2.808350380349682,1.743151447318214,0.02898492970212799,0.05896111115597871,0.023194827400008056,0.02898492970212799,0.2482986810668386,0.37677291466235124,1.287356106971141,0.06432009039327513,1.2283949958151623,0.0053589792372964185,1
121,0,0.8,139,112,0.5539568345323741,0.4460431654676259,0.6402877697841727,1.5957232865630984,2.277826026818052,0.6821027402549535,0.02898492970212799,0.05896111115597871,0.023194827400008056,0.02898492970212799,0.2482986810668386,0.37677291466235124,1.287356106971141,0.06432009039327513,1.2283949958151623,0.0053589792372964185,1
121,1,0.8,139,112,0.5539568345323741,0.4460431654676259,0.6402877697841727,1.5957232865630984,2.277826026818052,0.6821027402549535,0.02898492970212799,0.05896111115597871,0.023194827400008056,0.02898492970212799,0.2482986810668386,0.37677291466235124,1.287356106971141,0.06432009039327513,1.2283949958151623,0.0053589792372964185,1
121,2,0.8,139,112,0.5539568345323741,0.4316546762589928,0.6258992805755396,1.545197157655324,2.227299897910277,0.6821027402549531,0.02898492970212799,0.05896111115597871,0.023194827400008056,0.02898492970212799,0.2422889996653619,0.36711134392935474,1.287356106971141,0.0718487567959799,1.2283949958151623,0.012887645640001194,1
121,3,0.8,139,112,0.5539568345323741,0.45323741007194246,0.6474820143884892,1.6209863510169857,2.3030890912719384,0.6821027402549527,0.02898492970212799,0.05896111115597871,0.023194827400008056,0.02898492970212799,0.2513109465891065,0.38162167920647283,1.287356106971141,0.06072042064632899,1.2283949958151623,0.0017593094903502748,1
121,4,0.8,139,112,0.5539568345323741,0.4460431654676259,0.6402877697841727,1.5957232865630984,2.277826026818052,0.6821027402549535,0.02898492970212799,0.05896111115597871,0.023194827400008056,0.02898492970212799,0.2482986810668386,0.37677291466235124,1.287356106971141,0.06432009039327513,1.2283949958151623,0.0053589792372964185,1
121,0,0.95,139,133,0.5539568345323741,0.5323741007194245,0.5755395683453237,1.8988800600097444,2.0504584467330673,0.1515783867233229,0.02898492970212799,0.05896111115597871,0.023194827400008056,0.02898492970212799,0.2528190914157673,0.38405081104922084,1.287356106971141,0.05896111115598214,1.2283949958151623,3.427813588530171e-15,1
121,1,0.95,139,133,0.5539568345323741,0.539568345323741,0.5827338129496403,1.9241431244636313,2.0757215111869542,0.1515783867233229,0.02898492970212799,0.05896111115597871,0.023194827400008056,0.02898492970212799,0.2558396324384576,0.38891894767762053,1.287356106971141,0.06043712487747592,1.2283949958151623,0.0014760137214972074,1
121,2,0.95,139,133,0.5539568345323741,0.539568345323741,0.5827338129496403,1.9241431244636313,2.0757215111869542,0.1515783867233229,0.02898492970212799,0.05896111115597871,0.023194827400008056,0.02898492970212799,0.2558396324384576,0.38891894767762053,1.287356106971141,0.06043712487747592,1.2283949958151623,0.0014760137214972074,1
121,3,0.95,139,133,0.5539568345323741,0.5179856115107914,0.5611510791366906,1.8483539311019699,1.9999323178252926,0.1515783867233227,0.02898492970212799,0.05896111115597871,0.023194827400008056,0.02898492970212799,0.24679447073060262,0.37435313512164753,1.287356106971141,0.06616080536105318,1.2283949958151623,0.007199694205074464,1
121,4,0.95,139,133,0.5539568345323741,0.5251798561151079,0.5683453237410072,1.873616995555857,2.02519538227918,0.1515783867233229,0.02898492970212799,0.05896111115597871,0.023194827400008056,0.02898492970212799,0.24980415814677556,0.3791957383619353,1.287356106971141,0.06250668917727831,1.2283949958151623,0.0035455780212995947,1
122,0,0.5,120,60,0.525,0.275,0.775,0.9950939291719313,2.7508769087170886,1.7557829795451574,0.02898492970212799,0.05322916497801654,0.023194827400008056,0.02898492970212799,0.24071446633884175,0.3645826827844482,1.18108875973943,0.05322916497801944,1.1278595947614134,2.9004576518332215e-15,1
122,1,0.5,120,60,0.525,0.24166666666666667,0.7416666666666667,0.8780417305355873,2.633824710080745,1.7557829795451578,0.02898492970212799,0.05322916497801654,0.023194827400008056,0.02898492970212799,0.22686312038156525,0.34238591196264984,1.18108875973943,0.06989723129934211,1.1278595947614134,0.016668066321325573,1
122,2,0.5,120,60,0.525,0.25833333333333336,0.7583333333333333,0.9365678298537593,2.6923508093989166,1.7557829795451574,0.02898492970212799,0.05322916497801654,0.023194827400008056,0.02898492970212799,0.23377964368211657,0.35345878217618876,1.18108875973943,0.06125345616495825,1.1278595947614134,0.008024291186941715,1
122,3,0.5,120,60,0.525,0.275,0.775,0.9950939291719313,2.7508769087170886,1.7557829795451574,0.02898492970212799,0.05322916497801654,0.023194827400008056,0.02898492970212799,0.24071446633884175,0.3645826827844482,1.18108875973943,0.05322916497801944,1.1278595947614134,2.9004576518332215e-15,1
122,4,0.5,120,60,0.525,0.24166666666666667,0.7416666666666667,0.8780417305355873,2.633824710080745,1.7557829795451578,0.02898492970212799,0.05322916497801654,0.023194827400008056,0.02898492970212799,0.22686312038156525,0.34238591196264984,1.18108875973943,0.06989723129934211,1.1278595947614134,0.016668066321325573,1
122,0,0.8,120,96,0.525,0.43333333333333335,0.6333333333333333,1.5510918726945644,2.2534050645126276,0.7023131918180632,0.02898492970212799,0.05322916497801654,0.023194827400008056,0.02898492970212799,0.24419004338971637,0.3701658495959225,1.18108875973943,0.05484497642287723,1.1278595947614134,0.0016158114448606917,1
122,1,0.8,120,96,0.525,0.4166666666666667,0.6166666666666667,1.4925657733763926,2.1948789651944556,0.702313191818063,0.02898492970212799,0.05322916497801654,0.023194827400008056,0.02898492970212799,0.23724450872939137,0.3590139420439838,1.18108875973943,0.05716531697651406,1.1278595947614134,0.00393615199849752,1
122,2,0.8,120,96,0.525,0.4083333333333333,0.6083333333333333,1.4633027237173064,2.165615915535369,0.7023131918180627,0.02898492970212799,0.05322916497801654,0.023194827400008056,0.02898492970212799,0.23377964368211657,0.35345878217618876,1.18108875973943,0.06125345616495825,1.1278595947614134,0.008024291186941715,1
122,3,0.8,120,96,0.525,0.4083333333333333,0.6083333333333333,1.4633027237173064,2.165615915535369,0.7023131918180627,0.02898492970212799,0.05322916497801654,0.023194827400008056,0.02898492970212799,0.23377964368211657,0.35345878217618876,1.18108875973943,0.06125345616495825,1.1278595947614134,0.008024291186941715,1
122,4,0.8,120,96,0.525,0.4166666666666667,0.6166666666666667,1.4925657733763926,2.1948789651944556,0.702313191818063,0.02898492970212799,0.05322916497801654,0.023194827400008056,0.02898492970212799,0.23724450872939137,0.3590139420439838,1.18108875973943,0.05716531697651406,1.1278595947614134,0.00393615199849752,1
122,0,0.95,120,114,0.525,0.5083333333333333,0.5583333333333333,1.8144593196263379,1.9900376175808538,0.17557829795451596,0.02898492970212799,0.05322916497801654,0.023194827400008056,0.02898492970212799,0.24419004338971623,0.3701658495959224,1.18108875973943,0.05484497642287717,1.1278595947614134,0.0016158114448606292,1
122,1,0.95,120,114,0.525,0.48333333333333334,0.5333333333333333,1.7266701706490801,1.9022484686035959,0.17557829795451574,0.02898492970212799,0.05322916497801654,0.023194827400008056,0.02898492970212799,0.23377964368211657,0.3534587821761887,1.18108875973943,0.06125345616495825,1.1278595947614134,0.008024291186941715,1
122,2,0.95,120,114,0.525,0.49166666666666664,0.5416666666666666,1.755933220308166,1.9315115182626816,0.17557829795451574,0.02898492970212799,0.05322916497801654,0.023194827400008056,0.02898492970212799,0.23724450872939143,0.3590139420439836,1.18108875973943,0.05716531697651406,1.1278595947614134,0.00393615199849752,1
122,3,0.95,120,114,0.525,0.5,0.55,1.7851962699672521,1.9607745679217679,0.17557829795451574,0.02898492970212799,0.05322916497801654,0.023194827400008056,0.02898492970212799,0.2407144663388417,0.3645826827844482,1.18108875973943,0.053229164978019536,1.1278595947614134,2.9976021664879227e-15,1
122,4,0.95,120,114,0.525,0.5,0.55,1.7851962699672521,1.9607745679217679,0.17557829795451574,0.02898492970212799,0.05322916497801654,0.023194827400008056,0.02898492970212799,0.2407144663388417,0.3645826827844482,1.18108875973943,0.053229164978019536,1.1278595947614134,2.9976021664879227e-15,1
123,0,0.5,136,68,0.6323529411764706,0.3161764705882353,0.8161764705882353,1.1396878216050617,2.8954708011502195,1.7557829795451578,0.02898492970212799,0.07624203222416201,0.023194827400008056,0.02898492970212799,0.2579530924886902,0.39232755887897486,1.5922708328549842,0.11710677336513986,1.5160288006308222,0.04086474114097785,1
123,1,0.5,136,68,0.6323529411764706,0.34558823529411764,0.8455882352941176,1.2429691733430122,2.9987521528881693,1.7557829795451572,0.02898492970212799,0.07624203222416201,0.023194827400008056,0.02898492970212799,0.27038771842834075,0.41242209996848295,1.5922708328549842,0.09788351759355085,1.5160288006308222,0.02164148536938884,1
123,2,0.5,136,68,0.6323529411764706,0.3088235294117647,0.8088235294117647,1.1138674836705742,2.869650463215732,1.7557829795451578,0.02898492970212799,0.07624203222416201,0.023194827400008056,0.02898492970212799,0.2548617625139986,0.3873424957688262,1.5922708328549842,0.12218947177865713,1.5160288006308222,0.04594743955449512,1
123,3,0.5,136,68,0.6323529411764706,0.3088235294117647,0.8088235294117647,1.1138674836705742,2.869650463215732,1.7557829795451578,0.02898492970212799,0.07624203222416201,0.023194827400008056,0.02898492970212799,0.2548617625139986,0.3873424957688262,1.5922708328549842,0.12218947177865713,1.5160288006308222,0.04594743955449512,1
123,4,0.5,136,68,0.6323529411764706,0.3088235294117647,0.8088235294117647,1.1138674836705742,2.869650463215732,1.7557829795451578,0.02898492970212799,0.07624203222416201,0.023194827400008056,0.02898492970212799,0.2548617625139986,0.3873424957688262,1.5922708328549842,0.12218947177865713,1.5160288006308222,0.04594743955449512,1
123,0,0.8,136,109,0.6323529411764706,0.49264705882352944,0.6911764705882353,1.7593759320327644,2.45652505626393,0.6971491242311656,0.02898492970212799,0.07624203222416201,0.023194827400008056,0.02898492970212799,0.26882677515343234,0.4098958583401446,1.5922708328549842,0.10019155138941671,1.5160288006308222,0.0239495191652547,1
123,1,0.8,136,109,0.6323529411764706,0.5147058823529411,0.7132352941176471,1.836836945836227,2.533986070067393,0.6971491242311658,0.02898492970212799,0.07624203222416201,0.023194827400008056,0.02898492970212799,0.27822436249390237,0.42512118417308314,1.5922708328549842,0.08673912536518769,1.5160288006308222,0.010497093141025676,1
123,2,0.8,136,109,0.6323529411764706,0.5147058823529411,0.7132352941176471,1.836836945836227,2.533986070067393,0.6971491242311658,0.02898492970212799,0.07624203222416201,0.023194827400008056,0.02898492970212799,0.27822436249390237,0.42512118417308314,1.5922708328549842,0.08673912536518769,1.5160288006308222,0.010497093141025676,1
123,3,0.8,136,109,0.6323529411764706,0.4852941176470588,0.6838235294117647,1.7335555940982768,2.4307047183294426,0.6971491242311658,0.02898492970212799,0.07624203222416201,0.023194827400008056,0.02898492970212799,0.2657108265470236,0.40485618990255356,1.5922708328549842,0.10488803408896152,1.5160288006308222,0.028646001864799514,1
123,4,0.8,136,109,0.6323529411764706,0.5147058823529411,0.7132352941176471,1.836836945836227,2.533986070067393,0.6971491242311658,0.02898492970212799,0.07624203222416201,0.023194827400008056,0.02898492970212799,0.27822436249390237,0.42512118417308314,1.5922708328549842,0.08673912536518769,1.5160288006308222,0.010497093141025676,1
123,0,0.95,136,130,0.6323529411764706,0.6102941176470589,0.6544117647058824,2.172501338984566,2.327423366591492,0.15492202760692564,0.02898492970212799,0.07624203222416201,0.023194827400008056,0.02898492970212799,0.28611959768216744,0.4379426057583462,1.5922708328549842,0.07624203222416304,1.5160288006308222,1.0269562977782698e-15,1
123,1,0.95,136,130,0.6323529411764706,0.6029411764705882,0.6470588235294118,2.1466810010500783,2.3016030286570044,0.15492202760692608,0.02898492970212799,0.07624203222416201,0.023194827400008056,0.02898492970212799,0.2829539868905799,0.4327985202685264,1.5922708328549842,0.08036414332775665,1.5160288006308222,0.0041221111035946445,1
123,2,0.95,136,130,0.6323529411764706,0.5955882352941176,0.6397058823529411,2.120860663115591,2.2757826907225165,0.15492202760692564,0.02898492970212799,0.07624203222416201,0.023194827400008056,0.02898492970212799,0.27979848127180007,0.4276752671135168,1.5922708328549842,0.08458841166254039,1.5160288006308222,0.008346379438378376,1
123,3,0.95,136,130,0.6323529411764706,0.6029411764705882,0.6470588235294118,2.1466810010500783,2.3016030286570044,0.15492202760692608,0.02898492970212799,0.07624203222416201,0.023194827400008056,0.02898492970212799,0.2829539868905799,0.4327985202685264,1.5922708328549842,0.08036414332775665,1.5160288006308222,0.0041221111035946445,1
123,4,0.95,136,130,0.6323529411764706,0.5955882352941176,0.6397058823529411,2.120860663115591,2.2757826907225165,0.15492202760692564,0.02898492970212799,0.07624203222416201,0.023194827400008056,0.02898492970212799,0.27979848127180007,0.4276752671135168,1.5922708328549842,0.08458841166254039,1.5160288006308222,0.008346379438378376,1
124,0,0.5,79,40,0.5443037974683544,0.26582278481012656,0.759493670886076,0.962867532711925,2.696425411250182,1.733557878538257,0.02898492970212799,0.057013480925538984,0.023194827400008056,0.02898492970212799,0.23557726129654366,0.3563401960447526,1.2515556025136387,0.07320694440690856,1.1945421215880998,0.016193463481369574,1
124,1,0.5,79,40,0.5443037974683544,0.25316455696202533,0.7468354430379747,0.9184173306981237,2.6519752092363804,1.7335578785382566,0.02898492970212799,0.057013480925538984,0.023194827400008056,0.02898492970212799,0.2303193518490982,0.3479163758712702,1.2515556025136387,0.08030354070050483,1.1945421215880998,0.023290059774965843,1
124,2,0.5,79,40,0.5443037974683544,0.25316455696202533,0.7468354430379747,0.9184173306981237,2.6519752092363804,1.7335578785382566,0.02898492970212799,0.057013480925538984,0.023194827400008056,0.02898492970212799,0.2303193518490982,0.3479163758712702,1.2515556025136387,0.08030354070050483,1.1945421215880998,0.023290059774965843,1
124,3,0.5,79,40,0.5443037974683544,0.22784810126582278,0.7215189873417721,0.8295169266705208,2.5630748052087773,1.7335578785382566,0.02898492970212799,0.057013480925538984,0.023194827400008056,0.02898492970212799,0.2198298685436878,0.3311486303906564,1.2515556025136387,0.09561964479313279,1.1945421215880998,0.0386061638675938,1
124,4,0.5,79,40,0.5443037974683544,0.27848101265822783,0.7721518987341772,1.0073177347257265,2.7408756132639835,1.733557878538257,0.02898492970212799,0.057013480925538984,0.023194827400008056,0.02898492970212799,0.24084634427487248,0.3647944328635311,1.2515556025136387,0.06646910501679648,1.1945421215880998,0.009455624091257497,1
124,0,0.8,79,64,0.5443037974683544,0.4177215189873418,0.6075949367088608,1.4962699568775426,2.1630229870845645,0.6667530302070219,0.02898492970212799,0.057013480925538984,0.023194827400008056,0.02898492970212799,0.23557726129654366,0.3563401960447526,1.2515556025136387,0.07320694440690856,1.1945421215880998,0.016193463481369574,1
124,1,0.8,79,64,0.5443037974683544,0.4430379746835443,0.6329113924050633,1.5851703609051453,2.2519233911121677,0.6667530302070224,0.02898492970212799,0.057013480925538984,0.023194827400008056,0.02898492970212799,0.2461284418292629,0.3732820351801044,1.2515556025136387,0.060080023341960276,1.1945421215880998,0.0030665424164212918,1
124,2,0.8,79,64,0.5443037974683544,0.45569620253164556,0.6455696202531646,1.6296205629189469,2.296373593125969,0.6667530302070219,0.02898492970212799,0.057013480925538984,0.023194827400008056,0.02898492970212799,0.251425441068605,0.38180605732343,1.2515556025136387,0.058286243595170456,1.1945421215880998,0.001272762669631472,1
124,3,0.8,79,64,0.5443037974683544,0.45569620253164556,0.6455696202531646,1.6296205629189469,2.296373593125969,0.6667530302070219,0.02898492970212799,0.057013480925538984,0.023194827400008056,0.02898492970212799,0.251425441068605,0.38180605732343,1.2515556025136387,0.058286243595170456,1.1945421215880998,0.001272762669631472,1
124,4,0.8,79,64,0.5443037974683544,0.4430379746835443,0.6329113924050633,1.5851703609051453,2.2519233911121677,0.6667530302070224,0.02898492970212799,0.057013480925538984,0.023194827400008056,0.02898492970212799,0.2461284418292629,0.3732820351801044,1.2515556025136387,0.060080023341960276,1.1945421215880998,0.0030665424164212918,1
124,0,0.95,79,76,0.5443037974683544,0.5316455696202531,0.569620253164557,1.8963217750017556,2.02967238104316,0.13335060604140425,0.02898492970212799,0.057013480925538984,0.023194827400008056,0.02898492970212799,0.251425441068605,0.38180605732343,1.2515556025136387,0.058286243595170456,1.1945421215880998,0.001272762669631472,1
124,1,0.95,79,76,0.5443037974683544,0.5189873417721519,0.5569620253164557,1.8518715729879542,1.9852221790293585,0.13335060604140425,0.02898492970212799,0.057013480925538984,0.023194827400008056,0.02898492970212799,0.2461284418292629,0.3732820351801044,1.2515556025136387,0.060080023341960276,1.1945421215880998,0.0030665424164212918,1
124,2,0.95,79,76,0.5443037974683544,0.5189873417721519,0.5569620253164557,1.8518715729879542,1.9852221790293585,0.13335060604140425,0.02898492970212799,0.057013480925538984,0.023194827400008056,0.02898492970212799,0.2461284418292629,0.3732820351801044,1.2515556025136387,0.060080023341960276,1.1945421215880998,0.0030665424164212918,1
124,3,0.95,79,76,0.5443037974683544,0.5189873417721519,0.5569620253164557,1.8518715729879542,1.9852221790293585,0.13335060604140425,0.02898492970212799,0.057013480925538984,0.023194827400008056,0.02898492970212799,0.2461284418292629,0.3732820351801044,1.2515556025136387,0.060080023341960276,1.1945421215880998,0.0030665424164212918,1
124,4,0.95,79,76,0.5443037974683544,0.5063291139240507,0.5443037974683544,1.807421370974153,1.9407719770155571,0.13335060604140425,0.02898492970212799,0.057013480925538984,0.023194827400008056,0.02898492970212799,0.24084634427487248,0.3647944328635311,1.2515556025136387,0.06646910501679648,1.1945421215880998,0.009455624091257497,1
125,0,0.5,93,47,0.6666666666666666,0.3225806451612903,0.8172043010752689,1.1621765030318736,2.8990800957002016,1.736903592668328,0.02898492970212799,0.08470521995609444,0.023194827400008056,0.02898492970212799,0.25951783124938593,0.394852455779708,1.7339430948541583,0.15040889937321167,1.6492378748980638,0.06570367941711723,1
125,1,0.5,93,47,0.6666666666666666,0.3548387096774194,0.8494623655913979,1.2754528242928513,3.0123564169611794,1.736903592668328,0.02898492970212799,0.08470521995609444,0.023194827400008056,0.02898492970212799,0.2731790571172725,0.4169422942826114,1.7339430948541583,0.1265138371823611,1.6492378748980638,0.04180861722626665,1
125,2,0.5,93,47,0.6666666666666666,0.3333333333333333,0.8279569892473119,1.199935276785533,2.9368388694538607,1.7369035926683278,0.02898492970212799,0.08470521995609444,0.023194827400008056,0.02898492970212799,0.26405544637413536,0.4021805507140343,1.7339430948541583,0.14221077004402805,1.6492378748980638,0.05750555008793361,1
125,3,0.5,93,47,0.6666666666666666,0.3010752688172043,0.7956989247311828,1.086658955524555,2.8235625481928825,1.7369035926683276,0.02898492970212799,0.08470521995609444,0.023194827400008056,0.02898492970212799,0.25048447817658265,0.3802909341511629,1.7339430948541583,0.16753335361302102,1.6492378748980638,0.08282813365692658,1
125,4,0.5,93,47,0.6666666666666666,0.3225806451612903,0.8172043010752689,1.1621765030318736,2.8990800957002016,1.736903592668328,0.02898492970212799,0.08470521995609444,0.023194827400008056,0.02898492970212799,0.25951783124938593,0.394852455779708,1.7339430948541583,0.15040889937321167,1.6492378748980638,0.06570367941711723,1
125,0,0.8,93,75,0.6666666666666666,0.5161290322580645,0.7096774193548387,1.841834430597741,2.5214923581636084,0.6796579275658674,0.02898492970212799,0.08470521995609444,0.023194827400008056,0.02898492970212799,0.2777678015492665,0.42438059666716843,1.7339430948541583,0.11900509178936192,1.6492378748980638,0.03429987183326748,1
125,1,0.8,93,75,0.6666666666666666,0.5913978494623656,0.7849462365591398,2.106145846873356,2.7858037744392234,0.6796579275658674,0.02898492970212799,0.08470521995609444,0.023194827400008056,0.02898492970212799,0.3105373149157037,0.4777719887140296,1.7339430948541583,0.09032267765674085,1.6492378748980638,0.005617457700646408,1
125,2,0.8,93,75,0.6666666666666666,0.5268817204301075,0.7204301075268817,1.8795932043514003,2.5592511319172675,0.6796579275658672,0.02898492970212799,0.08470521995609444,0.023194827400008056,0.02898492970212799,0.28237643407538116,0.4318604812570174,1.7339430948541583,0.11171705328580062,1.6492378748980638,0.027011833329706178,1
125,3,0.8,93,75,0.6666666666666666,0.5376344086021505,0.7311827956989247,1.9173519781050596,2.597009905670927,0.6796579275658674,0.02898492970212799,0.08470521995609444,0.023194827400008056,0.02898492970212799,0.28700648376970334,0.4393845832189131,1.7339430948541583,0.10464601550158725,1.6492378748980638,0.019940795545492815,1
125,4,0.8,93,75,0.6666666666666666,0.5376344086021505,0.7311827956989247,1.9173519781050596,2.597009905670927,0.6796579275658674,0.02898492970212799,0.08470521995609444,0.023194827400008056,0.02898492970212799,0.28700648376970334,0.4393845832189131,1.7339430948541583,0.10464601550158725,1.6492378748980638,0.019940795545492815,1
125,0,0.95,93,89,0.6666666666666666,0.6451612903225806,0.6881720430107527,2.2949397156416524,2.44597481065629,0.15103509501463774,0.02898492970212799,0.08470521995609444,0.023194827400008056,0.02898492970212799,0.30104161206963936,0.462250876960345,1.7339430948541583,0.08470521995609767,1.6492378748980638,3.2335245592207684e-15,1
125,1,0.95,93,89,0.6666666666666666,0.6344086021505376,0.6774193548387096,2.2571809418879933,2.4082160369026306,0.1510350950146373,0.02898492970212799,0.08470521995609444,0.023194827400008056,0.02898492970212799,0.29633733687823893,0.4545767397909871,1.7339430948541583,0.09114257566649941,1.6492378748980638,0.006437355710404977,1
125,2,0.95,93,89,0.6666666666666666,0.6451612903225806,0.6881720430107527,2.2949397156416524,2.44597481065629,0.15103509501463774,0.02898492970212799,0.08470521995609444,0.023194827400008056,0.02898492970212799,0.30104161206963936,0.462250876960345,1.7339430948541583,0.08470521995609767,1.6492378748980638,3.2335245592207684e-15,1
125,3,0.95,93,89,0.6666666666666666,0.6451612903225806,0.6881720430107527,2.2949397156416524,2.44597481065629,0.15103509501463774,0.02898492970212799,0.08470521995609444,0.023194827400008056,0.02898492970212799,0.30104161206963936,0.462250876960345,1.7339430948541583,0.08470521995609767,1.6492378748980638,3.2335245592207684e-15,1
125,4,0.95,93,89,0.6666666666666666,0.6559139784946236,0.6989247311827957,2.332698489395312,2.483733584409949,0.15103509501463686,0.02898492970212799,0.08470521995609444,0.023194827400008056,0.02898492970212799,0.3057742691789337,0.4699814369070761,1.7339430948541583,0.08748241830833232,1.6492378748980638,0.0027771983522378862,1
126,0,0.5,133,67,0.6466165413533834,0.3308270676691729,0.8270676691729323,1.1911343595948303,2.933715963353934,1.7425816037591035,0.02898492970212799,0.0796882956657903,0.023194827400008056,0.02898492970212799,0.2633379724301208,0.4010212512302955,1.6505339158841115,0.12244327021202006,1.5708456202183212,0.04275497454622976,1
126,1,0.5,133,67,0.6466165413533834,0.3383458646616541,0.8345864661654135,1.217537111166938,2.9601187149260415,1.7425816037591035,0.02898492970212799,0.0796882956657903,0.023194827400008056,0.02898492970212799,0.2665183557621168,0.4061618603702763,1.6505339158841115,0.11725303075765048,1.5708456202183212,0.037564735091860174,1
126,2,0.5,133,67,0.6466165413533834,0.3308270676691729,0.8270676691729323,1.1911343595948303,2.933715963353934,1.7425816037591035,0.02898492970212799,0.0796882956657903,0.023194827400008056,0.02898492970212799,0.2633379724301208,0.4010212512302955,1.6505339158841115,0.12244327021202006,1.5708456202183212,0.04275497454622976,1
126,3,0.5,133,67,0.6466165413533834,0.3684210526315789,0.8646616541353384,1.3231481174553685,3.065729721214472,1.7425816037591033,0.02898492970212799,0.0796882956657903,0.023194827400008056,0.02898492970212799,0.2793248122706985,0.42690660154790816,1.6505339158841115,0.09760843340093173,1.5708456202183212,0.017920137735141423,1
126,4,0.5,133,67,0.6466165413533834,0.2932330827067669,0.7894736842105263,1.059120601734292,2.801702205493396,1.7425816037591042,0.02898492970212799,0.0796882956657903,0.023194827400008056,0.02898492970212799,0.247540765418823,0.3755535520177706,1.6505339158841115,0.1501552501499902,1.5708456202183212,0.0704669544841999,1
126,0,0.8,133,107,0.6466165413533834,0.5112781954887218,0.706766917293233,1.8248003973254134,2.511271938200212,0.6864715408747986,0.02898492970212799,0.0796882956657903,0.023194827400008056,0.02898492970212799,0.2761094975566312,0.4216914346431496,1.6505339158841115,0.10235500529004449,1.5708456202183212,0.022666709624254183,1
126,1,0.8,133,107,0.6466165413533834,0.49624060150375937,0.6917293233082706,1.771994894181198,2.4584664350559966,0.6864715408747986,0.02898492970212799,0.0796882956657903,0.023194827400008056,0.02898492970212799,0.26970675718219567,0.41131989569262556,1.6505339158841115,0.11217592760440853,1.5708456202183212,0.03248763193861823,1
126,2,0.8,133,107,0.6466165413533834,0.48872180451127817,0.6842105263157895,1.7455921426090903,2.432063683483889,0.6864715408747986,0.02898492970212799,0.0796882956657903,0.023194827400008056,0.02898492970212799,0.2665183557621168,0.4061618603702763,1.6505339158841115,0.11725303075765048,1.5708456202183212,0.037564735091860174,1
126,3,0.8,133,107,0.6466165413533834,0.5112781954887218,0.706766917293233,1.8248003973254134,2.511271938200212,0.6864715408747986,0.02898492970212799,0.0796882956657903,0.023194827400008056,0.02898492970212799,0.2761094975566312,0.4216914346431496,1.6505339158841115,0.10235500529004449,1.5708456202183212,0.022666709624254183,1
126,4,0.8,133,107,0.6466165413533834,0.5263157894736842,0.7218045112781954,1.8776059004696286,2.564077441344427,0.6864715408747983,0.02898492970212799,0.0796882956657903,0.023194827400008056,0.02898492970212799,0.2825500988531634,0.43214252538409137,1.6505339158841115,0.09296948920687564,1.5708456202183212,0.01328119354108534,1
126,0,0.95,133,127,0.6466165413533834,0.6165413533834586,0.6616541353383458,2.19443891933492,2.352855428767566,0.15841650943264574,0.02898492970212799,0.0796882956657903,0.023194827400008056,0.02898492970212799,0.2890327146571184,0.4426803185508643,1.6505339158841115,0.08401031270302017,1.5708456202183212,0.004322017037229869,1
126,1,0.95,133,127,0.6466165413533834,0.6165413533834586,0.6616541353383458,2.19443891933492,2.352855428767566,0.15841650943264574,0.02898492970212799,0.0796882956657903,0.023194827400008056,0.02898492970212799,0.2890327146571184,0.4426803185508643,1.6505339158841115,0.08401031270302017,1.5708456202183212,0.004322017037229869,1
126,2,0.95,133,127,0.6466165413533834,0.6165413533834586,0.6616541353383458,2.19443891933492,2.352855428767566,0.15841650943264574,0.02898492970212799,0.0796882956657903,0.023194827400008056,0.02898492970212799,0.2890327146571184,0.4426803185508643,1.6505339158841115,0.08401031270302017,1.5708456202183212,0.004322017037229869,1
126,3,0.95,133,127,0.6466165413533834,0.6240601503759399,0.6691729323308271,2.2208416709070278,2.379258180339674,0.15841650943264618,0.02898492970212799,0.0796882956657903,0.023194827400008056,0.02898492970212799,0.2922911540693231,0.44798411707875874,1.6505339158841115,0.07968829566579363,1.5708456202183212,3.3306690738754696e-15,1
126,4,0.95,133,127,0.6466165413533834,0.6015037593984962,0.6466165413533834,2.1416334161907047,2.300049925623351,0.15841650943264618,0.02898492970212799,0.0796882956657903,0.023194827400008056,0.02898492970212799,0.2825500988531634,0.43214252538409137,1.6505339158841115,0.09296948920687564,1.5708456202183212,0.01328119354108534,1
127,0,0.5,100,50,0.48,0.23,0.73,0.837073461012867,2.5928564405580246,1.7557829795451576,0.02898492970212799,0.04495682803000508,0.023194827400008056,0.02898492970212799,0.22203025262920645,0.33466181129642214,1.022617983695484,0.04495682803000722,0.977661155665479,2.1441182163073336e-15,1
127,1,0.5,100,50,0.48,0.2,0.7,0.7317264822401576,2.487509461785315,1.7557829795451574,0.02898492970212799,0.04495682803000508,0.023194827400008056,0.02898492970212799,0.2096252496136923,0.31488526211283757,1.022617983695484,0.05896342689466039,0.977661155665479,0.014006598864655308,1
127,2,0.5,100,50,0.48,0.23,0.73,0.837073461012867,2.5928564405580246,1.7557829795451576,0.02898492970212799,0.04495682803000508,0.023194827400008056,0.02898492970212799,0.22203025262920645,0.33466181129642214,1.022617983695484,0.04495682803000722,0.977661155665479,2.1441182163073336e-15,1
127,3,0.5,100,50,0.48,0.24,0.74,0.8721891206037702,2.6279721001489276,1.7557829795451574,0.02898492970212799,0.04495682803000508,0.023194827400008056,0.02898492970212799,0.2261723165993755,0.34128118192298124,1.022617983695484,0.04673047046394063,0.977661155665479,0.001773642433935553,1
127,4,0.5,100,50,0.48,0.24,0.74,0.8721891206037702,2.6279721001489276,1.7557829795451574,0.02898492970212799,0.04495682803000508,0.023194827400008056,0.02898492970212799,0.2261723165993755,0.34128118192298124,1.022617983695484,0.04673047046394063,0.977661155665479,0.001773642433935553,1
127,0,0.8,100,80,0.48,0.39,0.59,1.3989240144673174,2.10123720628538,0.7023131918180627,0.02898492970212799,0.04495682803000508,0.023194827400008056,0.02898492970212799,0.22617231659937534,0.34128118192298157,1.022617983695484,0.04673047046394056,0.977661155665479,0.0017736424339354837,1
127,1,0.8,100,80,0.48,0.39,0.59,1.3989240144673174,2.10123720628538,0.7023131918180627,0.02898492970212799,0.04495682803000508,0.023194827400008056,0.02898492970212799,0.22617231659937534,0.34128118192298157,1.022617983695484,0.04673047046394056,0.977661155665479,0.0017736424339354837,1
127,2,0.8,100,80,0.48,0.39,0.59,1.3989240144673174,2.10123720628538,0.7023131918180627,0.02898492970212799,0.04495682803000508,0.023194827400008056,0.02898492970212799,0.22617231659937534,0.34128118192298157,1.022617983695484,0.04673047046394056,0.977661155665479,0.0017736424339354837,1
127,3,0.8,100,80,0.48,0.37,0.57,1.3286926952855111,2.0310058871035737,0.7023131918180625,0.02898492970212799,0.04495682803000508,0.023194827400008056,0.02898492970212799,0.21789229298489457,0.3280569155342149,1.022617983695484,0.0493882026432948,0.977661155665479,0.004431374613289719,1
127,4,0.8,100,80,0.48,0.34,0.54,1.2233457165128017,1.9256589083308646,0.702313191818063,0.02898492970212799,0.04495682803000508,0.023194827400008056,0.02898492970212799,0.20549445576095238,0.3083159038658082,1.022617983695484,0.0641210923423069,0.977661155665479,0.019164264312301817,1
127,0,0.95,100,95,0.48,0.45,0.5,1.6096179720127364,1.7851962699672521,0.17557829795451574,0.02898492970212799,0.04495682803000508,0.023194827400008056,0.02898492970212799,0.21996081366501533,0.33135763742443053,1.022617983695484,0.04714349071205404,0.977661155665479,0.002186662682048958,1
127,1,0.95,100,95,0.48,0.45,0.5,1.6096179720127364,1.7851962699672521,0.17557829795451574,0.02898492970212799,0.04495682803000508,0.023194827400008056,0.02898492970212799,0.21996081366501533,0.33135763742443053,1.022617983695484,0.04714349071205404,0.977661155665479,0.002186662682048958,1
127,2,0.95,100,95,0.48,0.45,0.5,1.6096179720127364,1.7851962699672521,0.17557829795451574,0.02898492970212799,0.04495682803000508,0.023194827400008056,0.02898492970212799,0.21996081366501533,0.33135763742443053,1.022617983695484,0.04714349071205404,0.977661155665479,0.002186662682048958,1
127,3,0.95,100,95,0.48,0.45,0.5,1.6096179720127364,1.7851962699672521,0.17557829795451574,0.02898492970212799,0.04495682803000508,0.023194827400008056,0.02898492970212799,0.21996081366501533,0.33135763742443053,1.022617983695484,0.04714349071205404,0.977661155665479,0.002186662682048958,1
127,4,0.95,100,95,0.48,0.47,0.52,1.6798492911945424,1.8554275891490584,0.17557829795451596,0.02898492970212799,0.04495682803000508,0.023194827400008056,0.02898492970212799,0.22824515830684206,0.3445967157321582,1.022617983695484,0.04763094912437855,0.977661155665479,0.002674121094373469,1
128,0,0.5,103,52,0.46601941747572817,0.23300970873786409,0.7281553398058253,0.8476422517635271,2.5863787946140713,1.7387365428505441,0.02898492970212799,0.04253745150447275,0.023194827400008056,0.02898492970212799,0.22227141697639616,0.33504699572715463,0.9750351735293499,0.04505915446516704,0.9324977220248771,0.0025217029606942887,1
128,1,0.5,103,52,0.46601941747572817,0.1941747572815534,0.6893203883495146,0.7112707582066218,2.450007301057166,1.7387365428505444,0.02898492970212799,0.04253745150447275,0.023194827400008056,0.02898492970212799,0.20621626892417871,0.3094632427933938,0.9750351735293499,0.05349114542698774,0.9324977220248771,0.010953693922514988,1
128,2,0.5,103,52,0.46601941747572817,0.24271844660194175,0.7378640776699029,0.8817351251527535,2.620471668003298,1.7387365428505444,0.02898492970212799,0.04253745150447275,0.023194827400008056,0.02898492970212799,0.2262930295204893,0.3414742096735369,0.9750351735293499,0.04678267461915125,0.9324977220248771,0.004245223114678495,1
128,3,0.5,103,52,0.46601941747572817,0.27184466019417475,0.7669902912621359,0.9840137453204326,2.722750288170977,1.7387365428505444,0.02898492970212799,0.04253745150447275,0.023194827400008056,0.02898492970212799,0.23838934289862856,0.36085062450358746,0.9750351735293499,0.052161691949667334,0.9324977220248771,0.009624240445194582,1
128,4,0.5,103,52,0.46601941747572817,0.2524271844660194,0.7475728155339806,0.9158279985419798,2.6545645413925243,1.7387365428505444,0.02898492970212799,0.04253745150447275,0.023194827400008056,0.02898492970212799,0.2303193518490982,0.3479163758712702,0.9750351735293499,0.04854061679920672,0.9324977220248771,0.006003165294733971,1
128,0,0.8,103,83,0.46601941747572817,0.36893203883495146,0.5631067961165048,1.324942479212696,2.0067999469972233,0.6818574677845273,0.02898492970212799,0.04253745150447275,0.023194827400008056,0.02898492970212799,0.21624609451932114,0.3254315143158264,0.9750351735293499,0.042537451504474744,0.9324977220248771,1.9914625504213745e-15,1
128,1,0.8,103,83,0.46601941747572817,0.36893203883495146,0.5631067961165048,1.324942479212696,2.0067999469972233,0.6818574677845273,0.02898492970212799,0.04253745150447275,0.023194827400008056,0.02898492970212799,0.21624609451932114,0.3254315143158264,0.9750351735293499,0.042537451504474744,0.9324977220248771,1.9914625504213745e-15,1
128,2,0.8,103,83,0.46601941747572817,0.3592233009708738,0.5533980582524272,1.29084960582347,1.9727070736079968,0.6818574677845268,0.02898492970212799,0.04253745150447275,0.023194827400008056,0.02898492970212799,0.2122327966459095,0.3190363207083678,0.9750351735293499,0.046748062931010415,0.9324977220248771,0.004210611426537662,1
128,3,0.8,103,83,0.46601941747572817,0.36893203883495146,0.5631067961165048,1.324942479212696,2.0067999469972233,0.6818574677845273,0.02898492970212799,0.04253745150447275,0.023194827400008056,0.02898492970212799,0.21624609451932114,0.3254315143158264,0.9750351735293499,0.042537451504474744,0.9324977220248771,1.9914625504213745e-15,1
128,4,0.8,103,83,0.46601941747572817,0.3883495145631068,0.5825242718446602,1.393128225991149,2.074985693775676,0.6818574677845268,0.02898492970212799,0.04253745150447275,0.023194827400008056,0.02898492970212799,0.22428168429497483,0.3382588113597953,0.9750351735293499,0.04591664022429126,0.9324977220248771,0.0033791887198185086,1
128,0,0.95,103,98,0.46601941747572817,0.42718446601941745,0.47572815533980584,1.5294997195480542,1.6999640864941863,0.1704643669461321,0.02898492970212799,0.04253745150447275,0.023194827400008056,0.02898492970212799,0.21022692920532737,0.31584281411132603,0.9750351735293499,0.048938004379923905,0.9324977220248771,0.006400552875451153,1
128,1,0.95,103,98,0.46601941747572817,0.4368932038834951,0.4854368932038835,1.5635925929372805,1.7340569598834126,0.1704643669461321,0.02898492970212799,0.04253745150447275,0.023194827400008056,0.02898492970212799,0.2142391525078107,0.3222325046290803,0.9750351735293499,0.044614799005733285,0.9324977220248771,0.0020773475012605333,1
128,2,0.95,103,98,0.46601941747572817,0.4368932038834951,0.4854368932038835,1.5635925929372805,1.7340569598834126,0.1704643669461321,0.02898492970212799,0.04253745150447275,0.023194827400008056,0.02898492970212799,0.2142391525078107,0.3222325046290803,0.9750351735293499,0.044614799005733285,0.9324977220248771,0.0020773475012605333,1
128,3,0.95,103,98,0.46601941747572817,0.4368932038834951,0.4854368932038835,1.5635925929372805,1.7340569598834126,0.1704643669461321,0.02898492970212799,0.04253745150447275,0.023194827400008056,0.02898492970212799,0.2142391525078107,0.3222325046290803,0.9750351735293499,0.044614799005733285,0.9324977220248771,0.0020773475012605333,1
128,4,0.95,103,98,0.46601941747572817,0.46601941747572817,0.5145631067961165,1.6658712131049598,1.8363355800510917,0.17046436694613187,0.02898492970212799,0.04253745150447275,0.023194827400008056,0.02898492970212799,0.2262930295204893,0.3414742096735369,0.9750351735293499,0.04678267461915125,0.9324977220248771,0.004245223114678495,1
